policy,cache_size,lambda,prefill_top_n,tps,tps_std,cache_hit_rate
LRU,8,0.0,,7.385605037957993,0.1279,43.91
LRU,16,0.0,,8.53215904651815,0.1679,58.71
LRU,32,0.0,,10.671918390209639,0.2706,75.33
LRU,48,0.0,,13.22752186542238,0.4007,86.01
LRU,64,0.0,,16.026862196802686,0.5057,94.03
MRU,8,0.0,,7.352975499353025,0.1251,43.92
MRU,16,0.0,,7.479685307063923,0.1216,47.11
MRU,32,0.0,,8.058040722577864,0.1308,53.98
MRU,48,0.0,,8.620686997135433,0.1546,61.43
MRU,64,0.0,,9.31999121389597,0.1959,68.84
LFU,8,0.0,,7.3638237017900146,0.1244,43.96
LFU,16,0.0,,8.431771458561288,0.1481,60.01
LFU,32,0.0,,10.100905780515683,0.2346,75.05
LFU,48,0.0,,12.150853276974743,0.2993,85.59
LFU,64,0.0,,14.836202983806587,0.4741,92.75
MFU,8,0.0,,7.352934611685667,0.1209,43.91
MFU,16,0.0,,7.60466945945318,0.1265,47.81
MFU,32,0.0,,8.077742283149881,0.2308,55.37
MFU,48,0.0,,8.825971335369232,0.1709,62.47
MFU,64,0.0,,9.587987316335509,0.1948,69.78
RANDOM,8,0.0,,7.315268613150577,0.1309,43.92
RANDOM,16,0.0,,8.347322904353218,0.166,56.71
RANDOM,32,0.0,,9.99003085194272,0.2698,72.83
RANDOM,48,0.0,,12.063549151924613,0.3567,83.58
RANDOM,64,0.0,,14.28674484343939,0.4391,91.35
LFRU,8,0.0,,7.380209959529787,0.1257,43.92
LFRU,16,0.0,,8.688165535185938,0.1895,60.79
LFRU,32,0.0,,10.811027094540675,0.2623,76.95
LFRU,48,0.0,,13.53185996748903,0.4623,86.97
LFRU,64,0.0,,16.368274587848408,0.5672,93.76
PREFILL,8,0.0,2,7.214816975367237,0.3044,42.6
PREFILL,16,0.0,4,8.539872451630385,0.1705,59.65
PREFILL,32,0.0,8,10.706336331081989,0.2803,76.06
PREFILL,48,0.0,12,13.22838926354724,0.4262,86.25
PREFILL,64,0.0,16,16.103198484770036,0.4998,93.93
