question,label,backend,cache_size,lambda_val,forced_top_n,forced_top_p,lookahead,prefetch_budget,mode_perplexity,mode_generate,gen_perplexity,tokens_per_second,cache_hits,cache_misses,hit_rate_pct,pred_hits,pred_total,pred_hit_rate_pct,stall_loads,prefetch_loads,avg_ms_per_expert_load,run_id,row_timestamp,prompt_hash,config_id,run_iter
CUSTOM_1_16_NO_PPL,Neither (LRU),cached,20,0.0,0,-1.0,1,,False,True,,4.5208587097583335,18950.0,11386.0,62.47,,,,,,,20260423_222914_8eb89eb6,2026-04-23 22:39:21,1bddb00e32d7,0,0
CUSTOM_1_16_NO_PPL,Prefetch Only B=5,predict,20,0.0,6,-1.0,1,5.0,False,True,,6.814481807786377,336.0,296.0,53.16,2546.0,3744.0,68.0,8468.0,4007.0,0.8324472945891782,20260423_222914_8eb89eb6,2026-04-23 22:47:04,1bddb00e32d7,1,0
CUSTOM_1_16_NO_PPL,Prefetch Only B=10,predict,20,0.0,6,-1.0,1,10.0,False,True,,7.054595451754186,368.0,264.0,58.23,3075.0,3744.0,82.13,6415.0,10469.0,0.9592341862117981,20260423_222914_8eb89eb6,2026-04-23 22:54:42,1bddb00e32d7,2,0
CUSTOM_1_16_NO_PPL,Prefetch Only B=15,predict,20,0.0,6,-1.0,1,15.0,False,True,,6.671091920437839,395.0,237.0,62.5,3324.0,3744.0,88.78,5434.0,20089.0,1.1302597657015243,20260423_222914_8eb89eb6,2026-04-23 23:02:41,1bddb00e32d7,3,0
CUSTOM_1_16_NO_PPL,Prefetch Only B=20,predict,20,0.0,6,-1.0,1,20.0,False,True,,4.928535751789948,399.0,233.0,63.13,3469.0,3744.0,92.65,5561.0,45756.0,1.5429477561042149,20260423_222914_8eb89eb6,2026-04-23 23:12:04,1bddb00e32d7,4,0
CUSTOM_1_16_NO_PPL,Neither (LRU),cached,20,0.0,0,-1.0,2,,False,True,,4.505463532723519,18950.0,11386.0,62.47,,,,,,,20260423_222914_8eb89eb6,2026-04-23 23:22:14,1bddb00e32d7,5,0
CUSTOM_1_16_NO_PPL,Prefetch Only B=5,predict,20,0.0,6,-1.0,2,5.0,False,True,,6.659980248475828,261.0,371.0,41.3,2287.0,3744.0,61.08,9415.0,2328.0,0.7798058417780805,20260423_222914_8eb89eb6,2026-04-23 23:30:02,1bddb00e32d7,6,0
CUSTOM_1_16_NO_PPL,Prefetch Only B=10,predict,20,0.0,6,-1.0,2,10.0,False,True,,7.050000128433789,310.0,322.0,49.05,2848.0,3744.0,76.07,7717.0,6364.0,0.8742291030466582,20260423_222914_8eb89eb6,2026-04-23 23:37:40,1bddb00e32d7,7,0
CUSTOM_1_16_NO_PPL,Prefetch Only B=15,predict,20,0.0,6,-1.0,2,15.0,False,True,,6.920447241349555,335.0,297.0,53.01,3157.0,3744.0,84.32,6739.0,13065.0,1.0417395475661484,20260423_222914_8eb89eb6,2026-04-23 23:45:31,1bddb00e32d7,8,0
CUSTOM_1_16_NO_PPL,Prefetch Only B=20,predict,20,0.0,6,-1.0,2,20.0,False,True,,5.896271589753138,346.0,286.0,54.75,3361.0,3744.0,89.77,6636.0,25331.0,1.4204792442206022,20260423_222914_8eb89eb6,2026-04-23 23:53:59,1bddb00e32d7,9,0
CUSTOM_1_16_NO_PPL,Neither (LRU),cached,20,0.0,0,-1.0,4,,False,True,,4.512692741327998,18950.0,11386.0,62.47,,,,,,,20260423_222914_8eb89eb6,2026-04-24 00:04:08,1bddb00e32d7,10,0
CUSTOM_1_16_NO_PPL,Prefetch Only B=5,predict,20,0.0,6,-1.0,4,5.0,False,True,,6.5363255467198105,238.0,394.0,37.66,1873.0,3744.0,50.03,10145.0,1295.0,0.7443452797202796,20260423_222914_8eb89eb6,2026-04-24 00:12:01,1bddb00e32d7,11,0
CUSTOM_1_16_NO_PPL,Prefetch Only B=10,predict,20,0.0,6,-1.0,4,10.0,False,True,,6.809742305784569,265.0,367.0,41.93,2497.0,3744.0,66.69,8994.0,3791.0,0.8070723504106377,20260423_222914_8eb89eb6,2026-04-24 00:19:46,1bddb00e32d7,12,0
CUSTOM_1_16_NO_PPL,Prefetch Only B=15,predict,20,0.0,6,-1.0,4,15.0,False,True,,6.8351461046584845,283.0,349.0,44.78,2854.0,3744.0,76.23,8151.0,7289.0,0.9041191709844562,20260423_222914_8eb89eb6,2026-04-24 00:27:34,1bddb00e32d7,13,0
CUSTOM_1_16_NO_PPL,Prefetch Only B=20,predict,20,0.0,6,-1.0,4,20.0,False,True,,6.395899886979934,294.0,338.0,46.52,3083.0,3744.0,82.35,8068.0,13173.0,1.1492100183607177,20260423_222914_8eb89eb6,2026-04-24 00:35:42,1bddb00e32d7,14,0
CUSTOM_1_16_NO_PPL,Neither (LRU),cached,20,0.0,0,-1.0,6,,False,True,,4.51172843730333,18950.0,11386.0,62.47,,,,,,,20260423_222914_8eb89eb6,2026-04-24 00:45:52,1bddb00e32d7,15,0
CUSTOM_1_16_NO_PPL,Prefetch Only B=5,predict,20,0.0,6,-1.0,6,5.0,False,True,,6.420468667808011,210.0,422.0,33.23,1687.0,3744.0,45.06,10558.0,938.0,0.7338491649269311,20260423_222914_8eb89eb6,2026-04-24 00:53:51,1bddb00e32d7,16,0
CUSTOM_1_16_NO_PPL,Prefetch Only B=10,predict,20,0.0,6,-1.0,6,10.0,False,True,,6.483212166836565,219.0,413.0,34.65,2259.0,3744.0,60.34,9759.0,2726.0,0.7783179815778936,20260423_222914_8eb89eb6,2026-04-24 01:01:48,1bddb00e32d7,17,0
CUSTOM_1_16_NO_PPL,Prefetch Only B=15,predict,20,0.0,6,-1.0,6,15.0,False,True,,6.642137488584298,222.0,410.0,35.13,2596.0,3744.0,69.34,9415.0,5151.0,0.8503981875600715,20260423_222914_8eb89eb6,2026-04-24 01:09:43,1bddb00e32d7,18,0
CUSTOM_1_16_NO_PPL,Prefetch Only B=20,predict,20,0.0,6,-1.0,6,20.0,False,True,,6.299344775053586,228.0,404.0,36.08,2881.0,3744.0,76.95,9585.0,9174.0,1.0181209019670558,20260423_222914_8eb89eb6,2026-04-24 01:17:54,1bddb00e32d7,19,0
CUSTOM_1_16_NO_PPL,Neither (LRU),cached,20,0.0,0,-1.0,8,,False,True,,4.515740541723228,18950.0,11386.0,62.47,,,,,,,20260423_222914_8eb89eb6,2026-04-24 01:28:01,1bddb00e32d7,20,0
CUSTOM_1_16_NO_PPL,Prefetch Only B=5,predict,20,0.0,6,-1.0,8,5.0,False,True,,6.407994529553992,206.0,426.0,32.59,1589.0,3744.0,42.44,10681.0,716.0,0.7278906729841187,20260423_222914_8eb89eb6,2026-04-24 01:35:59,1bddb00e32d7,21,0
CUSTOM_1_16_NO_PPL,Prefetch Only B=10,predict,20,0.0,6,-1.0,8,10.0,False,True,,6.531599127870435,216.0,416.0,34.18,2135.0,3744.0,57.02,10118.0,1965.0,0.7569171563353473,20260423_222914_8eb89eb6,2026-04-24 01:43:55,1bddb00e32d7,22,0
CUSTOM_1_16_NO_PPL,Prefetch Only B=15,predict,20,0.0,6,-1.0,8,15.0,False,True,,6.542584023138054,228.0,404.0,36.08,2518.0,3744.0,67.25,9767.0,3695.0,0.8232981726340811,20260423_222914_8eb89eb6,2026-04-24 01:51:53,1bddb00e32d7,23,0
CUSTOM_1_16_NO_PPL,Prefetch Only B=20,predict,20,0.0,6,-1.0,8,20.0,False,True,,6.249848741882654,230.0,402.0,36.39,2801.0,3744.0,74.81,9824.0,6590.0,0.9787297429024006,20260423_222914_8eb89eb6,2026-04-24 02:00:08,1bddb00e32d7,24,0
CUSTOM_1_16_NO_PPL,Neither (LRU),cached,20,0.0,0,-1.0,12,,False,True,,4.513758741394836,18950.0,11386.0,62.47,,,,,,,20260423_222914_8eb89eb6,2026-04-24 02:10:18,1bddb00e32d7,25,0
CUSTOM_1_16_NO_PPL,Prefetch Only B=5,predict,20,0.0,6,-1.0,12,5.0,False,True,,6.377691917347538,203.0,429.0,32.12,1549.0,3744.0,41.37,10892.0,496.0,0.720992272567615,20260423_222914_8eb89eb6,2026-04-24 02:18:16,1bddb00e32d7,26,0
CUSTOM_1_16_NO_PPL,Prefetch Only B=10,predict,20,0.0,6,-1.0,12,10.0,False,True,,6.234756219337128,205.0,427.0,32.44,2061.0,3744.0,55.05,10503.0,1367.0,0.7350741364785172,20260423_222914_8eb89eb6,2026-04-24 02:26:21,1bddb00e32d7,27,0
CUSTOM_1_16_NO_PPL,Prefetch Only B=15,predict,20,0.0,6,-1.0,12,15.0,False,True,,6.2931708154564685,209.0,423.0,33.07,2438.0,3744.0,65.12,10363.0,2516.0,0.7755268266169734,20260423_222914_8eb89eb6,2026-04-24 02:34:23,1bddb00e32d7,28,0
CUSTOM_1_16_NO_PPL,Prefetch Only B=20,predict,20,0.0,6,-1.0,12,20.0,False,True,,6.11235015482345,209.0,423.0,33.07,2696.0,3744.0,72.01,10485.0,4547.0,0.9040713145290048,20260423_222914_8eb89eb6,2026-04-24 02:42:35,1bddb00e32d7,29,0
CUSTOM_1_16_NO_PPL,Neither (LRU),cached,20,0.0,0,-1.0,16,,False,True,,4.52393181186736,18950.0,11386.0,62.47,,,,,,,20260423_222914_8eb89eb6,2026-04-24 02:52:34,1bddb00e32d7,30,0
CUSTOM_1_16_NO_PPL,Prefetch Only B=5,predict,20,0.0,6,-1.0,16,5.0,False,True,,6.222765686585247,199.0,433.0,31.49,1458.0,3744.0,38.94,11073.0,322.0,0.7049635805177709,20260423_222914_8eb89eb6,2026-04-24 03:00:33,1bddb00e32d7,31,0
CUSTOM_1_16_NO_PPL,Prefetch Only B=10,predict,20,0.0,6,-1.0,16,10.0,False,True,,6.279409750668,197.0,435.0,31.17,1992.0,3744.0,53.21,10834.0,868.0,0.722556827892668,20260423_222914_8eb89eb6,2026-04-24 03:08:33,1bddb00e32d7,32,0
CUSTOM_1_16_NO_PPL,Prefetch Only B=15,predict,20,0.0,6,-1.0,16,15.0,False,True,,6.23052636510214,203.0,429.0,32.12,2374.0,3744.0,63.41,10672.0,1654.0,0.7763256530910272,20260423_222914_8eb89eb6,2026-04-24 03:16:37,1bddb00e32d7,33,0
CUSTOM_1_16_NO_PPL,Prefetch Only B=20,predict,20,0.0,6,-1.0,16,20.0,False,True,,6.016809241341787,205.0,427.0,32.44,2673.0,3744.0,71.39,10702.0,3266.0,0.8837106242840779,20260423_222914_8eb89eb6,2026-04-24 03:24:54,1bddb00e32d7,34,0
CUSTOM_1_16_NO_PPL,Neither (LRU),cached,32,0.0,0,-1.0,1,,False,True,,6.10159914418729,23449.0,6887.0,77.3,,,,,,,20260423_222914_8eb89eb6,2026-04-24 03:33:19,1bddb00e32d7,35,0
CUSTOM_1_16_NO_PPL,Prefetch Only B=8,predict,32,0.0,6,-1.0,1,8.0,False,True,,8.319617998011342,401.0,231.0,63.45,2943.0,3744.0,78.61,4770.0,4660.0,0.9075885471898198,20260423_222914_8eb89eb6,2026-04-24 03:40:12,1bddb00e32d7,36,0
CUSTOM_1_16_NO_PPL,Prefetch Only B=16,predict,32,0.0,6,-1.0,1,16.0,False,True,,8.035263065125154,458.0,174.0,72.47,3343.0,3744.0,89.29,3577.0,13513.0,1.1890514921006434,20260423_222914_8eb89eb6,2026-04-24 03:47:20,1bddb00e32d7,37,0
CUSTOM_1_16_NO_PPL,Prefetch Only B=24,predict,32,0.0,6,-1.0,1,24.0,False,True,,6.668788279160684,466.0,166.0,73.73,3536.0,3744.0,94.44,2917.0,26840.0,1.5764794838189338,20260423_222914_8eb89eb6,2026-04-24 03:55:10,1bddb00e32d7,38,0
CUSTOM_1_16_NO_PPL,Prefetch Only B=32,predict,32,0.0,6,-1.0,1,32.0,False,True,,4.295562138110092,460.0,172.0,72.78,3601.0,3744.0,96.18,2995.0,63304.0,2.849980542692951,20260423_222914_8eb89eb6,2026-04-24 04:05:18,1bddb00e32d7,39,0
CUSTOM_1_16_NO_PPL,Neither (LRU),cached,32,0.0,0,-1.0,2,,False,True,,6.095851328498379,23449.0,6887.0,77.3,,,,,,,20260423_222914_8eb89eb6,2026-04-24 04:13:46,1bddb00e32d7,40,0
CUSTOM_1_16_NO_PPL,Prefetch Only B=8,predict,32,0.0,6,-1.0,2,8.0,False,True,,8.30533500522026,342.0,290.0,54.11,2690.0,3744.0,71.85,5369.0,2423.0,0.8374704825462014,20260423_222914_8eb89eb6,2026-04-24 04:20:39,1bddb00e32d7,41,0
CUSTOM_1_16_NO_PPL,Prefetch Only B=16,predict,32,0.0,6,-1.0,2,16.0,False,True,,8.638969147672869,383.0,249.0,60.6,3200.0,3744.0,85.47,4420.0,7510.0,1.0535347862531432,20260423_222914_8eb89eb6,2026-04-24 04:27:32,1bddb00e32d7,42,0
CUSTOM_1_16_NO_PPL,Prefetch Only B=24,predict,32,0.0,6,-1.0,2,24.0,False,True,,7.861369620471998,413.0,219.0,65.35,3439.0,3744.0,91.85,3634.0,15582.0,1.4128132805995002,20260423_222914_8eb89eb6,2026-04-24 04:34:45,1bddb00e32d7,43,0
CUSTOM_1_16_NO_PPL,Prefetch Only B=32,predict,32,0.0,6,-1.0,2,32.0,False,True,,5.949046704343561,425.0,207.0,67.25,3543.0,3744.0,94.63,3442.0,35059.0,2.5550245448170172,20260423_222914_8eb89eb6,2026-04-24 04:43:10,1bddb00e32d7,44,0
CUSTOM_1_16_NO_PPL,Neither (LRU),cached,32,0.0,0,-1.0,4,,False,True,,6.101423742485018,23449.0,6887.0,77.3,,,,,,,20260423_222914_8eb89eb6,2026-04-24 04:51:37,1bddb00e32d7,45,0
CUSTOM_1_16_NO_PPL,Prefetch Only B=8,predict,32,0.0,6,-1.0,4,8.0,False,True,,8.322761353865387,311.0,321.0,49.21,2297.0,3744.0,61.35,5918.0,1219.0,0.7660907944514502,20260423_222914_8eb89eb6,2026-04-24 04:58:31,1bddb00e32d7,46,0
CUSTOM_1_16_NO_PPL,Prefetch Only B=16,predict,32,0.0,6,-1.0,4,16.0,False,True,,8.79129962594582,357.0,275.0,56.49,2918.0,3744.0,77.94,5144.0,3667.0,0.9275394393371917,20260423_222914_8eb89eb6,2026-04-24 05:05:18,1bddb00e32d7,47,0
CUSTOM_1_16_NO_PPL,Prefetch Only B=24,predict,32,0.0,6,-1.0,4,24.0,False,True,,8.748961027156327,381.0,251.0,60.28,3217.0,3744.0,85.92,4607.0,8268.0,1.1807720388349514,20260423_222914_8eb89eb6,2026-04-24 05:12:11,1bddb00e32d7,48,0
CUSTOM_1_16_NO_PPL,Prefetch Only B=32,predict,32,0.0,6,-1.0,4,32.0,False,True,,7.309774786846598,386.0,246.0,61.08,3402.0,3744.0,90.87,4358.0,18365.0,2.063326585398055,20260423_222914_8eb89eb6,2026-04-24 05:19:44,1bddb00e32d7,49,0
CUSTOM_1_16_NO_PPL,Neither (LRU),cached,32,0.0,0,-1.0,6,,False,True,,6.110669756066473,23449.0,6887.0,77.3,,,,,,,20260423_222914_8eb89eb6,2026-04-24 05:28:11,1bddb00e32d7,50,0
CUSTOM_1_16_NO_PPL,Prefetch Only B=8,predict,32,0.0,6,-1.0,6,8.0,False,True,,8.28484658876445,275.0,357.0,43.51,2055.0,3744.0,54.89,6128.0,922.0,0.7502893617021276,20260423_222914_8eb89eb6,2026-04-24 05:35:04,1bddb00e32d7,51,0
CUSTOM_1_16_NO_PPL,Prefetch Only B=16,predict,32,0.0,6,-1.0,6,16.0,False,True,,8.475081627993491,299.0,333.0,47.31,2664.0,3744.0,71.15,5527.0,2719.0,0.8381494057724959,20260423_222914_8eb89eb6,2026-04-24 05:41:58,1bddb00e32d7,52,0
CUSTOM_1_16_NO_PPL,Prefetch Only B=24,predict,32,0.0,6,-1.0,6,24.0,False,True,,8.668945823816035,307.0,325.0,48.58,3071.0,3744.0,82.02,5151.0,6018.0,1.1557462619751093,20260423_222914_8eb89eb6,2026-04-24 05:48:52,1bddb00e32d7,53,0
CUSTOM_1_16_NO_PPL,Prefetch Only B=32,predict,32,0.0,6,-1.0,6,32.0,False,True,,7.686721662492624,311.0,321.0,49.21,3317.0,3744.0,88.6,5109.0,12702.0,1.8400443546123186,20260423_222914_8eb89eb6,2026-04-24 05:56:16,1bddb00e32d7,54,0
CUSTOM_1_16_NO_PPL,Neither (LRU),cached,32,0.0,0,-1.0,8,,False,True,,6.095738139802051,23449.0,6887.0,77.3,,,,,,,20260423_222914_8eb89eb6,2026-04-24 06:04:44,1bddb00e32d7,55,0
CUSTOM_1_16_NO_PPL,Prefetch Only B=8,predict,32,0.0,6,-1.0,8,8.0,False,True,,8.243775783697517,274.0,358.0,43.35,1944.0,3744.0,51.92,6197.0,730.0,0.7420932582647611,20260423_222914_8eb89eb6,2026-04-24 06:11:39,1bddb00e32d7,56,0
CUSTOM_1_16_NO_PPL,Prefetch Only B=16,predict,32,0.0,6,-1.0,8,16.0,False,True,,8.57304527588472,302.0,330.0,47.78,2566.0,3744.0,68.54,5634.0,2051.0,0.8107742355237475,20260423_222914_8eb89eb6,2026-04-24 06:18:31,1bddb00e32d7,57,0
CUSTOM_1_16_NO_PPL,Prefetch Only B=24,predict,32,0.0,6,-1.0,8,24.0,False,True,,8.691857233371922,302.0,330.0,47.78,2977.0,3744.0,79.51,5382.0,4361.0,1.0086482602894387,20260423_222914_8eb89eb6,2026-04-24 06:25:27,1bddb00e32d7,58,0
CUSTOM_1_16_NO_PPL,Prefetch Only B=32,predict,32,0.0,6,-1.0,8,32.0,False,True,,7.914368527263119,306.0,326.0,48.42,3284.0,3744.0,87.71,5317.0,8863.0,1.5930543018335683,20260423_222914_8eb89eb6,2026-04-24 06:32:44,1bddb00e32d7,59,0
CUSTOM_1_16_NO_PPL,Neither (LRU),cached,32,0.0,0,-1.0,12,,False,True,,6.071710087271503,23449.0,6887.0,77.3,,,,,,,20260423_222914_8eb89eb6,2026-04-24 06:41:14,1bddb00e32d7,60,0
CUSTOM_1_16_NO_PPL,Prefetch Only B=8,predict,32,0.0,6,-1.0,12,8.0,False,True,,7.943144953741311,261.0,371.0,41.3,1873.0,3744.0,50.03,6395.0,486.0,0.7237596279610521,20260423_222914_8eb89eb6,2026-04-24 06:48:18,1bddb00e32d7,61,0
CUSTOM_1_16_NO_PPL,Prefetch Only B=16,predict,32,0.0,6,-1.0,12,16.0,False,True,,8.312646947988918,266.0,366.0,42.09,2490.0,3744.0,66.51,5953.0,1453.0,0.807998919794761,20260423_222914_8eb89eb6,2026-04-24 06:55:22,1bddb00e32d7,62,0
CUSTOM_1_16_NO_PPL,Prefetch Only B=24,predict,32,0.0,6,-1.0,12,24.0,False,True,,8.521787089197515,272.0,360.0,43.04,2929.0,3744.0,78.23,5725.0,2961.0,0.9238775040294729,20260423_222914_8eb89eb6,2026-04-24 07:02:21,1bddb00e32d7,63,0
CUSTOM_1_16_NO_PPL,Prefetch Only B=32,predict,32,0.0,6,-1.0,12,32.0,False,True,,7.9586521006416096,280.0,352.0,44.3,3248.0,3744.0,86.75,5760.0,6032.0,1.3441095658073272,20260423_222914_8eb89eb6,2026-04-24 07:09:37,1bddb00e32d7,64,0
CUSTOM_1_16_NO_PPL,Neither (LRU),cached,32,0.0,0,-1.0,16,,False,True,,6.116145433505423,23449.0,6887.0,77.3,,,,,,,20260423_222914_8eb89eb6,2026-04-24 07:18:03,1bddb00e32d7,65,0
CUSTOM_1_16_NO_PPL,Prefetch Only B=8,predict,32,0.0,6,-1.0,16,8.0,False,True,,8.173102307902692,262.0,370.0,41.46,1799.0,3744.0,48.05,6437.0,351.0,0.7183073070123748,20260423_222914_8eb89eb6,2026-04-24 07:25:01,1bddb00e32d7,66,0
CUSTOM_1_16_NO_PPL,Prefetch Only B=16,predict,32,0.0,6,-1.0,16,16.0,False,True,,8.361323731904223,265.0,367.0,41.93,2454.0,3744.0,65.54,6118.0,964.0,0.763178480655182,20260423_222914_8eb89eb6,2026-04-24 07:31:59,1bddb00e32d7,67,0
CUSTOM_1_16_NO_PPL,Prefetch Only B=24,predict,32,0.0,6,-1.0,16,24.0,False,True,,8.431724605740524,275.0,357.0,43.51,2870.0,3744.0,76.66,5912.0,1902.0,0.8665561812132073,20260423_222914_8eb89eb6,2026-04-24 07:38:58,1bddb00e32d7,68,0
CUSTOM_1_16_NO_PPL,Prefetch Only B=32,predict,32,0.0,6,-1.0,16,32.0,False,True,,8.054821540614439,278.0,354.0,43.99,3193.0,3744.0,85.28,5885.0,4084.0,1.2855973517905512,20260423_222914_8eb89eb6,2026-04-24 07:46:10,1bddb00e32d7,69,0
CUSTOM_1_16_NO_PPL,Neither (LRU),cached,48,0.0,0,-1.0,1,,False,True,,8.80278518597899,27074.0,3262.0,89.25,,,,,,,20260423_222914_8eb89eb6,2026-04-24 07:53:08,1bddb00e32d7,70,0
CUSTOM_1_16_NO_PPL,Prefetch Only B=12,predict,48,0.0,6,-1.0,1,12.0,False,True,,10.64395467351969,467.0,165.0,73.89,3186.0,3744.0,85.1,2132.0,3716.0,1.0597366621067033,20260423_222914_8eb89eb6,2026-04-24 07:59:15,1bddb00e32d7,71,0
CUSTOM_1_16_NO_PPL,Prefetch Only B=24,predict,48,0.0,6,-1.0,1,24.0,False,True,,9.271879108793673,502.0,130.0,79.43,3536.0,3744.0,94.44,1793.0,14247.0,1.3953815461346633,20260423_222914_8eb89eb6,2026-04-24 08:05:50,1bddb00e32d7,72,0
CUSTOM_1_16_NO_PPL,Prefetch Only B=36,predict,48,0.0,6,-1.0,1,36.0,False,True,,6.770471260003155,536.0,96.0,84.81,3633.0,3744.0,97.04,1362.0,32000.0,2.1368407169833943,20260423_222914_8eb89eb6,2026-04-24 08:13:33,1bddb00e32d7,73,0
CUSTOM_1_16_NO_PPL,Prefetch Only B=48,predict,48,0.0,6,-1.0,1,48.0,False,True,,,,,,,,,,,,20260423_222914_8eb89eb6,2026-04-24 08:24:46,1bddb00e32d7,74,0
CUSTOM_1_16_NO_PPL,Neither (LRU),cached,48,0.0,0,-1.0,2,,False,True,,8.799206060192734,27074.0,3262.0,89.25,,,,,,,20260423_222914_8eb89eb6,2026-04-24 08:31:47,1bddb00e32d7,75,0
CUSTOM_1_16_NO_PPL,Prefetch Only B=12,predict,48,0.0,6,-1.0,2,12.0,False,True,,11.04351436760409,426.0,206.0,67.41,3021.0,3744.0,80.69,2439.0,1940.0,0.9084402831696732,20260423_222914_8eb89eb6,2026-04-24 08:37:49,1bddb00e32d7,76,0
CUSTOM_1_16_NO_PPL,Prefetch Only B=24,predict,48,0.0,6,-1.0,2,24.0,False,True,,10.947595168964174,463.0,169.0,73.26,3439.0,3744.0,91.85,2123.0,6926.0,1.198358934688916,20260423_222914_8eb89eb6,2026-04-24 08:43:59,1bddb00e32d7,77,0
CUSTOM_1_16_NO_PPL,Prefetch Only B=36,predict,48,0.0,6,-1.0,2,36.0,False,True,,9.254923009338865,481.0,151.0,76.11,3583.0,3744.0,95.7,1768.0,17085.0,1.89799554447568,20260423_222914_8eb89eb6,2026-04-24 08:50:41,1bddb00e32d7,78,0
CUSTOM_1_16_NO_PPL,Prefetch Only B=48,predict,48,0.0,6,-1.0,2,48.0,False,True,,5.846190792618118,495.0,137.0,78.32,3663.0,3744.0,97.84,1628.0,43632.0,4.547297392841361,20260423_222914_8eb89eb6,2026-04-24 08:59:10,1bddb00e32d7,79,0
CUSTOM_1_16_NO_PPL,Neither (LRU),cached,48,0.0,0,-1.0,4,,False,True,,8.779508968103817,27074.0,3262.0,89.25,,,,,,,20260423_222914_8eb89eb6,2026-04-24 09:06:10,1bddb00e32d7,80,0
CUSTOM_1_16_NO_PPL,Prefetch Only B=12,predict,48,0.0,6,-1.0,4,12.0,False,True,,11.142077040663324,422.0,210.0,66.77,2653.0,3744.0,70.86,2672.0,932.0,0.8657547169811319,20260423_222914_8eb89eb6,2026-04-24 09:12:15,1bddb00e32d7,81,0
CUSTOM_1_16_NO_PPL,Prefetch Only B=24,predict,48,0.0,6,-1.0,4,24.0,False,True,,11.634647763038686,434.0,198.0,68.67,3217.0,3744.0,85.92,2343.0,2751.0,1.03267177071064,20260423_222914_8eb89eb6,2026-04-24 09:18:15,1bddb00e32d7,82,0
CUSTOM_1_16_NO_PPL,Prefetch Only B=36,predict,48,0.0,6,-1.0,4,36.0,False,True,,11.049620382602528,449.0,183.0,71.04,3456.0,3744.0,92.31,2149.0,7708.0,1.4597798518819114,20260423_222914_8eb89eb6,2026-04-24 09:24:29,1bddb00e32d7,83,0
CUSTOM_1_16_NO_PPL,Prefetch Only B=48,predict,48,0.0,6,-1.0,4,48.0,False,True,,8.129979785807281,461.0,171.0,72.94,3578.0,3744.0,95.57,2098.0,21954.0,3.728425078995511,20260423_222914_8eb89eb6,2026-04-24 09:31:41,1bddb00e32d7,84,0
CUSTOM_1_16_NO_PPL,Neither (LRU),cached,48,0.0,0,-1.0,6,,False,True,,8.802947306695039,27074.0,3262.0,89.25,,,,,,,20260423_222914_8eb89eb6,2026-04-24 09:38:41,1bddb00e32d7,85,0
CUSTOM_1_16_NO_PPL,Prefetch Only B=12,predict,48,0.0,6,-1.0,6,12.0,False,True,,11.061420814176236,417.0,215.0,65.98,2416.0,3744.0,64.53,2755.0,653.0,0.7851965962441314,20260423_222914_8eb89eb6,2026-04-24 09:44:44,1bddb00e32d7,86,0
CUSTOM_1_16_NO_PPL,Prefetch Only B=24,predict,48,0.0,6,-1.0,6,24.0,False,True,,11.546911465931762,402.0,230.0,63.61,3071.0,3744.0,82.02,2469.0,1875.0,0.9131445672191529,20260423_222914_8eb89eb6,2026-04-24 09:50:46,1bddb00e32d7,87,0
CUSTOM_1_16_NO_PPL,Prefetch Only B=36,predict,48,0.0,6,-1.0,6,36.0,False,True,,11.428971058161764,423.0,209.0,66.93,3393.0,3744.0,90.62,2176.0,4560.0,1.408671318289786,20260423_222914_8eb89eb6,2026-04-24 09:56:55,1bddb00e32d7,88,0
CUSTOM_1_16_NO_PPL,Prefetch Only B=48,predict,48,0.0,6,-1.0,6,48.0,False,True,,9.066385795876156,430.0,202.0,68.04,3572.0,3744.0,95.41,2355.0,14568.0,3.3356461620280085,20260423_222914_8eb89eb6,2026-04-24 10:03:48,1bddb00e32d7,89,0
CUSTOM_1_16_NO_PPL,Neither (LRU),cached,48,0.0,0,-1.0,8,,False,True,,8.790786923429362,27074.0,3262.0,89.25,,,,,,,20260423_222914_8eb89eb6,2026-04-24 10:10:49,1bddb00e32d7,90,0
CUSTOM_1_16_NO_PPL,Prefetch Only B=12,predict,48,0.0,6,-1.0,8,12.0,False,True,,11.141879049090834,448.0,184.0,70.89,2287.0,3744.0,61.08,2721.0,448.0,0.7701861786052383,20260423_222914_8eb89eb6,2026-04-24 10:16:50,1bddb00e32d7,91,0
CUSTOM_1_16_NO_PPL,Prefetch Only B=24,predict,48,0.0,6,-1.0,8,24.0,False,True,,11.682358790785928,433.0,199.0,68.51,2977.0,3744.0,79.51,2469.0,1243.0,0.8990059267241377,20260423_222914_8eb89eb6,2026-04-24 10:22:47,1bddb00e32d7,92,0
CUSTOM_1_16_NO_PPL,Prefetch Only B=36,predict,48,0.0,6,-1.0,8,36.0,False,True,,11.744169439596618,432.0,200.0,68.35,3392.0,3744.0,90.6,2221.0,2945.0,1.1360975609756097,20260423_222914_8eb89eb6,2026-04-24 10:28:51,1bddb00e32d7,93,0
CUSTOM_1_16_NO_PPL,Prefetch Only B=48,predict,48,0.0,6,-1.0,8,48.0,False,True,,9.813447875766983,440.0,192.0,69.62,3592.0,3744.0,95.94,2324.0,10379.0,3.2917641502007404,20260423_222914_8eb89eb6,2026-04-24 10:35:30,1bddb00e32d7,94,0
CUSTOM_1_16_NO_PPL,Neither (LRU),cached,48,0.0,0,-1.0,12,,False,True,,8.787574608839437,27074.0,3262.0,89.25,,,,,,,20260423_222914_8eb89eb6,2026-04-24 10:42:28,1bddb00e32d7,95,0
CUSTOM_1_16_NO_PPL,Prefetch Only B=12,predict,48,0.0,6,-1.0,12,12.0,False,True,,11.111761844453277,437.0,195.0,69.15,2218.0,3744.0,59.24,2839.0,334.0,0.745332492908919,20260423_222914_8eb89eb6,2026-04-24 10:48:29,1bddb00e32d7,96,0
CUSTOM_1_16_NO_PPL,Prefetch Only B=24,predict,48,0.0,6,-1.0,12,24.0,False,True,,11.594364717850919,422.0,210.0,66.77,2929.0,3744.0,78.23,2574.0,858.0,0.8513956876456874,20260423_222914_8eb89eb6,2026-04-24 10:54:29,1bddb00e32d7,97,0
CUSTOM_1_16_NO_PPL,Prefetch Only B=36,predict,48,0.0,6,-1.0,12,36.0,False,True,,11.785788319523773,423.0,209.0,66.93,3360.0,3744.0,89.74,2369.0,2093.0,1.2552353204840876,20260423_222914_8eb89eb6,2026-04-24 11:00:33,1bddb00e32d7,98,0
CUSTOM_1_16_NO_PPL,Prefetch Only B=48,predict,48,0.0,6,-1.0,12,48.0,False,True,,10.422736369717589,427.0,205.0,67.56,3572.0,3744.0,95.41,2430.0,6806.0,2.9267713295799056,20260423_222914_8eb89eb6,2026-04-24 11:07:02,1bddb00e32d7,99,0
CUSTOM_1_16_NO_PPL,Neither (LRU),cached,48,0.0,0,-1.0,16,,False,True,,8.783165176077542,27074.0,3262.0,89.25,,,,,,,20260423_222914_8eb89eb6,2026-04-24 11:14:00,1bddb00e32d7,100,0
CUSTOM_1_16_NO_PPL,Prefetch Only B=12,predict,48,0.0,6,-1.0,16,12.0,False,True,,11.0809882290175,431.0,201.0,68.2,2133.0,3744.0,56.97,2859.0,228.0,0.7357207644962745,20260423_222914_8eb89eb6,2026-04-24 11:20:00,1bddb00e32d7,101,0
CUSTOM_1_16_NO_PPL,Prefetch Only B=24,predict,48,0.0,6,-1.0,16,24.0,False,True,,11.560026207900567,430.0,202.0,68.04,2870.0,3744.0,76.66,2606.0,550.0,0.7939290240811151,20260423_222914_8eb89eb6,2026-04-24 11:25:59,1bddb00e32d7,102,0
CUSTOM_1_16_NO_PPL,Prefetch Only B=36,predict,48,0.0,6,-1.0,16,36.0,False,True,,11.771828435706343,430.0,202.0,68.04,3331.0,3744.0,88.97,2402.0,1366.0,0.985666135881104,20260423_222914_8eb89eb6,2026-04-24 11:32:03,1bddb00e32d7,103,0
CUSTOM_1_16_NO_PPL,Prefetch Only B=48,predict,48,0.0,6,-1.0,16,48.0,False,True,,10.811165304726321,440.0,192.0,69.62,3565.0,3744.0,95.22,2429.0,4567.0,2.4134476843910804,20260423_222914_8eb89eb6,2026-04-24 11:38:26,1bddb00e32d7,104,0
