question,label,backend,cache_size,lambda_val,forced_top_n,prob_mass_threshold,forced_top_p,lookahead,predictor_stride,prefetch_budget,predictor_tag,mode_perplexity,mode_generate,bookend_pass,gen_perplexity,gen_perplexity_std,tokens_per_second,tokens_per_second_std,cache_hits,cache_misses,hit_rate_pct,pred_hits,pred_total,pred_hit_rate_pct,pred_hits_routed_forced_n,pred_total_routed_forced_n,pred_hit_rate_routed_forced_n_pct,pred_hits_routed_topk,pred_total_routed_topk,pred_hit_rate_routed_topk_pct,pred_requested_hits_forced_n,pred_requested_total_forced_n,pred_requested_rate_forced_n_pct,pred_requested_hits_topk,pred_requested_total_topk,pred_requested_rate_topk_pct,stall_loads,prefetch_loads,prefetch_hits_ready,prefetch_hits_wait,prefetch_ticks_skipped,avg_ms_per_expert_load,run_id,row_timestamp,prompt_hash,config_id,run_iter
SEC3_3_2,Neither (LRU),cached,8,0.0,0,-1.0,-1.0,1,1,,,False,True,main,,,7.6101536264799154,0.1892,12987,17349,42.81,,,,,,,,,,,,,,,,17349,0,,,,0.33284339154994536,20260628_211019_b95d3f8a,2026-06-28 21:12:00,f6d0ccda646c,0,0
SEC3_3_2,Neither (RANDOM),cached,8,0.0,0,-1.0,-1.0,1,1,,,False,True,main,,,7.788113913209549,0.0632,12983,17353,42.8,,,,,,,,,,,,,,,,17353,0,,,,0.3345294761712672,20260628_211019_b95d3f8a,2026-06-28 21:13:39,f6d0ccda646c,1,0
SEC3_3_2,Cache-Cond Only λ=1.0,cached,8,1.0,6,-1.0,-1.0,1,1,,,False,True,main,,,8.605947840567518,0.0744,17932,12404,59.11,,,,,,,,,,,,,,,,12404,0,,,,0.36667607223476306,20260628_211019_b95d3f8a,2026-06-28 21:15:12,f6d0ccda646c,2,0
SEC3_3_2,Neither (LRU),cached,16,0.0,0,-1.0,-1.0,1,1,,,False,True,main,,,8.976531402853256,0.0419,18336,12000,60.44,,,,,,,,,,,,,,,,12000,0,,,,0.3681591666666666,20260628_211019_b95d3f8a,2026-06-28 21:16:44,f6d0ccda646c,3,0
SEC3_3_2,Neither (RANDOM),cached,16,0.0,0,-1.0,-1.0,1,1,,,False,True,main,,,8.802709174423468,0.0423,17610,12726,58.05,,,,,,,,,,,,,,,,12726,0,,,,0.361980198019802,20260628_211019_b95d3f8a,2026-06-28 21:18:17,f6d0ccda646c,4,0
SEC3_3_2,Cache-Cond Only λ=1.0,cached,16,1.0,6,-1.0,-1.0,1,1,,,False,True,main,,,9.690004508248883,0.0206,22418,7918,73.9,,,,,,,,,,,,,,,,7918,0,,,,0.4147436221267995,20260628_211019_b95d3f8a,2026-06-28 21:19:44,f6d0ccda646c,5,0
SEC3_3_2,Neither (LRU),cached,24,0.0,0,-1.0,-1.0,1,1,,,False,True,main,,,10.080661388067622,0.0302,21495,8841,70.86,,,,,,,,,,,,,,,,8841,0,,,,0.3972876371451194,20260628_211019_b95d3f8a,2026-06-28 21:21:12,f6d0ccda646c,6,0
SEC3_3_2,Neither (RANDOM),cached,24,0.0,0,-1.0,-1.0,1,1,,,False,True,main,,,9.671138135005288,0.0144,20894,9442,68.88,,,,,,,,,,,,,,,,9442,0,,,,0.3936274094471511,20260628_211019_b95d3f8a,2026-06-28 21:22:41,f6d0ccda646c,7,0
SEC3_3_2,Cache-Cond Only λ=1.0,cached,24,1.0,6,-1.0,-1.0,1,1,,,False,True,main,,,10.683537346387924,0.0254,24479,5857,80.69,,,,,,,,,,,,,,,,5857,0,,,,0.45420010244152303,20260628_211019_b95d3f8a,2026-06-28 21:24:05,f6d0ccda646c,8,0
SEC3_3_2,Neither (LRU),cached,32,0.0,0,-1.0,-1.0,1,1,,,False,True,main,,,11.160153769164042,0.0562,24375,5961,80.35,,,,,,,,,,,,,,,,5961,0,,,,0.4357289045462171,20260628_211019_b95d3f8a,2026-06-28 21:25:29,f6d0ccda646c,9,0
SEC3_3_2,Neither (RANDOM),cached,32,0.0,0,-1.0,-1.0,1,1,,,False,True,main,,,10.61524968349769,0.0356,23601,6735,77.8,,,,,,,,,,,,,,,,6735,0,,,,0.4394120267260578,20260628_211019_b95d3f8a,2026-06-28 21:26:54,f6d0ccda646c,10,0
SEC3_3_2,Cache-Cond Only λ=1.0,cached,32,1.0,6,-1.0,-1.0,1,1,,,False,True,main,,,11.708878834344803,0.1197,26932,3404,88.78,,,,,,,,,,,,,,,,3404,0,,,,0.4964482961222092,20260628_211019_b95d3f8a,2026-06-28 21:28:15,f6d0ccda646c,11,0
SEC3_3_2,Neither (LRU),cached,40,0.0,0,-1.0,-1.0,1,1,,,False,True,main,,,12.407443583292753,0.1378,26788,3548,88.3,,,,,,,,,,,,,,,,3548,0,,,,0.47952931228861345,20260628_211019_b95d3f8a,2026-06-28 21:29:36,f6d0ccda646c,12,0
SEC3_3_2,Neither (RANDOM),cached,40,0.0,0,-1.0,-1.0,1,1,,,False,True,main,,,11.495736370970645,0.0817,25376,4960,83.65,,,,,,,,,,,,,,,,4960,0,,,,0.4650927419354839,20260628_211019_b95d3f8a,2026-06-28 21:30:58,f6d0ccda646c,13,0
SEC3_3_2,Cache-Cond Only λ=1.0,cached,40,1.0,6,-1.0,-1.0,1,1,,,False,True,main,,,13.020924271168798,0.0715,27931,2405,92.07,,,,,,,,,,,,,,,,2405,0,,,,0.5523409563409565,20260628_211019_b95d3f8a,2026-06-28 21:32:15,f6d0ccda646c,14,0
SEC3_3_2,Neither (LRU),cached,48,0.0,0,-1.0,-1.0,1,1,,,False,True,main,,,13.551003649906692,0.1518,27871,2465,91.87,,,,,,,,,,,,,,,,2465,0,,,,0.5125152129817444,20260628_211019_b95d3f8a,2026-06-28 21:33:32,f6d0ccda646c,15,0
SEC3_3_2,Neither (RANDOM),cached,48,0.0,0,-1.0,-1.0,1,1,,,False,True,main,,,12.374594583221285,0.105,26595,3741,87.67,,,,,,,,,,,,,,,,3741,0,,,,0.5007484629778136,20260628_211019_b95d3f8a,2026-06-28 21:34:51,f6d0ccda646c,16,0
SEC3_3_2,Cache-Cond Only λ=1.0,cached,48,1.0,6,-1.0,-1.0,1,1,,,False,True,main,,,13.734214600504068,0.1425,28673,1663,94.52,,,,,,,,,,,,,,,,1663,0,,,,0.5511846061334937,20260628_211019_b95d3f8a,2026-06-28 21:36:07,f6d0ccda646c,17,0
SEC3_3_2,Neither (LRU),cached,56,0.0,0,-1.0,-1.0,1,1,,,False,True,main,,,14.664693823601752,0.1341,28459,1877,93.81,,,,,,,,,,,,,,,,1877,0,,,,0.5396004262120405,20260628_211019_b95d3f8a,2026-06-28 21:37:22,f6d0ccda646c,18,0
SEC3_3_2,Neither (RANDOM),cached,56,0.0,0,-1.0,-1.0,1,1,,,False,True,main,,,13.297327112988423,0.1297,27414,2922,90.37,,,,,,,,,,,,,,,,2922,0,,,,0.5127275838466803,20260628_211019_b95d3f8a,2026-06-28 21:38:38,f6d0ccda646c,19,0
SEC3_3_2,Cache-Cond Only λ=1.0,cached,56,1.0,6,-1.0,-1.0,1,1,,,False,True,main,,,14.577146567679845,0.0756,28586,1750,94.23,,,,,,,,,,,,,,,,1750,0,,,,0.5547085714285716,20260628_211019_b95d3f8a,2026-06-28 21:39:51,f6d0ccda646c,20,0
SEC3_3_2,Neither (LRU),cached,64,0.0,0,-1.0,-1.0,1,1,,,False,True,main,,,15.673593205913777,0.1091,28762,1574,94.81,,,,,,,,,,,,,,,,1574,0,,,,0.5518233799237611,20260628_211019_b95d3f8a,2026-06-28 21:41:04,f6d0ccda646c,21,0
SEC3_3_2,Neither (RANDOM),cached,64,0.0,0,-1.0,-1.0,1,1,,,False,True,main,,,14.203992498319458,0.1463,28077,2259,92.55,,,,,,,,,,,,,,,,2259,0,,,,0.5393891102257636,20260628_211019_b95d3f8a,2026-06-28 21:42:17,f6d0ccda646c,22,0
SEC3_3_2,Cache-Cond Only λ=1.0,cached,64,1.0,6,-1.0,-1.0,1,1,,,False,True,main,,,15.383170079574073,0.095,29233,1103,96.36,,,,,,,,,,,,,,,,1103,0,,,,0.5931822302810519,20260628_211019_b95d3f8a,2026-06-28 21:43:29,f6d0ccda646c,23,0
