question,label,cache_size,lookahead,prefetch_budget,tps,base_tps,tps_speedup_vs_base,base_cache_hit_pct,hit_rate_pct,pred_recall_pct,pred_precision_pct,stall_loads,prefetch_loads,avg_ms_per_expert_load,pred_hits,pred_total
CUSTOM_1_16_NO_PPL,Prefetch Only B=2,8,1,2.0,2.628829709959958,2.950682611105937,0.8909225614660921,43.92,39.32,23.23347276902887,92.93389107611549,59414.0,8559.0,1.3122798758330512,6960.0,12192.0
CUSTOM_1_16_NO_PPL,Prefetch Only B=4,8,1,4.0,2.751782139374076,2.950682611105937,0.9325917091241095,43.92,46.18,43.641322178477694,87.28264435695539,52700.0,21635.0,1.3766083271675522,9669.0,12192.0
CUSTOM_1_16_NO_PPL,Prefetch Only B=6,8,1,6.0,2.7785690943147663,2.950682611105937,0.9416699321901445,43.92,50.31,59.95837434383202,79.94449912510936,48654.0,38427.0,1.418797785969385,10652.0,12192.0
CUSTOM_1_16_NO_PPL,Prefetch Only B=8,8,1,8.0,2.651056513479076,2.950682611105937,0.8984553280996361,43.92,49.82,71.41260662729658,71.41260662729658,49139.0,57997.0,1.4564223977001194,11114.0,12192.0
CUSTOM_1_16_NO_PPL,Prefetch Only B=4,16,1,4.0,4.159807890118604,3.724357944636952,1.1169194669134037,56.75,67.61,43.641322178477694,87.28264435695539,31718.0,13653.0,1.3874884838332853,9669.0,12192.0
CUSTOM_1_16_NO_PPL,Prefetch Only B=8,16,1,8.0,4.775515583200089,3.724357944636952,1.2822386178205014,56.75,78.31,71.41260662729658,71.41260662729658,21240.0,34429.0,1.5333936302071172,11114.0,12192.0
CUSTOM_1_16_NO_PPL,Prefetch Only B=12,16,1,12.0,4.796299021038472,3.724357944636952,1.2878190260807523,56.75,81.47,83.28924704724409,55.52616469816273,18147.0,61230.0,1.7178002444032905,11589.0,12192.0
CUSTOM_1_16_NO_PPL,Prefetch Only B=16,16,1,16.0,3.929198037320741,3.724357944636952,1.0550001089392487,56.75,74.97,89.07070209973753,44.535351049868765,24506.0,99125.0,1.7723704410706056,11824.0,12192.0
CUSTOM_1_16_NO_PPL,Prefetch Only B=4,16,2,4.0,3.947916600876646,,,,62.39,34.08587598425197,68.17175196850394,36824.0,7187.0,1.3268289745745383,3700.0,6096.0
CUSTOM_1_16_NO_PPL,Prefetch Only B=8,16,2,8.0,4.319678694891065,,,,69.67,56.11466535433071,56.11466535433071,29695.0,18430.0,1.4235023376623377,4731.0,6096.0
CUSTOM_1_16_NO_PPL,Prefetch Only B=12,16,2,12.0,4.4583853467160255,,,,73.64,69.9331528871391,46.622101924759406,25807.0,33428.0,1.5366867561407946,5207.0,6096.0
CUSTOM_1_16_NO_PPL,Prefetch Only B=16,16,2,16.0,4.05186277253676,,,,71.37,78.64788385826772,39.32394192913386,28039.0,52922.0,1.6946234606785984,5518.0,6096.0
CUSTOM_1_16_NO_PPL,Prefetch Only B=8,32,1,8.0,6.88235753089073,5.419802590446204,1.2698539136873095,72.65,87.65,71.41260662729658,71.41260662729658,12097.0,18008.0,1.547799368875602,11114.0,12192.0
CUSTOM_1_16_NO_PPL,Prefetch Only B=16,32,1,16.0,7.072043775067279,5.419802590446204,1.3048526504514344,72.65,91.65,89.07070209973753,44.535351049868765,8176.0,49901.0,1.9097570466794087,11824.0,12192.0
CUSTOM_1_16_NO_PPL,Prefetch Only B=24,32,1,24.0,5.844671473868845,5.419802590446204,1.0783919481074056,72.65,91.14,94.3969406167979,31.465646872265967,8674.0,104292.0,2.4449295363206627,12010.0,12192.0
CUSTOM_1_16_NO_PPL,Prefetch Only B=32,32,1,32.0,4.185869799213684,5.419802590446204,0.7723288310523259,72.65,86.72,96.730437992126,24.182609498031496,13000.0,183677.0,2.8814585843794647,12100.0,12192.0
CUSTOM_1_16_NO_PPL,Prefetch Only B=8,32,2,8.0,6.5490659002971165,,,,82.71,56.11466535433071,56.11466535433071,16930.0,9454.0,1.4193056397816863,4731.0,6096.0
CUSTOM_1_16_NO_PPL,Prefetch Only B=16,32,2,16.0,7.23055449580932,,,,88.47,78.64788385826772,39.32394192913386,11287.0,24756.0,1.68790389257276,5518.0,6096.0
CUSTOM_1_16_NO_PPL,Prefetch Only B=24,32,2,24.0,6.793628197573502,,,,88.69,88.31200787401575,29.43733595800525,11072.0,47661.0,2.039782405121481,5802.0,6096.0
CUSTOM_1_16_NO_PPL,Prefetch Only B=32,32,2,32.0,5.32757541696349,,,,85.26,92.99950787401576,23.249876968503937,14434.0,86085.0,2.464764770839344,5924.0,6096.0
CUSTOM_1_16_NO_PPL,Prefetch Only B=8,32,3,8.0,6.320940655181872,,,,80.46,48.12748015873016,48.12748015873016,19138.0,6430.0,1.3822101846057575,2799.0,4032.0
CUSTOM_1_16_NO_PPL,Prefetch Only B=16,32,3,16.0,6.978410810487324,,,,85.75,70.02418154761905,35.012090773809526,13954.0,16550.0,1.579883949645948,3339.0,4032.0
CUSTOM_1_16_NO_PPL,Prefetch Only B=24,32,3,24.0,6.887211009198405,,,,87.31,81.86383928571429,27.287946428571427,12428.0,31484.0,1.8985361632355624,3608.0,4032.0
CUSTOM_1_16_NO_PPL,Prefetch Only B=32,32,3,32.0,5.790331243904433,,,,84.31,88.37735615079364,22.09433903769841,15367.0,55031.0,2.2801041222762013,3765.0,4032.0
CUSTOM_1_16_NO_PPL,Prefetch Only B=8,32,4,8.0,6.22664871845779,,,,79.1,44.948743386243386,44.948743386243386,20462.0,4895.0,1.3563016129668333,1964.0,3024.0
CUSTOM_1_16_NO_PPL,Prefetch Only B=16,32,4,16.0,6.770564172340699,,,,83.57,66.9973544973545,33.49867724867725,16086.0,12714.0,1.4849302083333331,2457.0,3024.0
CUSTOM_1_16_NO_PPL,Prefetch Only B=24,32,4,24.0,6.743242240009376,,,,85.43,79.58829365079364,26.52943121693122,14270.0,24211.0,1.7703658948572023,2676.0,3024.0
CUSTOM_1_16_NO_PPL,Prefetch Only B=32,32,4,32.0,5.889272603487863,,,,83.18,86.5368716931217,21.634217923280424,16475.0,41867.0,2.176945596654212,2811.0,3024.0
CUSTOM_1_16_NO_PPL,Prefetch Only B=12,48,1,12.0,9.469965928748938,7.825130599287745,1.2101990897903874,83.6,94.49,83.28924704724409,55.52616469816273,5392.0,16867.0,1.6683862707219548,11589.0,12192.0
CUSTOM_1_16_NO_PPL,Prefetch Only B=24,48,1,24.0,8.354228060132044,7.825130599287745,1.0676151604284352,83.6,95.35,94.3969406167979,31.465646872265967,4551.0,56717.0,2.180934092838023,12010.0,12192.0
CUSTOM_1_16_NO_PPL,Prefetch Only B=36,48,1,36.0,5.910199089231795,7.825130599287745,0.7552844025082149,83.6,93.72,97.38558070866142,21.641240157480315,6148.0,135094.0,3.159379575480381,12127.0,12192.0
CUSTOM_1_16_NO_PPL,Prefetch Only B=48,48,1,48.0,3.741113591381629,7.825130599287745,0.47808960424534647,83.6,89.82,98.55212355212356,16.425353925353924,9967.0,254413.0,4.401784136470232,12136.0,12173.0
CUSTOM_1_16_NO_PPL,Prefetch Only B=12,48,2,12.0,9.47001453126236,,,,91.88,69.9331528871391,46.622101924759406,7950.0,8395.0,1.5130981951667175,5207.0,6096.0
CUSTOM_1_16_NO_PPL,Prefetch Only B=24,48,2,24.0,9.755674542122511,,,,94.53,88.31200787401575,29.43733595800525,5357.0,24885.0,1.944773824482507,5802.0,6096.0
CUSTOM_1_16_NO_PPL,Prefetch Only B=36,48,2,36.0,8.196922611040605,,,,93.87,94.45538057742782,20.99008457276173,6006.0,54899.0,2.54182021180527,5967.0,6096.0
CUSTOM_1_16_NO_PPL,Prefetch Only B=48,48,2,48.0,5.820607969469136,,,,90.21,97.13746719160105,16.18957786526684,9589.0,112134.0,3.445759881041381,6039.0,6096.0
CUSTOM_1_16_NO_PPL,Prefetch Only B=12,48,3,12.0,9.45246089988101,,,,90.39,60.71428571428572,40.47619047619048,9406.0,5470.0,1.4500672223716051,3131.0,4032.0
CUSTOM_1_16_NO_PPL,Prefetch Only B=24,48,3,24.0,9.979932362074972,,,,93.27,81.86383928571429,27.287946428571427,6592.0,15520.0,1.80439489869754,3608.0,4032.0
CUSTOM_1_16_NO_PPL,Prefetch Only B=36,48,3,36.0,9.124168595646,,,,93.77,90.55989583333331,20.124421296296298,6100.0,34442.0,2.3699977800799163,3824.0,4032.0
CUSTOM_1_16_NO_PPL,Prefetch Only B=48,48,3,48.0,6.988242616981217,,,,91.0,94.7265625,15.787760416666666,8815.0,69312.0,3.362921781202402,3915.0,4032.0
CUSTOM_1_16_NO_PPL,Prefetch Only B=12,48,4,12.0,9.336990316555072,,,,89.26,57.46527777777778,38.31018518518518,10514.0,3983.0,1.3951652065944682,2264.0,3024.0
CUSTOM_1_16_NO_PPL,Prefetch Only B=24,48,4,24.0,9.803462892723934,,,,92.09,79.58829365079364,26.52943121693122,7746.0,11140.0,1.6508784284655302,2676.0,3024.0
CUSTOM_1_16_NO_PPL,Prefetch Only B=36,48,4,36.0,9.37164467411023,,,,92.89,89.09143518518519,19.79809670781893,6963.0,24928.0,2.181095606911041,2858.0,3024.0
CUSTOM_1_16_NO_PPL,Prefetch Only B=48,48,4,48.0,7.535602317256677,,,,90.57,93.99388227513228,15.66564704585538,9229.0,50576.0,3.126624028091297,2925.0,3024.0
CUSTOM_1_16_NO_PPL,Prefetch Only B=12,48,6,12.0,9.149315856126163,,,,88.47,53.49082341269841,35.66054894179894,11291.0,2718.0,1.3643464915411518,1445.0,2016.0
CUSTOM_1_16_NO_PPL,Prefetch Only B=24,48,6,24.0,9.73641712563529,,,,91.03,75.21701388888889,25.07233796296296,8785.0,7592.0,1.587897661354338,1751.0,2016.0
CUSTOM_1_16_NO_PPL,Prefetch Only B=36,48,6,36.0,9.505614985357845,,,,91.64,86.18551587301587,19.1523368606702,8187.0,15913.0,2.042630705394192,1877.0,2016.0
CUSTOM_1_16_NO_PPL,Prefetch Only B=48,48,6,48.0,8.090575233764799,,,,89.81,92.24330357142856,15.373883928571429,9977.0,32120.0,2.8448735064256363,1952.0,2016.0
CUSTOM_1_16_NO_PPL,Prefetch Only B=12,48,8,12.0,8.748945116593475,,,,85.67,,,14035.0,0.0,1.2551264695404345,0.0,0.0
CUSTOM_1_16_NO_PPL,Prefetch Only B=24,48,8,24.0,8.711806110598106,,,,85.67,,,14035.0,0.0,1.2573729960812254,0.0,0.0
CUSTOM_1_16_NO_PPL,Prefetch Only B=36,48,8,36.0,8.73439076104929,,,,85.67,,,14035.0,0.0,1.25709155682223,0.0,0.0
CUSTOM_1_16_NO_PPL,Prefetch Only B=48,48,8,48.0,8.734114352650684,,,,85.67,,,14035.0,0.0,1.2576815105094403,0.0,0.0
CUSTOM_1_16_NO_PPL,Prefetch Only B=16,64,1,16.0,11.737158485065631,10.858536182627958,1.0809153543037724,91.09,97.46,89.07070209973753,44.535351049868765,2488.0,13039.0,1.7205255361628131,11824.0,12192.0
CUSTOM_1_16_NO_PPL,Prefetch Only B=32,64,1,32.0,9.550786072828744,10.858536182627958,0.8795647877573572,91.09,97.49,96.730437992126,24.182609498031496,2459.0,55019.0,2.2668734124360626,12100.0,12192.0
CUSTOM_1_16_NO_PPL,Prefetch Only B=48,64,1,48.0,6.056666270252505,10.858536182627958,0.5577792594127254,91.09,95.2,98.560531496063,16.42675524934383,4705.0,150232.0,3.6622807334594056,12153.0,12192.0
CUSTOM_1_16_NO_PPL,Prefetch Only B=64,64,1,64.0,3.4770483205054905,10.858536182627958,0.3202133567568942,91.09,91.51,99.24383631280185,12.405479539100227,8309.0,297042.0,5.937954452417057,11781.0,11803.0
CUSTOM_1_16_NO_PPL,Prefetch Only B=16,64,2,16.0,12.642729611836511,,,,96.52,78.64788385826772,39.32394192913386,3405.0,5100.0,1.5727889476778365,5518.0,6096.0
CUSTOM_1_16_NO_PPL,Prefetch Only B=32,64,2,32.0,12.019542017488009,,,,97.28,92.99950787401576,23.249876968503937,2664.0,20411.0,2.001574864572047,5924.0,6096.0
CUSTOM_1_16_NO_PPL,Prefetch Only B=48,64,2,48.0,9.337471697260524,,,,96.55,97.13746719160105,16.18957786526684,3375.0,57714.0,2.9762089737923363,6039.0,6096.0
CUSTOM_1_16_NO_PPL,Prefetch Only B=64,64,2,64.0,5.970214329675137,,,,92.97,98.58103674540682,12.322629593175852,6880.0,131544.0,4.64406844188869,6069.0,6096.0
CUSTOM_1_16_NO_PPL,Prefetch Only B=16,64,3,16.0,12.902912472333592,,,,96.0,70.02418154761905,35.012090773809526,3919.0,2979.0,1.4900927805160915,3339.0,4032.0
CUSTOM_1_16_NO_PPL,Prefetch Only B=32,64,3,32.0,12.517306437151776,,,,96.92,88.37735615079364,22.09433903769841,3017.0,11324.0,1.885498221881319,3765.0,4032.0
CUSTOM_1_16_NO_PPL,Prefetch Only B=48,64,3,48.0,10.798582322682243,,,,96.51,94.7265625,15.787760416666666,3415.0,33075.0,2.635095094546451,3915.0,4032.0
CUSTOM_1_16_NO_PPL,Prefetch Only B=64,64,3,64.0,7.686466692654984,,,,94.4,97.59114583333331,12.198893229166666,5484.0,79240.0,4.731325598413672,3980.0,4032.0
CUSTOM_1_16_NO_PPL,Prefetch Only B=16,64,4,16.0,12.853980351975803,,,,95.48,66.9973544973545,33.49867724867725,4422.0,1935.0,1.4226396098788736,2457.0,3024.0
CUSTOM_1_16_NO_PPL,Prefetch Only B=32,64,4,32.0,12.987865735041574,,,,96.51,86.5368716931217,21.634217923280424,3415.0,7356.0,1.744749791105747,2811.0,3024.0
CUSTOM_1_16_NO_PPL,Prefetch Only B=48,64,4,48.0,11.847936880180264,,,,96.5,93.99388227513228,15.66564704585538,3429.0,21846.0,2.491327002967359,2925.0,3024.0
CUSTOM_1_16_NO_PPL,Prefetch Only B=64,64,4,64.0,8.665777125824933,,,,94.63,97.33382936507935,12.16672867063492,5260.0,55172.0,4.41263403494837,2976.0,3024.0
CUSTOM_1_16_NO_PPL,Prefetch Only B=16,64,6,16.0,12.919811550722496,,,,95.22,62.40079365079365,31.200396825396822,4685.0,1260.0,1.3672497897392768,1594.0,2016.0
CUSTOM_1_16_NO_PPL,Prefetch Only B=32,64,6,32.0,13.3503978500484,,,,96.14,83.34573412698413,20.83643353174603,3775.0,4692.0,1.6254458485886385,1840.0,2016.0
CUSTOM_1_16_NO_PPL,Prefetch Only B=48,64,6,48.0,12.45369620425009,,,,96.32,92.24330357142856,15.373883928571429,3606.0,12991.0,2.1724606856660844,1952.0,2016.0
CUSTOM_1_16_NO_PPL,Prefetch Only B=64,64,6,64.0,10.101242087740095,,,,94.57,96.75099206349206,12.093874007936508,5319.0,33629.0,3.95018049707302,1986.0,2016.0
CUSTOM_1_16_NO_PPL,Prefetch Only B=16,64,8,16.0,12.658309996300908,,,,93.86,,,6016.0,0.0,1.2626994680851062,0.0,0.0
CUSTOM_1_16_NO_PPL,Prefetch Only B=32,64,8,32.0,12.689992952184191,,,,93.86,,,6016.0,0.0,1.2645428856382983,0.0,0.0
CUSTOM_1_16_NO_PPL,Prefetch Only B=48,64,8,48.0,12.6736698581363,,,,93.86,,,6016.0,0.0,1.2663613696808511,0.0,0.0
CUSTOM_1_16_NO_PPL,Prefetch Only B=64,64,8,64.0,12.675195242630734,,,,93.86,,,6016.0,0.0,1.2640126329787238,0.0,0.0
CUSTOM_1_16_NO_PPL,Prefetch Only B=16,64,10,16.0,12.642500553454818,,,,93.86,,,6016.0,0.0,1.266492686170213,0.0,0.0
CUSTOM_1_16_NO_PPL,Prefetch Only B=32,64,10,32.0,12.690198499538289,,,,93.86,,,6016.0,0.0,1.2594498005319157,0.0,0.0
CUSTOM_1_16_NO_PPL,Prefetch Only B=48,64,10,48.0,12.657245434569989,,,,93.86,,,6016.0,0.0,1.2641688829787234,0.0,0.0
CUSTOM_1_16_NO_PPL,Prefetch Only B=64,64,10,64.0,12.70595101423598,,,,93.86,,,6016.0,0.0,1.2588630319148937,0.0,0.0
CUSTOM_1_16_NO_PPL,Prefetch Only B=16,64,12,16.0,12.706408059934322,,,,93.86,,,6016.0,0.0,1.2636918218085107,0.0,0.0
CUSTOM_1_16_NO_PPL,Prefetch Only B=32,64,12,32.0,12.6577439581285,,,,93.86,,,6016.0,0.0,1.2669730718085108,0.0,0.0
CUSTOM_1_16_NO_PPL,Prefetch Only B=48,64,12,48.0,12.723015316892848,,,,93.86,,,6016.0,0.0,1.2625000000000002,0.0,0.0
CUSTOM_1_16_NO_PPL,Prefetch Only B=64,64,12,64.0,12.674475914025807,,,,93.86,,,6016.0,0.0,1.2653324468085112,0.0,0.0
