question,label,backend,cache_size,lambda_val,forced_top_n,forced_top_p,lookahead,prefetch_budget,predictor_tag,mode_perplexity,mode_generate,gen_perplexity,tokens_per_second,cache_hits,cache_misses,hit_rate_pct,pred_hits,pred_total,pred_hit_rate_pct,pred_hits_routed_forced_n,pred_total_routed_forced_n,pred_hit_rate_routed_forced_n_pct,pred_hits_routed_topk,pred_total_routed_topk,pred_hit_rate_routed_topk_pct,pred_requested_hits_forced_n,pred_requested_total_forced_n,pred_requested_rate_forced_n_pct,pred_requested_hits_topk,pred_requested_total_topk,pred_requested_rate_topk_pct,stall_loads,prefetch_loads,avg_ms_per_expert_load,run_id,row_timestamp,prompt_hash,config_id,run_iter
CUSTOM_1_16_NO_PPL,Neither (LRU),cached,24,0.0,0,-1.0,1,,,False,True,,5.0383255473147415,21564,8772,71.08,,,,,,,,,,,,,,,,,,,20260501_165746_1c50f143,2026-05-01 16:58:48,57d7e97ce48c,0,0
CUSTOM_1_16_NO_PPL,Prefetch Only B=12,predict,24,0.0,0,-1.0,1,12.0,,False,True,,7.143542633314353,25565,4771,84.27,3232.0,3744.0,86.32,3232.0,3744.0,86.32478632478633,21666.0,29952.0,72.33573717948718,3232.0,44928.0,7.193732193732194,21666.0,44928.0,48.22382478632478,4771.0,11764.0,1.0701040217719986,20260501_165746_1c50f143,2026-05-01 16:59:41,57d7e97ce48c,1,0
CUSTOM_1_16_NO_PPL,Cache-Cond Only λ=0.5 B=12,cached,24,0.5,6,-1.0,1,12.0,,False,True,,6.289215957364347,24572,5764,81.0,,,,,,,,,,,,,,,,,,,20260501_165746_1c50f143,2026-05-01 17:00:37,57d7e97ce48c,2,0
CUSTOM_1_16_NO_PPL,Both λ=0.5 B=12,predict,24,0.5,6,-1.0,1,12.0,,False,True,,7.434849264387568,26790,3546,88.31,16769.0,22464.0,74.65,16769.0,22464.0,74.64832621082621,22282.0,29952.0,74.39236111111111,16769.0,44928.0,37.324163105413106,22282.0,44928.0,49.594907407407405,3546.0,13863.0,1.196960767419151,20260501_165746_1c50f143,2026-05-01 17:01:28,57d7e97ce48c,3,0
CUSTOM_1_16_NO_PPL,Cache-Cond Only λ=1.0 B=12,cached,24,1.0,6,-1.0,1,12.0,,False,True,,6.309007007677718,24572,5764,81.0,,,,,,,,,,,,,,,,,,,20260501_165746_1c50f143,2026-05-01 17:02:25,57d7e97ce48c,4,0
CUSTOM_1_16_NO_PPL,Both λ=1.0 B=12,predict,24,1.0,6,-1.0,1,12.0,,False,True,,7.490978460174709,26790,3546,88.31,16769.0,22464.0,74.65,16769.0,22464.0,74.64832621082621,22282.0,29952.0,74.39236111111111,16769.0,44928.0,37.324163105413106,22282.0,44928.0,49.594907407407405,3546.0,13864.0,1.2106685812751292,20260501_165746_1c50f143,2026-05-01 17:03:16,57d7e97ce48c,5,0
CUSTOM_1_16_NO_PPL,Prefetch Only B=24,predict,24,0.0,0,-1.0,1,24.0,,False,True,,4.717016215250874,24308,6028,80.13,3542.0,3744.0,94.6,3542.0,3744.0,94.60470085470085,26130.0,29952.0,87.23958333333333,3542.0,89856.0,3.9418625356125356,26130.0,89856.0,29.07986111111111,6028.0,42531.0,1.4999406907061512,20260501_165746_1c50f143,2026-05-01 17:04:20,57d7e97ce48c,6,0
CUSTOM_1_16_NO_PPL,Cache-Cond Only λ=0.5 B=24,cached,24,0.5,6,-1.0,1,24.0,,False,True,,6.289773047917764,24572,5764,81.0,,,,,,,,,,,,,,,,,,,20260501_165746_1c50f143,2026-05-01 17:05:17,57d7e97ce48c,7,0
CUSTOM_1_16_NO_PPL,Both λ=0.5 B=24,predict,24,0.5,6,-1.0,1,24.0,,False,True,,4.962786875181676,25649,4687,84.55,19310.0,22464.0,85.96,19310.0,22464.0,85.95975783475784,26283.0,29952.0,87.75040064102564,19310.0,89856.0,21.48993945868946,26283.0,89856.0,29.25013354700855,4687.0,43107.0,1.5852002343390383,20260501_165746_1c50f143,2026-05-01 17:06:20,57d7e97ce48c,8,0
CUSTOM_1_16_NO_PPL,Cache-Cond Only λ=1.0 B=24,cached,24,1.0,6,-1.0,1,24.0,,False,True,,6.309081355853347,24572,5764,81.0,,,,,,,,,,,,,,,,,,,20260501_165746_1c50f143,2026-05-01 17:07:17,57d7e97ce48c,9,0
CUSTOM_1_16_NO_PPL,Both λ=1.0 B=24,predict,24,1.0,6,-1.0,1,24.0,,False,True,,4.87800543994369,25649,4687,84.55,19310.0,22464.0,85.96,19310.0,22464.0,85.95975783475784,26283.0,29952.0,87.75040064102564,19310.0,89856.0,21.48993945868946,26283.0,89856.0,29.25013354700855,4687.0,43102.0,1.6285915168762688,20260501_165746_1c50f143,2026-05-01 17:08:20,57d7e97ce48c,10,0
CUSTOM_1_16_NO_PPL,Neither (LRU),cached,24,0.0,0,-1.0,2,,,False,True,,5.024951797371524,21564,8772,71.08,,,,,,,,,,,,,,,,,,,20260501_165746_1c50f143,2026-05-01 17:09:23,57d7e97ce48c,11,0
CUSTOM_1_16_NO_PPL,Prefetch Only B=12,predict,24,0.0,0,-1.0,2,12.0,,False,True,,7.352996768086794,24644,5692,81.24,1432.0,1872.0,76.5,1432.0,1872.0,76.4957264957265,9215.0,14976.0,61.53178418803419,1432.0,22464.0,6.3746438746438745,9215.0,22464.0,41.021189458689456,5692.0,6510.0,0.9766046549745943,20260501_165746_1c50f143,2026-05-01 17:10:14,57d7e97ce48c,12,0
CUSTOM_1_16_NO_PPL,Cache-Cond Only λ=0.5 B=12,cached,24,0.5,6,-1.0,2,12.0,,False,True,,6.308582373955035,24572,5764,81.0,,,,,,,,,,,,,,,,,,,20260501_165746_1c50f143,2026-05-01 17:11:11,57d7e97ce48c,13,0
CUSTOM_1_16_NO_PPL,Both λ=0.5 B=12,predict,24,0.5,6,-1.0,2,12.0,,False,True,,8.000027344500939,25772,4564,84.96,7008.0,11232.0,62.39,7008.0,11232.0,62.39316239316239,9566.0,14976.0,63.87553418803419,7008.0,22464.0,31.196581196581196,9566.0,22464.0,42.583689458689456,4564.0,7024.0,0.9912383500172594,20260501_165746_1c50f143,2026-05-01 17:12:01,57d7e97ce48c,14,0
CUSTOM_1_16_NO_PPL,Cache-Cond Only λ=1.0 B=12,cached,24,1.0,6,-1.0,2,12.0,,False,True,,6.290027612682728,24572,5764,81.0,,,,,,,,,,,,,,,,,,,20260501_165746_1c50f143,2026-05-01 17:12:57,57d7e97ce48c,15,0
CUSTOM_1_16_NO_PPL,Both λ=1.0 B=12,predict,24,1.0,6,-1.0,2,12.0,,False,True,,7.936836567730265,25772,4564,84.96,7008.0,11232.0,62.39,7008.0,11232.0,62.39316239316239,9566.0,14976.0,63.87553418803419,7008.0,22464.0,31.196581196581196,9566.0,22464.0,42.583689458689456,4564.0,7024.0,1.0117466344494304,20260501_165746_1c50f143,2026-05-01 17:13:47,57d7e97ce48c,16,0
CUSTOM_1_16_NO_PPL,Prefetch Only B=24,predict,24,0.0,0,-1.0,2,24.0,,False,True,,5.7142609824688755,23631,6705,77.9,1668.0,1872.0,89.1,1668.0,1872.0,89.1025641025641,12129.0,14976.0,80.98958333333333,1668.0,44928.0,3.7126068376068377,12129.0,44928.0,26.99652777777778,6705.0,21535.0,1.45337783286119,20260501_165746_1c50f143,2026-05-01 17:14:45,57d7e97ce48c,17,0
CUSTOM_1_16_NO_PPL,Cache-Cond Only λ=0.5 B=24,cached,24,0.5,6,-1.0,2,24.0,,False,True,,6.308789308514495,24572,5764,81.0,,,,,,,,,,,,,,,,,,,20260501_165746_1c50f143,2026-05-01 17:15:41,57d7e97ce48c,18,0
CUSTOM_1_16_NO_PPL,Both λ=0.5 B=24,predict,24,0.5,6,-1.0,2,24.0,,False,True,,6.389574460944572,26075,4261,85.95,9762.0,11232.0,86.91,9762.0,11232.0,86.91239316239316,13280.0,14976.0,88.67521367521367,9762.0,44928.0,21.72809829059829,13280.0,44928.0,29.558404558404558,4261.0,21314.0,1.5260410557184751,20260501_165746_1c50f143,2026-05-01 17:16:39,57d7e97ce48c,19,0
CUSTOM_1_16_NO_PPL,Cache-Cond Only λ=1.0 B=24,cached,24,1.0,6,-1.0,2,24.0,,False,True,,6.290282964396298,24572,5764,81.0,,,,,,,,,,,,,,,,,,,20260501_165746_1c50f143,2026-05-01 17:17:36,57d7e97ce48c,20,0
CUSTOM_1_16_NO_PPL,Both λ=1.0 B=24,predict,24,1.0,6,-1.0,2,24.0,,False,True,,6.2498410395738215,26075,4261,85.95,9762.0,11232.0,86.91,9762.0,11232.0,86.91239316239316,13280.0,14976.0,88.67521367521367,9762.0,44928.0,21.72809829059829,13280.0,44928.0,29.558404558404558,4261.0,21314.0,1.581958944281524,20260501_165746_1c50f143,2026-05-01 17:18:32,57d7e97ce48c,21,0
CUSTOM_1_16_NO_PPL,Neither (LRU),cached,24,0.0,0,-1.0,4,,,False,True,,5.038161782992446,21564,8772,71.08,,,,,,,,,,,,,,,,,,,20260501_165746_1c50f143,2026-05-01 17:19:35,57d7e97ce48c,22,0
CUSTOM_1_16_NO_PPL,Prefetch Only B=12,predict,24,0.0,0,-1.0,4,12.0,,False,True,,7.247054238888726,23717,6619,78.18,589.0,912.0,64.58,589.0,912.0,64.58333333333333,3828.0,7296.0,52.4671052631579,589.0,10944.0,5.381944444444445,3828.0,10944.0,34.978070175438596,6619.0,3625.0,0.8865657946114799,20260501_165746_1c50f143,2026-05-01 17:20:26,57d7e97ce48c,23,0
CUSTOM_1_16_NO_PPL,Cache-Cond Only λ=0.5 B=12,cached,24,0.5,6,-1.0,4,12.0,,False,True,,6.1537637115011075,24572,5764,81.0,,,,,,,,,,,,,,,,,,,20260501_165746_1c50f143,2026-05-01 17:21:24,57d7e97ce48c,24,0
CUSTOM_1_16_NO_PPL,Both λ=0.5 B=12,predict,24,0.5,6,-1.0,4,12.0,,False,True,,8.474707933716005,26053,4283,85.88,3285.0,5472.0,60.03,3285.0,5472.0,60.0328947368421,4453.0,7296.0,61.03344298245614,3285.0,10944.0,30.01644736842105,4453.0,10944.0,40.688961988304094,4283.0,3232.0,0.9142115768463073,20260501_165746_1c50f143,2026-05-01 17:22:12,57d7e97ce48c,25,0
CUSTOM_1_16_NO_PPL,Cache-Cond Only λ=1.0 B=12,cached,24,1.0,6,-1.0,4,12.0,,False,True,,6.290047657540872,24572,5764,81.0,,,,,,,,,,,,,,,,,,,20260501_165746_1c50f143,2026-05-01 17:23:09,57d7e97ce48c,26,0
CUSTOM_1_16_NO_PPL,Both λ=1.0 B=12,predict,24,1.0,6,-1.0,4,12.0,,False,True,,8.438835874017924,26053,4283,85.88,3285.0,5472.0,60.03,3285.0,5472.0,60.0328947368421,4453.0,7296.0,61.03344298245614,3285.0,10944.0,30.01644736842105,4453.0,10944.0,40.688961988304094,4283.0,3232.0,0.9251922821024618,20260501_165746_1c50f143,2026-05-01 17:23:58,57d7e97ce48c,27,0
CUSTOM_1_16_NO_PPL,Prefetch Only B=24,predict,24,0.0,0,-1.0,4,24.0,,False,True,,6.3495582047144925,23202,7134,76.48,754.0,912.0,82.68,754.0,912.0,82.67543859649123,5374.0,7296.0,73.65679824561404,754.0,21888.0,3.444809941520468,5374.0,21888.0,24.552266081871345,7134.0,11462.0,1.2310787266078727,20260501_165746_1c50f143,2026-05-01 17:24:52,57d7e97ce48c,28,0
CUSTOM_1_16_NO_PPL,Cache-Cond Only λ=0.5 B=24,cached,24,0.5,6,-1.0,4,24.0,,False,True,,6.289536427787526,24572,5764,81.0,,,,,,,,,,,,,,,,,,,20260501_165746_1c50f143,2026-05-01 17:25:49,57d7e97ce48c,29,0
CUSTOM_1_16_NO_PPL,Both λ=0.5 B=24,predict,24,0.5,6,-1.0,4,24.0,,False,True,,7.11767994508727,24671,5665,81.33,3999.0,5472.0,73.08,3999.0,5472.0,73.08114035087719,5571.0,7296.0,76.35690789473684,3999.0,21888.0,18.270285087719298,5571.0,21888.0,25.45230263157895,5665.0,11656.0,1.2825518157150282,20260501_165746_1c50f143,2026-05-01 17:26:42,57d7e97ce48c,30,0
CUSTOM_1_16_NO_PPL,Cache-Cond Only λ=1.0 B=24,cached,24,1.0,6,-1.0,4,24.0,,False,True,,6.289538493133658,24572,5764,81.0,,,,,,,,,,,,,,,,,,,20260501_165746_1c50f143,2026-05-01 17:27:39,57d7e97ce48c,31,0
CUSTOM_1_16_NO_PPL,Both λ=1.0 B=24,predict,24,1.0,6,-1.0,4,24.0,,False,True,,7.11738460418197,24671,5665,81.33,3999.0,5472.0,73.08,3999.0,5472.0,73.08114035087719,5571.0,7296.0,76.35690789473684,3999.0,21888.0,18.270285087719298,5571.0,21888.0,25.45230263157895,5665.0,11656.0,1.2701374054615788,20260501_165746_1c50f143,2026-05-01 17:28:32,57d7e97ce48c,32,0
CUSTOM_1_16_NO_PPL,Neither (LRU),cached,24,0.0,0,-1.0,6,,,False,True,,5.012487909105346,21564,8772,71.08,,,,,,,,,,,,,,,,,,,20260501_165746_1c50f143,2026-05-01 17:29:35,57d7e97ce48c,33,0
CUSTOM_1_16_NO_PPL,Prefetch Only B=12,predict,24,0.0,0,-1.0,6,12.0,,False,True,,7.0920147718115025,22967,7369,75.71,399.0,624.0,63.94,399.0,624.0,63.94230769230769,2536.0,4992.0,50.80128205128205,399.0,7488.0,5.328525641025641,2536.0,7488.0,33.86752136752137,7369.0,2784.0,0.8524731606421749,20260501_165746_1c50f143,2026-05-01 17:30:27,57d7e97ce48c,34,0
CUSTOM_1_16_NO_PPL,Cache-Cond Only λ=0.5 B=12,cached,24,0.5,6,-1.0,6,12.0,,False,True,,6.289688686490365,24572,5764,81.0,,,,,,,,,,,,,,,,,,,20260501_165746_1c50f143,2026-05-01 17:31:23,57d7e97ce48c,35,0
CUSTOM_1_16_NO_PPL,Both λ=0.5 B=12,predict,24,0.5,6,-1.0,6,12.0,,False,True,,8.299265738823154,25681,4655,84.66,1960.0,3744.0,52.35,1960.0,3744.0,52.35042735042735,2675.0,4992.0,53.58573717948718,1960.0,7488.0,26.175213675213676,2675.0,7488.0,35.72382478632478,4655.0,2083.0,0.8797937073315522,20260501_165746_1c50f143,2026-05-01 17:32:12,57d7e97ce48c,36,0
CUSTOM_1_16_NO_PPL,Cache-Cond Only λ=1.0 B=12,cached,24,1.0,6,-1.0,6,12.0,,False,True,,6.135535975827855,24572,5764,81.0,,,,,,,,,,,,,,,,,,,20260501_165746_1c50f143,2026-05-01 17:33:10,57d7e97ce48c,37,0
CUSTOM_1_16_NO_PPL,Both λ=1.0 B=12,predict,24,1.0,6,-1.0,6,12.0,,False,True,,8.332491050025117,25681,4655,84.66,1960.0,3744.0,52.35,1960.0,3744.0,52.35042735042735,2675.0,4992.0,53.58573717948718,1960.0,7488.0,26.175213675213676,2675.0,7488.0,35.72382478632478,4655.0,2083.0,0.8493262095577323,20260501_165746_1c50f143,2026-05-01 17:33:58,57d7e97ce48c,38,0
CUSTOM_1_16_NO_PPL,Prefetch Only B=24,predict,24,0.0,0,-1.0,6,24.0,,False,True,,6.688827182849864,22808,7528,75.18,506.0,624.0,81.09,506.0,624.0,81.08974358974359,3640.0,4992.0,72.91666666666667,506.0,14976.0,3.3787393162393164,3640.0,14976.0,24.305555555555557,7528.0,8314.0,1.1104721626057314,20260501_165746_1c50f143,2026-05-01 17:34:52,57d7e97ce48c,39,0
CUSTOM_1_16_NO_PPL,Cache-Cond Only λ=0.5 B=24,cached,24,0.5,6,-1.0,6,24.0,,False,True,,6.289991486228238,24572,5764,81.0,,,,,,,,,,,,,,,,,,,20260501_165746_1c50f143,2026-05-01 17:35:49,57d7e97ce48c,40,0
CUSTOM_1_16_NO_PPL,Both λ=0.5 B=24,predict,24,0.5,6,-1.0,6,24.0,,False,True,,7.462714643281444,25143,5193,82.88,2729.0,3744.0,72.89,2729.0,3744.0,72.88995726495726,3705.0,4992.0,74.21875,2729.0,14976.0,18.222489316239315,3705.0,14976.0,24.739583333333332,5193.0,8039.0,1.3415530532043531,20260501_165746_1c50f143,2026-05-01 17:36:40,57d7e97ce48c,41,0
CUSTOM_1_16_NO_PPL,Cache-Cond Only λ=1.0 B=24,cached,24,1.0,6,-1.0,6,24.0,,False,True,,6.3085828939181505,24572,5764,81.0,,,,,,,,,,,,,,,,,,,20260501_165746_1c50f143,2026-05-01 17:37:37,57d7e97ce48c,42,0
CUSTOM_1_16_NO_PPL,Both λ=1.0 B=24,predict,24,1.0,6,-1.0,6,24.0,,False,True,,7.547247321314831,25143,5193,82.88,2729.0,3744.0,72.89,2729.0,3744.0,72.88995726495726,3705.0,4992.0,74.21875,2729.0,14976.0,18.222489316239315,3705.0,14976.0,24.739583333333332,5193.0,8044.0,1.2881551711112789,20260501_165746_1c50f143,2026-05-01 17:38:28,57d7e97ce48c,43,0
CUSTOM_1_16_NO_PPL,Neither (LRU),cached,24,0.0,0,-1.0,8,,,False,True,,5.0247185688512,21564,8772,71.08,,,,,,,,,,,,,,,,,,,20260501_165746_1c50f143,2026-05-01 17:39:31,57d7e97ce48c,44,0
CUSTOM_1_16_NO_PPL,Prefetch Only B=12,predict,24,0.0,0,-1.0,8,12.0,,False,True,,7.066745462116121,22796,7540,75.15,253.0,432.0,58.56,253.0,432.0,58.56481481481482,1659.0,3456.0,48.00347222222222,253.0,5184.0,4.880401234567901,1659.0,5184.0,32.00231481481482,7540.0,2044.0,0.7965400667779634,20260501_165746_1c50f143,2026-05-01 17:40:23,57d7e97ce48c,45,0
CUSTOM_1_16_NO_PPL,Cache-Cond Only λ=0.5 B=12,cached,24,0.5,6,-1.0,8,12.0,,False,True,,6.289941819793625,24572,5764,81.0,,,,,,,,,,,,,,,,,,,20260501_165746_1c50f143,2026-05-01 17:41:19,57d7e97ce48c,46,0
CUSTOM_1_16_NO_PPL,Both λ=0.5 B=12,predict,24,0.5,6,-1.0,8,12.0,,False,True,,8.03234244557887,25007,5329,82.43,1384.0,2592.0,53.4,1384.0,2592.0,53.39506172839506,1885.0,3456.0,54.542824074074076,1384.0,5184.0,26.69753086419753,1885.0,5184.0,36.36188271604938,5329.0,1744.0,0.8506800508977804,20260501_165746_1c50f143,2026-05-01 17:42:08,57d7e97ce48c,47,0
CUSTOM_1_16_NO_PPL,Cache-Cond Only λ=1.0 B=12,cached,24,1.0,6,-1.0,8,12.0,,False,True,,6.289580007121532,24572,5764,81.0,,,,,,,,,,,,,,,,,,,20260501_165746_1c50f143,2026-05-01 17:43:05,57d7e97ce48c,48,0
CUSTOM_1_16_NO_PPL,Both λ=1.0 B=12,predict,24,1.0,6,-1.0,8,12.0,,False,True,,8.163648593293418,25007,5329,82.43,1384.0,2592.0,53.4,1384.0,2592.0,53.39506172839506,1885.0,3456.0,54.542824074074076,1384.0,5184.0,26.69753086419753,1885.0,5184.0,36.36188271604938,5329.0,1744.0,0.8088364201894527,20260501_165746_1c50f143,2026-05-01 17:43:54,57d7e97ce48c,49,0
CUSTOM_1_16_NO_PPL,Prefetch Only B=24,predict,24,0.0,0,-1.0,8,24.0,,False,True,,6.779926167943654,22596,7740,74.49,325.0,432.0,75.23,325.0,432.0,75.23148148148148,2371.0,3456.0,68.60532407407408,325.0,10368.0,3.134645061728395,2371.0,10368.0,22.86844135802469,7740.0,5980.0,1.0172055393586006,20260501_165746_1c50f143,2026-05-01 17:44:47,57d7e97ce48c,50,0
CUSTOM_1_16_NO_PPL,Cache-Cond Only λ=0.5 B=24,cached,24,0.5,6,-1.0,8,24.0,,False,True,,6.28935354432886,24572,5764,81.0,,,,,,,,,,,,,,,,,,,20260501_165746_1c50f143,2026-05-01 17:45:44,57d7e97ce48c,51,0
CUSTOM_1_16_NO_PPL,Both λ=0.5 B=24,predict,24,0.5,6,-1.0,8,24.0,,False,True,,7.6046105778491455,24942,5394,82.22,1790.0,2592.0,69.06,1790.0,2592.0,69.05864197530865,2448.0,3456.0,70.83333333333333,1790.0,10368.0,17.26466049382716,2448.0,10368.0,23.61111111111111,5394.0,5885.0,1.200726128202855,20260501_165746_1c50f143,2026-05-01 17:46:35,57d7e97ce48c,52,0
CUSTOM_1_16_NO_PPL,Cache-Cond Only λ=1.0 B=24,cached,24,1.0,6,-1.0,8,24.0,,False,True,,6.289815975293815,24572,5764,81.0,,,,,,,,,,,,,,,,,,,20260501_165746_1c50f143,2026-05-01 17:47:32,57d7e97ce48c,53,0
CUSTOM_1_16_NO_PPL,Both λ=1.0 B=24,predict,24,1.0,6,-1.0,8,24.0,,False,True,,7.604197174795425,24942,5394,82.22,1790.0,2592.0,69.06,1790.0,2592.0,69.05864197530865,2448.0,3456.0,70.83333333333333,1790.0,10368.0,17.26466049382716,2448.0,10368.0,23.61111111111111,5394.0,5885.0,1.2149020303218367,20260501_165746_1c50f143,2026-05-01 17:48:23,57d7e97ce48c,54,0
CUSTOM_1_16_NO_PPL,Neither (LRU),cached,24,0.0,0,-1.0,12,,,False,True,,5.0247502395993795,21564,8772,71.08,,,,,,,,,,,,,,,,,,,20260501_165746_1c50f143,2026-05-01 17:49:26,57d7e97ce48c,55,0
CUSTOM_1_16_NO_PPL,Prefetch Only B=12,predict,24,0.0,0,-1.0,12,12.0,,False,True,,6.968469935841288,22223,8113,73.26,164.0,288.0,56.94,164.0,288.0,56.94444444444444,1074.0,2304.0,46.614583333333336,164.0,3456.0,4.74537037037037,1074.0,3456.0,31.07638888888889,8113.0,1394.0,0.766203849794888,20260501_165746_1c50f143,2026-05-01 17:50:18,57d7e97ce48c,56,0
CUSTOM_1_16_NO_PPL,Cache-Cond Only λ=0.5 B=12,cached,24,0.5,6,-1.0,12,12.0,,False,True,,6.2894287024626845,24572,5764,81.0,,,,,,,,,,,,,,,,,,,20260501_165746_1c50f143,2026-05-01 17:51:15,57d7e97ce48c,57,0
CUSTOM_1_16_NO_PPL,Both λ=0.5 B=12,predict,24,0.5,6,-1.0,12,12.0,,False,True,,7.692256357381436,23470,6866,77.37,782.0,1728.0,45.25,782.0,1728.0,45.254629629629626,1058.0,2304.0,45.920138888888886,782.0,3456.0,22.627314814814813,1058.0,3456.0,30.613425925925927,6866.0,1287.0,0.775209125475285,20260501_165746_1c50f143,2026-05-01 17:52:05,57d7e97ce48c,58,0
CUSTOM_1_16_NO_PPL,Cache-Cond Only λ=1.0 B=12,cached,24,1.0,6,-1.0,12,12.0,,False,True,,6.308543479627012,24572,5764,81.0,,,,,,,,,,,,,,,,,,,20260501_165746_1c50f143,2026-05-01 17:53:02,57d7e97ce48c,59,0
CUSTOM_1_16_NO_PPL,Both λ=1.0 B=12,predict,24,1.0,6,-1.0,12,12.0,,False,True,,7.662885619874866,23470,6866,77.37,782.0,1728.0,45.25,782.0,1728.0,45.254629629629626,1058.0,2304.0,45.920138888888886,782.0,3456.0,22.627314814814813,1058.0,3456.0,30.613425925925927,6866.0,1287.0,0.8006966760701583,20260501_165746_1c50f143,2026-05-01 17:53:52,57d7e97ce48c,60,0
CUSTOM_1_16_NO_PPL,Prefetch Only B=24,predict,24,0.0,0,-1.0,12,24.0,,False,True,,6.688843359033068,21998,8338,72.51,216.0,288.0,75.0,216.0,288.0,75.0,1558.0,2304.0,67.62152777777777,216.0,6912.0,3.125,1558.0,6912.0,22.54050925925926,8338.0,4074.0,0.9599806638736705,20260501_165746_1c50f143,2026-05-01 17:54:46,57d7e97ce48c,61,0
CUSTOM_1_16_NO_PPL,Cache-Cond Only λ=0.5 B=24,cached,24,0.5,6,-1.0,12,24.0,,False,True,,6.289537273705655,24572,5764,81.0,,,,,,,,,,,,,,,,,,,20260501_165746_1c50f143,2026-05-01 17:55:44,57d7e97ce48c,62,0
CUSTOM_1_16_NO_PPL,Both λ=0.5 B=24,predict,24,0.5,6,-1.0,12,24.0,,False,True,,7.633523349809381,24032,6304,79.22,1146.0,1728.0,66.32,1146.0,1728.0,66.31944444444444,1587.0,2304.0,68.88020833333333,1146.0,6912.0,16.57986111111111,1587.0,6912.0,22.960069444444443,6304.0,3792.0,0.9725841917591123,20260501_165746_1c50f143,2026-05-01 17:56:35,57d7e97ce48c,63,0
CUSTOM_1_16_NO_PPL,Cache-Cond Only λ=1.0 B=24,cached,24,1.0,6,-1.0,12,24.0,,False,True,,6.309227452199432,24572,5764,81.0,,,,,,,,,,,,,,,,,,,20260501_165746_1c50f143,2026-05-01 17:57:32,57d7e97ce48c,64,0
CUSTOM_1_16_NO_PPL,Both λ=1.0 B=24,predict,24,1.0,6,-1.0,12,24.0,,False,True,,7.518774079564432,24032,6304,79.22,1146.0,1728.0,66.32,1146.0,1728.0,66.31944444444444,1587.0,2304.0,68.88020833333333,1146.0,6912.0,16.57986111111111,1587.0,6912.0,22.960069444444443,6304.0,3792.0,1.0260459587955626,20260501_165746_1c50f143,2026-05-01 17:58:23,57d7e97ce48c,65,0
CUSTOM_1_16_NO_PPL,Neither (LRU),cached,24,0.0,0,-1.0,16,,,False,True,,5.012345502800798,21564,8772,71.08,,,,,,,,,,,,,,,,,,,20260501_165746_1c50f143,2026-05-01 17:59:26,57d7e97ce48c,66,0
CUSTOM_1_16_NO_PPL,Prefetch Only B=12,predict,24,0.0,0,-1.0,16,12.0,,False,True,,6.99383856507594,22245,8091,73.33,111.0,192.0,57.81,111.0,192.0,57.8125,746.0,1536.0,48.567708333333336,111.0,2304.0,4.817708333333333,746.0,2304.0,32.37847222222222,8091.0,960.0,0.7558954811623024,20260501_165746_1c50f143,2026-05-01 18:00:18,57d7e97ce48c,67,0
CUSTOM_1_16_NO_PPL,Cache-Cond Only λ=0.5 B=12,cached,24,0.5,6,-1.0,16,12.0,,False,True,,6.308696147865686,24572,5764,81.0,,,,,,,,,,,,,,,,,,,20260501_165746_1c50f143,2026-05-01 18:01:15,57d7e97ce48c,68,0
CUSTOM_1_16_NO_PPL,Both λ=0.5 B=12,predict,24,0.5,6,-1.0,16,12.0,,False,True,,8.064074529790135,24730,5606,81.52,563.0,1152.0,48.87,563.0,1152.0,48.87152777777778,749.0,1536.0,48.763020833333336,563.0,2304.0,24.43576388888889,749.0,2304.0,32.50868055555556,5606.0,894.0,0.794686153846154,20260501_165746_1c50f143,2026-05-01 18:02:04,57d7e97ce48c,69,0
CUSTOM_1_16_NO_PPL,Cache-Cond Only λ=1.0 B=12,cached,24,1.0,6,-1.0,16,12.0,,False,True,,6.30884652398007,24572,5764,81.0,,,,,,,,,,,,,,,,,,,20260501_165746_1c50f143,2026-05-01 18:03:00,57d7e97ce48c,70,0
CUSTOM_1_16_NO_PPL,Both λ=1.0 B=12,predict,24,1.0,6,-1.0,16,12.0,,False,True,,8.130466019273808,24730,5606,81.52,563.0,1152.0,48.87,563.0,1152.0,48.87152777777778,749.0,1536.0,48.763020833333336,563.0,2304.0,24.43576388888889,749.0,2304.0,32.50868055555556,5606.0,894.0,0.7688107692307694,20260501_165746_1c50f143,2026-05-01 18:03:49,57d7e97ce48c,71,0
CUSTOM_1_16_NO_PPL,Prefetch Only B=24,predict,24,0.0,0,-1.0,16,24.0,,False,True,,6.802238609123143,22140,8196,72.98,151.0,192.0,78.65,151.0,192.0,78.64583333333333,1066.0,1536.0,69.40104166666667,151.0,4608.0,3.2769097222222223,1066.0,4608.0,23.133680555555557,8196.0,2752.0,0.9402365728900255,20260501_165746_1c50f143,2026-05-01 18:04:43,57d7e97ce48c,72,0
CUSTOM_1_16_NO_PPL,Cache-Cond Only λ=0.5 B=24,cached,24,0.5,6,-1.0,16,24.0,,False,True,,6.289890696677537,24572,5764,81.0,,,,,,,,,,,,,,,,,,,20260501_165746_1c50f143,2026-05-01 18:05:39,57d7e97ce48c,73,0
CUSTOM_1_16_NO_PPL,Both λ=0.5 B=24,predict,24,0.5,6,-1.0,16,24.0,,False,True,,7.462671577257517,23288,7048,76.77,799.0,1152.0,69.36,799.0,1152.0,69.35763888888889,1060.0,1536.0,69.01041666666667,799.0,4608.0,17.33940972222222,1060.0,4608.0,23.00347222222222,7048.0,2686.0,0.8895561947811792,20260501_165746_1c50f143,2026-05-01 18:06:31,57d7e97ce48c,74,0
CUSTOM_1_16_NO_PPL,Cache-Cond Only λ=1.0 B=24,cached,24,1.0,6,-1.0,16,24.0,,False,True,,6.289218689943665,24572,5764,81.0,,,,,,,,,,,,,,,,,,,20260501_165746_1c50f143,2026-05-01 18:07:27,57d7e97ce48c,75,0
CUSTOM_1_16_NO_PPL,Both λ=1.0 B=24,predict,24,1.0,6,-1.0,16,24.0,,False,True,,7.490922986689602,23288,7048,76.77,799.0,1152.0,69.36,799.0,1152.0,69.35763888888889,1060.0,1536.0,69.01041666666667,799.0,4608.0,17.33940972222222,1060.0,4608.0,23.00347222222222,7048.0,2686.0,0.8736963221697144,20260501_165746_1c50f143,2026-05-01 18:08:19,57d7e97ce48c,76,0
