question,label,backend,cache_size,lambda_val,forced_top_n,prob_mass_threshold,forced_top_p,lookahead,predictor_stride,prefetch_budget,predictor_tag,mode_perplexity,mode_generate,temperature,bookend_pass,gen_perplexity,gen_perplexity_std,prompt_gen_perplexity,prompt_gen_perplexity_std,tokens_per_second,tokens_per_second_std,cache_hits,cache_misses,hit_rate_pct,pred_hits,pred_total,pred_hit_rate_pct,pred_hits_routed_forced_n,pred_total_routed_forced_n,pred_hit_rate_routed_forced_n_pct,pred_hits_routed_topk,pred_total_routed_topk,pred_hit_rate_routed_topk_pct,pred_requested_hits_forced_n,pred_requested_total_forced_n,pred_requested_rate_forced_n_pct,pred_requested_hits_topk,pred_requested_total_topk,pred_requested_rate_topk_pct,stall_loads,prefetch_loads,prefetch_hits_ready,prefetch_hits_wait,prefetch_ticks_skipped,avg_ms_per_expert_load,run_id,row_timestamp,prompt_hash,config_id,run_iter,pred_hits_window_recall,pred_total_window_recall,pred_window_recall_pct,pred_hits_window_precision,pred_total_window_precision,pred_window_precision_pct
ORACLE_BASELINE_SWEEP,Neither (LRU),cached,8,0.0,0,-1.0,-1.0,1,1,,,False,True,0.0,main,,,,,7.72937774168089,,55809,65151,46.138,,,,,,,,,,,,,,,,65151,0,,,,0.3429358641745701,20260703_044735_53c4404d,2026-07-03 04:49:33,f6d0ccda646c,0,0,,,,,,
ORACLE_BASELINE_SWEEP,Neither (RANDOM),cached,8,0.0,0,-1.0,-1.0,1,1,,,False,True,0.0,main,,,,,7.70588977926163,,55809,65151,46.138,,,,,,,,,,,,,,,,65151,0,,,,0.3439143204788654,20260703_044735_53c4404d,2026-07-03 04:51:26,f6d0ccda646c,1,0,,,,,,
ORACLE_BASELINE_SWEEP,Oracle Full Union LA=1,predict,8,0.0,0,-1.0,-1.0,1,1,8.0,,False,True,0.0,main,,,,,13.104360467454356,,120960,0,100.0,14880.0,14880.0,100.0,14880.0,14880.0,100.0,119040.0,119040.0,100.0,14880.0,119040.0,12.5,119040.0,119040.0,100.0,0,64337,63361.0,0.0,0.0,0.4422411564270984,20260703_044735_53c4404d,2026-07-03 04:53:05,f6d0ccda646c,2,0,119040.0,119040.0,100.0,119040.0,119040.0,100.0
ORACLE_BASELINE_SWEEP,Oracle Full Union LA=2,predict,8,0.0,0,-1.0,-1.0,2,2,8.0,,False,True,0.0,main,,,,,9.806898507877476,,89258,31702,73.79,4718.0,7440.0,63.416,4718.0,7440.0,63.413978494623656,28206.0,59520.0,47.38911290322581,4718.0,59520.0,7.926747311827957,28206.0,59520.0,47.38911290322581,31702,33023,32047.0,0.0,0.0,0.41739227666486817,20260703_044735_53c4404d,2026-07-03 04:54:53,f6d0ccda646c,3,0,59520.0,90834.0,65.5318685239711,59520.0,59520.0,100.0
ORACLE_BASELINE_SWEEP,Oracle Full Union LA=3,predict,8,0.0,0,-1.0,-1.0,3,3,8.0,,False,True,0.0,main,,,,,7.992927091957226,,71607,49353,59.198,3338.0,4800.0,69.542,3338.0,4800.0,69.54166666666666,21648.0,38400.0,56.375,3338.0,38400.0,8.692708333333332,21648.0,38400.0,56.375,49353,22544,16828.0,0.0,0.0,0.4081334348833791,20260703_044735_53c4404d,2026-07-03 04:56:47,f6d0ccda646c,4,0,38400.0,75024.0,51.19103528630376,38400.0,38400.0,100.0
ORACLE_BASELINE_SWEEP,Oracle Full Union LA=4,predict,8,0.0,0,-1.0,-1.0,4,4,8.0,,False,True,0.0,main,,,,,7.706472587395245,,65083,55877,53.806,2351.0,3600.0,65.306,2351.0,3600.0,65.30555555555556,15924.0,28800.0,55.291666666666664,2351.0,28800.0,8.163194444444445,15924.0,28800.0,55.291666666666664,55877,17257,10426.0,0.0,0.0,0.3923115164854836,20260703_044735_53c4404d,2026-07-03 04:58:43,f6d0ccda646c,5,0,28800.0,67010.0,42.990587379287135,28800.0,28800.0,100.0
ORACLE_BASELINE_SWEEP,Oracle Full Union LA=6,predict,8,0.0,0,-1.0,-1.0,6,6,8.0,,False,True,0.0,main,,,,,7.603181534755879,,61200,59760,50.594,1530.0,2400.0,63.751999999999995,1530.0,2400.0,63.75,9906.0,19200.0,51.59375,1530.0,19200.0,7.96875,9906.0,19200.0,51.59375,59760,12091,6244.0,0.0,0.0,0.37880536003709625,20260703_044735_53c4404d,2026-07-03 05:00:40,f6d0ccda646c,6,0,19200.0,57016.0,33.68104670876706,19200.0,19200.0,100.0
ORACLE_BASELINE_SWEEP,Oracle Full Union LA=8,predict,8,0.0,0,-1.0,-1.0,8,8,8.0,,False,True,0.0,main,,,,,7.585966630573104,,59352,61608,49.066,1083.0,1680.0,64.464,1083.0,1680.0,64.46428571428571,6920.0,13440.0,51.48809523809524,1083.0,13440.0,8.058035714285714,6920.0,13440.0,51.48809523809524,61608,8565,3954.0,0.0,0.0,0.3703632171423086,20260703_044735_53c4404d,2026-07-03 05:02:37,f6d0ccda646c,7,0,13440.0,47353.0,28.39800489669948,13440.0,13440.0,100.0
ORACLE_BASELINE_SWEEP,Neither (LRU),cached,16,0.0,0,-1.0,-1.0,1,1,,,False,True,0.0,main,,,,,8.994091779063769,,74477,46483,61.572,,,,,,,,,,,,,,,,46483,0,,,,0.37453830488064455,20260703_044735_53c4404d,2026-07-03 05:04:28,f6d0ccda646c,8,0,,,,,,
ORACLE_BASELINE_SWEEP,Neither (RANDOM),cached,16,0.0,0,-1.0,-1.0,1,1,,,False,True,0.0,main,,,,,8.72669626993676,,71816,49144,59.372,,,,,,,,,,,,,,,,49144,0,,,,0.3731300382771022,20260703_044735_53c4404d,2026-07-03 05:06:19,f6d0ccda646c,9,0,,,,,,
ORACLE_BASELINE_SWEEP,Oracle Full Union LA=1,predict,16,0.0,0,-1.0,-1.0,1,1,16.0,,False,True,0.0,main,,,,,14.747403127975323,,120960,0,100.0,14880.0,14880.0,100.0,14880.0,14880.0,100.0,119040.0,119040.0,100.0,14880.0,119040.0,12.5,119040.0,119040.0,100.0,0,44734,44001.0,0.0,0.0,0.4715695498578506,20260703_044735_53c4404d,2026-07-03 05:07:58,f6d0ccda646c,10,0,119040.0,119040.0,100.0,119040.0,119040.0,100.0
ORACLE_BASELINE_SWEEP,Oracle Full Union LA=2,predict,16,0.0,0,-1.0,-1.0,2,2,16.0,,False,True,0.0,main,,,,,14.965799855185665,,120960,0,100.0,7440.0,7440.0,100.0,7440.0,7440.0,100.0,59520.0,59520.0,100.0,7440.0,90834.0,8.191483565496387,59520.0,90834.0,65.5318685239711,0,42616,41167.0,0.0,0.0,0.5424445291120115,20260703_044735_53c4404d,2026-07-03 05:09:37,f6d0ccda646c,11,0,90834.0,90834.0,100.0,90834.0,90834.0,100.0
ORACLE_BASELINE_SWEEP,Oracle Full Union LA=3,predict,16,0.0,0,-1.0,-1.0,3,3,16.0,,False,True,0.0,main,,,,,13.709829637407225,,116723,4237,96.5,4342.0,4800.0,90.458,4342.0,4800.0,90.45833333333333,34163.0,38400.0,88.96614583333334,4342.0,70787.0,6.134597565715916,34163.0,70787.0,48.268202805105446,4237,36381,35964.0,0.0,0.0,0.5254729841363854,20260703_044735_53c4404d,2026-07-03 05:11:19,f6d0ccda646c,12,0,70787.0,75024.0,94.35685749737455,70787.0,70787.0,100.0
ORACLE_BASELINE_SWEEP,Oracle Full Union LA=4,predict,16,0.0,0,-1.0,-1.0,4,4,16.0,,False,True,0.0,main,,,,,12.018575434118086,,109627,11333,90.63,2808.0,3600.0,78.002,2808.0,3600.0,78.0,20799.0,28800.0,72.21875,2808.0,56301.0,4.987577966758943,20799.0,56301.0,36.94517417761479,11333,29922,29163.0,0.0,0.0,0.48369520670917315,20260703_044735_53c4404d,2026-07-03 05:13:03,f6d0ccda646c,13,0,56301.0,67010.0,84.03817739895523,56301.0,56301.0,100.0
ORACLE_BASELINE_SWEEP,Oracle Full Union LA=6,predict,16,0.0,0,-1.0,-1.0,6,6,16.0,,False,True,0.0,main,,,,,10.071032324033748,,95472,25488,78.926,1905.0,2400.0,79.374,1905.0,2400.0,79.375,13489.0,19200.0,70.25520833333334,1905.0,38294.0,4.974385364468196,13489.0,38294.0,35.222991656739545,25488,20546,17145.0,0.0,0.0,0.45455451857578827,20260703_044735_53c4404d,2026-07-03 05:14:52,f6d0ccda646c,14,0,38294.0,57016.0,67.17511641269208,38294.0,38294.0,100.0
ORACLE_BASELINE_SWEEP,Oracle Full Union LA=8,predict,16,0.0,0,-1.0,-1.0,8,8,16.0,,False,True,0.0,main,,,,,9.14205375305485,,86572,34388,71.57000000000001,1356.0,1680.0,80.712,1356.0,1680.0,80.71428571428571,9580.0,13440.0,71.2797619047619,1356.0,26872.0,5.046108158587762,9580.0,26872.0,35.650514805035975,34388,14607,9824.0,0.0,0.0,0.4411364497682733,20260703_044735_53c4404d,2026-07-03 05:16:45,f6d0ccda646c,15,0,26872.0,47353.0,56.77892742875495,26872.0,26872.0,100.0
ORACLE_BASELINE_SWEEP,Neither (LRU),cached,24,0.0,0,-1.0,-1.0,1,1,,,False,True,0.0,main,,,,,9.835262425325102,,85354,35606,70.56199999999998,,,,,,,,,,,,,,,,35606,0,,,,0.41137849604429133,20260703_044735_53c4404d,2026-07-03 05:18:36,f6d0ccda646c,16,0,,,,,,
ORACLE_BASELINE_SWEEP,Neither (RANDOM),cached,24,0.0,0,-1.0,-1.0,1,1,,,False,True,0.0,main,,,,,8.895833215110859,,82294,38666,68.034,,,,,,,,,,,,,,,,38666,0,,,,0.4796204108755135,20260703_044735_53c4404d,2026-07-03 05:20:31,f6d0ccda646c,17,0,,,,,,
ORACLE_BASELINE_SWEEP,Oracle Full Union LA=1,predict,24,0.0,0,-1.0,-1.0,1,1,24.0,,False,True,0.0,main,,,,,15.831480513449481,,120960,0,100.0,14880.0,14880.0,100.0,14880.0,14880.0,100.0,119040.0,119040.0,100.0,14880.0,119040.0,12.5,119040.0,119040.0,100.0,0,33883,33285.0,0.0,0.0,0.4977259972830182,20260703_044735_53c4404d,2026-07-03 05:22:11,f6d0ccda646c,18,0,119040.0,119040.0,100.0,119040.0,119040.0,100.0
ORACLE_BASELINE_SWEEP,Oracle Full Union LA=2,predict,24,0.0,0,-1.0,-1.0,2,2,24.0,,False,True,0.0,main,,,,,15.79759126458244,,120960,0,100.0,7440.0,7440.0,100.0,7440.0,7440.0,100.0,59520.0,59520.0,100.0,7440.0,90834.0,8.191483565496387,59520.0,90834.0,65.5318685239711,0,32407,31247.0,0.0,0.0,0.5066344089838222,20260703_044735_53c4404d,2026-07-03 05:23:53,f6d0ccda646c,19,0,90834.0,90834.0,100.0,90834.0,90834.0,100.0
ORACLE_BASELINE_SWEEP,Oracle Full Union LA=3,predict,24,0.0,0,-1.0,-1.0,3,3,24.0,,False,True,0.0,main,,,,,16.241773500017594,,120960,0,100.0,4800.0,4800.0,100.0,4800.0,4800.0,100.0,38400.0,38400.0,100.0,4800.0,75024.0,6.39887941078797,38400.0,75024.0,51.19103528630376,0,30200,29696.0,0.0,0.0,0.6870307960834946,20260703_044735_53c4404d,2026-07-03 05:25:33,f6d0ccda646c,20,0,75024.0,75024.0,100.0,75024.0,75024.0,100.0
ORACLE_BASELINE_SWEEP,Oracle Full Union LA=4,predict,24,0.0,0,-1.0,-1.0,4,4,24.0,,False,True,0.0,main,,,,,15.911023107628978,,120546,414,99.658,3545.0,3600.0,98.47200000000001,3545.0,3600.0,98.47222222222223,28386.0,28800.0,98.5625,3545.0,66596.0,5.32468116817751,28386.0,66596.0,42.63633166144307,414,28882,27925.0,0.0,0.0,0.8626918196266724,20260703_044735_53c4404d,2026-07-03 05:27:14,f6d0ccda646c,21,0,66596.0,67010.0,99.38347525388275,66596.0,66596.0,100.0
ORACLE_BASELINE_SWEEP,Oracle Full Union LA=6,predict,24,0.0,0,-1.0,-1.0,6,6,24.0,,False,True,0.0,main,,,,,14.527816016990192,,116480,4480,96.296,2134.0,2400.0,88.918,2134.0,2400.0,88.91666666666667,16671.0,19200.0,86.828125,2134.0,52974.0,4.02841248930038,16671.0,52974.0,31.472758889216845,4480,24496,22925.0,0.0,0.0,0.6462374613447082,20260703_044735_53c4404d,2026-07-03 05:28:57,f6d0ccda646c,22,0,52974.0,57016.0,92.91994308340502,52974.0,52974.0,100.0
ORACLE_BASELINE_SWEEP,Oracle Full Union LA=8,predict,24,0.0,0,-1.0,-1.0,8,8,24.0,,False,True,0.0,main,,,,,12.952039681213279,,110051,10909,90.982,1439.0,1680.0,85.65599999999999,1439.0,1680.0,85.6547619047619,10688.0,13440.0,79.52380952380953,1439.0,39312.0,3.660422963456984,10688.0,39312.0,27.188408457844467,10909,18224,17206.0,0.0,0.0,0.5112440032062744,20260703_044735_53c4404d,2026-07-03 05:30:43,f6d0ccda646c,23,0,39312.0,47353.0,83.06085118106776,39312.0,39312.0,100.0
ORACLE_BASELINE_SWEEP,Neither (LRU),cached,32,0.0,0,-1.0,-1.0,1,1,,,False,True,0.0,main,,,,,10.88633980135234,,93811,27149,77.556,,,,,,,,,,,,,,,,27149,0,,,,0.4375267444451346,20260703_044735_53c4404d,2026-07-03 05:32:33,f6d0ccda646c,24,0,,,,,,
ORACLE_BASELINE_SWEEP,Neither (RANDOM),cached,32,0.0,0,-1.0,-1.0,1,1,,,False,True,0.0,main,,,,,10.400296380318151,,89963,30997,74.372,,,,,,,,,,,,,,,,30997,0,,,,0.42695439841062743,20260703_044735_53c4404d,2026-07-03 05:34:25,f6d0ccda646c,25,0,,,,,,
ORACLE_BASELINE_SWEEP,Oracle Full Union LA=1,predict,32,0.0,0,-1.0,-1.0,1,1,32.0,,False,True,0.0,main,,,,,16.81510645270557,,120960,0,100.0,14880.0,14880.0,100.0,14880.0,14880.0,100.0,119040.0,119040.0,100.0,14880.0,119040.0,12.5,119040.0,119040.0,100.0,0,25548,25112.0,0.0,0.0,0.527530648332492,20260703_044735_53c4404d,2026-07-03 05:36:07,f6d0ccda646c,26,0,119040.0,119040.0,100.0,119040.0,119040.0,100.0
ORACLE_BASELINE_SWEEP,Oracle Full Union LA=2,predict,32,0.0,0,-1.0,-1.0,2,2,32.0,,False,True,0.0,main,,,,,16.907937236190115,,120960,0,100.0,7440.0,7440.0,100.0,7440.0,7440.0,100.0,59520.0,59520.0,100.0,7440.0,90834.0,8.191483565496387,59520.0,90834.0,65.5318685239711,0,24454,23596.0,0.0,0.0,0.5205624843262608,20260703_044735_53c4404d,2026-07-03 05:37:49,f6d0ccda646c,27,0,90834.0,90834.0,100.0,90834.0,90834.0,100.0
ORACLE_BASELINE_SWEEP,Oracle Full Union LA=3,predict,32,0.0,0,-1.0,-1.0,3,3,32.0,,False,True,0.0,main,,,,,17.118045093140342,,120960,0,100.0,4800.0,4800.0,100.0,4800.0,4800.0,100.0,38400.0,38400.0,100.0,4800.0,75024.0,6.39887941078797,38400.0,75024.0,51.19103528630376,0,22765,22419.0,0.0,0.0,0.6045425803035553,20260703_044735_53c4404d,2026-07-03 05:39:31,f6d0ccda646c,28,0,75024.0,75024.0,100.0,75024.0,75024.0,100.0
ORACLE_BASELINE_SWEEP,Oracle Full Union LA=4,predict,32,0.0,0,-1.0,-1.0,4,4,32.0,,False,True,0.0,main,,,,,17.249352159690737,,120960,0,100.0,3600.0,3600.0,100.0,3600.0,3600.0,100.0,28800.0,28800.0,100.0,3600.0,67010.0,5.373823422410892,28800.0,67010.0,42.990587379287135,0,21896,21207.0,0.0,0.0,1.0753592487445114,20260703_044735_53c4404d,2026-07-03 05:41:13,f6d0ccda646c,29,0,67010.0,67010.0,100.0,67010.0,67010.0,100.0
ORACLE_BASELINE_SWEEP,Oracle Full Union LA=6,predict,32,0.0,0,-1.0,-1.0,6,6,32.0,,False,True,0.0,main,,,,,17.07894905991794,,120670,290,99.76,2369.0,2400.0,98.708,2369.0,2400.0,98.70833333333334,18953.0,19200.0,98.71354166666666,2369.0,56732.0,4.176654700734085,18953.0,56732.0,33.41440082675417,290,20127,18892.0,0.0,0.0,1.0213209507601833,20260703_044735_53c4404d,2026-07-03 05:42:55,f6d0ccda646c,30,0,56732.0,57016.0,99.5029387119876,56732.0,56732.0,100.0
ORACLE_BASELINE_SWEEP,Oracle Full Union LA=8,predict,32,0.0,0,-1.0,-1.0,8,8,32.0,,False,True,0.0,main,,,,,16.63216421235413,,119140,1820,98.49600000000001,1594.0,1680.0,94.88399999999999,1594.0,1680.0,94.88095238095238,12555.0,13440.0,93.41517857142858,1594.0,45757.0,3.4846723947270086,12555.0,45757.0,27.45344135045601,1820,16749,16273.0,0.0,0.0,0.8460725563985931,20260703_044735_53c4404d,2026-07-03 05:44:38,f6d0ccda646c,31,0,45757.0,47353.0,96.64550665870111,45757.0,45757.0,100.0
ORACLE_BASELINE_SWEEP,Neither (LRU),cached,40,0.0,0,-1.0,-1.0,1,1,,,False,True,0.0,main,,,,,12.106442577030812,,100335,20625,82.94800000000001,,,,,,,,,,,,,,,,20625,0,,,,0.4672885351128248,20260703_044735_53c4404d,2026-07-03 05:46:27,f6d0ccda646c,32,0,,,,,,
ORACLE_BASELINE_SWEEP,Neither (RANDOM),cached,40,0.0,0,-1.0,-1.0,1,1,,,False,True,0.0,main,,,,,11.270390034434978,,96062,24898,79.416,,,,,,,,,,,,,,,,24898,0,,,,0.4482700967723255,20260703_044735_53c4404d,2026-07-03 05:48:18,f6d0ccda646c,33,0,,,,,,
ORACLE_BASELINE_SWEEP,Oracle Full Union LA=1,predict,40,0.0,0,-1.0,-1.0,1,1,40.0,,False,True,0.0,main,,,,,17.60880511508597,,120960,0,100.0,14880.0,14880.0,100.0,14880.0,14880.0,100.0,119040.0,119040.0,100.0,14880.0,119040.0,12.5,119040.0,119040.0,100.0,0,19033,18760.0,0.0,0.0,0.5620259913955211,20260703_044735_53c4404d,2026-07-03 05:50:02,f6d0ccda646c,34,0,119040.0,119040.0,100.0,119040.0,119040.0,100.0
ORACLE_BASELINE_SWEEP,Oracle Full Union LA=2,predict,40,0.0,0,-1.0,-1.0,2,2,40.0,,False,True,0.0,main,,,,,17.729370692137653,,120960,0,100.0,7440.0,7440.0,100.0,7440.0,7440.0,100.0,59520.0,59520.0,100.0,7440.0,90834.0,8.191483565496387,59520.0,90834.0,65.5318685239711,0,18238,17674.0,0.0,0.0,0.5407861932461454,20260703_044735_53c4404d,2026-07-03 05:51:46,f6d0ccda646c,35,0,90834.0,90834.0,100.0,90834.0,90834.0,100.0
ORACLE_BASELINE_SWEEP,Oracle Full Union LA=3,predict,40,0.0,0,-1.0,-1.0,3,3,40.0,,False,True,0.0,main,,,,,17.871888234612705,,120960,0,100.0,4800.0,4800.0,100.0,4800.0,4800.0,100.0,38400.0,38400.0,100.0,4800.0,75024.0,6.39887941078797,38400.0,75024.0,51.19103528630376,0,17064,16836.0,0.0,0.0,0.5804495931324917,20260703_044735_53c4404d,2026-07-03 05:53:30,f6d0ccda646c,36,0,75024.0,75024.0,100.0,75024.0,75024.0,100.0
ORACLE_BASELINE_SWEEP,Oracle Full Union LA=4,predict,40,0.0,0,-1.0,-1.0,4,4,40.0,,False,True,0.0,main,,,,,17.947323048055114,,120960,0,100.0,3600.0,3600.0,100.0,3600.0,3600.0,100.0,28800.0,28800.0,100.0,3600.0,67010.0,5.373823422410892,28800.0,67010.0,42.990587379287135,0,16456,15975.0,0.0,0.0,0.9693046753988768,20260703_044735_53c4404d,2026-07-03 05:55:13,f6d0ccda646c,37,0,67010.0,67010.0,100.0,67010.0,67010.0,100.0
ORACLE_BASELINE_SWEEP,Oracle Full Union LA=6,predict,40,0.0,0,-1.0,-1.0,6,6,40.0,,False,True,0.0,main,,,,,18.145138359372005,,120958,2,99.998,2400.0,2400.0,100.0,2400.0,2400.0,100.0,19198.0,19200.0,99.98958333333334,2400.0,57014.0,4.210275063468059,19198.0,57014.0,33.67873340191106,2,15240,14365.0,0.0,0.0,1.1487336617892965,20260703_044735_53c4404d,2026-07-03 05:56:57,f6d0ccda646c,38,0,57014.0,57016.0,99.99653349510356,57014.0,57014.0,100.0
ORACLE_BASELINE_SWEEP,Oracle Full Union LA=8,predict,40,0.0,0,-1.0,-1.0,8,8,40.0,,False,True,0.0,main,,,,,18.056160829001097,,120759,201,99.834,1663.0,1680.0,98.99,1663.0,1680.0,98.98809523809524,13311.0,13440.0,99.04017857142858,1663.0,47161.0,3.528045239912852,13311.0,47161.0,28.239920852063072,201,13439,13024.0,0.0,0.0,1.0671821739750782,20260703_044735_53c4404d,2026-07-03 05:58:41,f6d0ccda646c,39,0,47161.0,47353.0,99.59578544163523,47161.0,47161.0,100.0
ORACLE_BASELINE_SWEEP,Neither (LRU),cached,48,0.0,0,-1.0,-1.0,1,1,,,False,True,0.0,main,,,,,13.231729799116247,,104986,15974,86.79400000000001,,,,,,,,,,,,,,,,15974,0,,,,0.4832980878238625,20260703_044735_53c4404d,2026-07-03 06:00:30,f6d0ccda646c,40,0,,,,,,
ORACLE_BASELINE_SWEEP,Neither (RANDOM),cached,48,0.0,0,-1.0,-1.0,1,1,,,False,True,0.0,main,,,,,12.004529897826751,,100360,20600,82.97200000000001,,,,,,,,,,,,,,,,20600,0,,,,0.4739704399175853,20260703_044735_53c4404d,2026-07-03 06:02:22,f6d0ccda646c,41,0,,,,,,
ORACLE_BASELINE_SWEEP,Oracle Full Union LA=1,predict,48,0.0,0,-1.0,-1.0,1,1,48.0,,False,True,0.0,main,,,,,18.19655120152717,,120960,0,100.0,14880.0,14880.0,100.0,14880.0,14880.0,100.0,119040.0,119040.0,100.0,14880.0,119040.0,12.5,119040.0,119040.0,100.0,0,14523,14339.0,0.0,0.0,0.5868730729067871,20260703_044735_53c4404d,2026-07-03 06:04:08,f6d0ccda646c,42,0,119040.0,119040.0,100.0,119040.0,119040.0,100.0
ORACLE_BASELINE_SWEEP,Oracle Full Union LA=2,predict,48,0.0,0,-1.0,-1.0,2,2,48.0,,False,True,0.0,main,,,,,18.27220701326146,,120960,0,100.0,7440.0,7440.0,100.0,7440.0,7440.0,100.0,59520.0,59520.0,100.0,7440.0,90834.0,8.191483565496387,59520.0,90834.0,65.5318685239711,0,13962,13559.0,0.0,0.0,0.5496996514999406,20260703_044735_53c4404d,2026-07-03 06:05:54,f6d0ccda646c,43,0,90834.0,90834.0,100.0,90834.0,90834.0,100.0
ORACLE_BASELINE_SWEEP,Oracle Full Union LA=3,predict,48,0.0,0,-1.0,-1.0,3,3,48.0,,False,True,0.0,main,,,,,18.36862495116146,,120960,0,100.0,4800.0,4800.0,100.0,4800.0,4800.0,100.0,38400.0,38400.0,100.0,4800.0,75024.0,6.39887941078797,38400.0,75024.0,51.19103528630376,0,13123,12955.0,0.0,0.0,0.5774676569001388,20260703_044735_53c4404d,2026-07-03 06:07:40,f6d0ccda646c,44,0,75024.0,75024.0,100.0,75024.0,75024.0,100.0
ORACLE_BASELINE_SWEEP,Oracle Full Union LA=4,predict,48,0.0,0,-1.0,-1.0,4,4,48.0,,False,True,0.0,main,,,,,18.456474913888805,,120960,0,100.0,3600.0,3600.0,100.0,3600.0,3600.0,100.0,28800.0,28800.0,100.0,3600.0,67010.0,5.373823422410892,28800.0,67010.0,42.990587379287135,0,12706,12332.0,0.0,0.0,0.8481804946944026,20260703_044735_53c4404d,2026-07-03 06:09:27,f6d0ccda646c,45,0,67010.0,67010.0,100.0,67010.0,67010.0,100.0
ORACLE_BASELINE_SWEEP,Oracle Full Union LA=6,predict,48,0.0,0,-1.0,-1.0,6,6,48.0,,False,True,0.0,main,,,,,18.591080531433295,,120960,0,100.0,2400.0,2400.0,100.0,2400.0,2400.0,100.0,19200.0,19200.0,100.0,2400.0,57016.0,4.210130838595883,19200.0,57016.0,33.68104670876706,0,11739,11066.0,0.0,0.0,0.9639814954696494,20260703_044735_53c4404d,2026-07-03 06:11:14,f6d0ccda646c,46,0,57016.0,57016.0,100.0,57016.0,57016.0,100.0
ORACLE_BASELINE_SWEEP,Oracle Full Union LA=8,predict,48,0.0,0,-1.0,-1.0,8,8,48.0,,False,True,0.0,main,,,,,18.768646528208954,,120946,14,99.99,1679.0,1680.0,99.94,1679.0,1680.0,99.94047619047619,13426.0,13440.0,99.89583333333334,1679.0,47339.0,3.548703649355062,13426.0,47339.0,28.377060222201795,14,10519,10178.0,0.0,0.0,1.1432994933693361,20260703_044735_53c4404d,2026-07-03 06:13:01,f6d0ccda646c,47,0,47339.0,47353.0,99.97098162116704,47339.0,47339.0,100.0
ORACLE_BASELINE_SWEEP,Neither (LRU),cached,56,0.0,0,-1.0,-1.0,1,1,,,False,True,0.0,main,,,,,14.152082743632041,,108577,12383,89.764,,,,,,,,,,,,,,,,12383,0,,,,0.5170435834765905,20260703_044735_53c4404d,2026-07-03 06:14:52,f6d0ccda646c,48,0,,,,,,
ORACLE_BASELINE_SWEEP,Neither (RANDOM),cached,56,0.0,0,-1.0,-1.0,1,1,,,False,True,0.0,main,,,,,12.76599384194321,,103928,17032,85.922,,,,,,,,,,,,,,,,17032,0,,,,0.49527574776449973,20260703_044735_53c4404d,2026-07-03 06:16:44,f6d0ccda646c,49,0,,,,,,
ORACLE_BASELINE_SWEEP,Oracle Full Union LA=1,predict,56,0.0,0,-1.0,-1.0,1,1,56.0,,False,True,0.0,main,,,,,18.67062823730914,,120960,0,100.0,14880.0,14880.0,100.0,14880.0,14880.0,100.0,119040.0,119040.0,100.0,14880.0,119040.0,12.5,119040.0,119040.0,100.0,0,11130,11004.0,0.0,0.0,0.6287915028166726,20260703_044735_53c4404d,2026-07-03 06:18:34,f6d0ccda646c,50,0,119040.0,119040.0,100.0,119040.0,119040.0,100.0
ORACLE_BASELINE_SWEEP,Oracle Full Union LA=2,predict,56,0.0,0,-1.0,-1.0,2,2,56.0,,False,True,0.0,main,,,,,18.74001674674241,,120960,0,100.0,7440.0,7440.0,100.0,7440.0,7440.0,100.0,59520.0,59520.0,100.0,7440.0,90834.0,8.191483565496387,59520.0,90834.0,65.5318685239711,0,10693,10402.0,0.0,0.0,0.5732767261268225,20260703_044735_53c4404d,2026-07-03 06:20:21,f6d0ccda646c,51,0,90834.0,90834.0,100.0,90834.0,90834.0,100.0
ORACLE_BASELINE_SWEEP,Oracle Full Union LA=3,predict,56,0.0,0,-1.0,-1.0,3,3,56.0,,False,True,0.0,main,,,,,18.807786192181144,,120960,0,100.0,4800.0,4800.0,100.0,4800.0,4800.0,100.0,38400.0,38400.0,100.0,4800.0,75024.0,6.39887941078797,38400.0,75024.0,51.19103528630376,0,10102,9984.0,0.0,0.0,0.6044775207461275,20260703_044735_53c4404d,2026-07-03 06:22:09,f6d0ccda646c,52,0,75024.0,75024.0,100.0,75024.0,75024.0,100.0
ORACLE_BASELINE_SWEEP,Oracle Full Union LA=4,predict,56,0.0,0,-1.0,-1.0,4,4,56.0,,False,True,0.0,main,,,,,18.856392207580154,,120960,0,100.0,3600.0,3600.0,100.0,3600.0,3600.0,100.0,28800.0,28800.0,100.0,3600.0,67010.0,5.373823422410892,28800.0,67010.0,42.990587379287135,0,9816,9548.0,0.0,0.0,0.8316816264287917,20260703_044735_53c4404d,2026-07-03 06:23:57,f6d0ccda646c,53,0,67010.0,67010.0,100.0,67010.0,67010.0,100.0
ORACLE_BASELINE_SWEEP,Oracle Full Union LA=6,predict,56,0.0,0,-1.0,-1.0,6,6,56.0,,False,True,0.0,main,,,,,18.98134703630013,,120960,0,100.0,2400.0,2400.0,100.0,2400.0,2400.0,100.0,19200.0,19200.0,100.0,2400.0,57016.0,4.210130838595883,19200.0,57016.0,33.68104670876706,0,9083,8611.0,0.0,0.0,0.9267322698981421,20260703_044735_53c4404d,2026-07-03 06:25:45,f6d0ccda646c,54,0,57016.0,57016.0,100.0,57016.0,57016.0,100.0
ORACLE_BASELINE_SWEEP,Oracle Full Union LA=8,predict,56,0.0,0,-1.0,-1.0,8,8,56.0,,False,True,0.0,main,,,,,19.102138952542255,,120960,0,100.0,1680.0,1680.0,100.0,1680.0,1680.0,100.0,13440.0,13440.0,100.0,1680.0,47353.0,3.549750612087435,13440.0,47353.0,28.39800489669948,0,8166,7924.0,0.0,0.0,1.0829248383879435,20260703_044735_53c4404d,2026-07-03 06:27:33,f6d0ccda646c,55,0,47353.0,47353.0,100.0,47353.0,47353.0,100.0
ORACLE_BASELINE_SWEEP,Neither (LRU),cached,64,0.0,0,-1.0,-1.0,1,1,,,False,True,0.0,main,,,,,15.128629996227492,,111390,9570,92.086,,,,,,,,,,,,,,,,9570,0,,,,0.5394178305135421,20260703_044735_53c4404d,2026-07-03 06:29:25,f6d0ccda646c,56,0,,,,,,
ORACLE_BASELINE_SWEEP,Neither (RANDOM),cached,64,0.0,0,-1.0,-1.0,1,1,,,False,True,0.0,main,,,,,13.41945773524721,,106738,14222,88.242,,,,,,,,,,,,,,,,14222,0,,,,0.5154589989198086,20260703_044735_53c4404d,2026-07-03 06:31:20,f6d0ccda646c,57,0,,,,,,
ORACLE_BASELINE_SWEEP,Oracle Full Union LA=1,predict,64,0.0,0,-1.0,-1.0,1,1,64.0,,False,True,0.0,main,,,,,19.023005149426314,,120960,0,100.0,14880.0,14880.0,100.0,14880.0,14880.0,100.0,119040.0,119040.0,100.0,14880.0,119040.0,12.5,119040.0,119040.0,100.0,0,8698,8627.0,0.0,0.0,0.6581871106801991,20260703_044735_53c4404d,2026-07-03 06:33:12,f6d0ccda646c,58,0,119040.0,119040.0,100.0,119040.0,119040.0,100.0
ORACLE_BASELINE_SWEEP,Oracle Full Union LA=2,predict,64,0.0,0,-1.0,-1.0,2,2,64.0,,False,True,0.0,main,,,,,19.04110346810472,,120960,0,100.0,7440.0,7440.0,100.0,7440.0,7440.0,100.0,59520.0,59520.0,100.0,7440.0,90834.0,8.191483565496387,59520.0,90834.0,65.5318685239711,0,8364,8175.0,0.0,0.0,0.594544349983311,20260703_044735_53c4404d,2026-07-03 06:35:04,f6d0ccda646c,59,0,90834.0,90834.0,100.0,90834.0,90834.0,100.0
ORACLE_BASELINE_SWEEP,Oracle Full Union LA=3,predict,64,0.0,0,-1.0,-1.0,3,3,64.0,,False,True,0.0,main,,,,,19.12484779943707,,120960,0,100.0,4800.0,4800.0,100.0,4800.0,4800.0,100.0,38400.0,38400.0,100.0,4800.0,75024.0,6.39887941078797,38400.0,75024.0,51.19103528630376,0,7885,7817.0,0.0,0.0,0.6253596434873521,20260703_044735_53c4404d,2026-07-03 06:36:54,f6d0ccda646c,60,0,75024.0,75024.0,100.0,75024.0,75024.0,100.0
ORACLE_BASELINE_SWEEP,Oracle Full Union LA=4,predict,64,0.0,0,-1.0,-1.0,4,4,64.0,,False,True,0.0,main,,,,,19.154916073369,,120960,0,100.0,3600.0,3600.0,100.0,3600.0,3600.0,100.0,28800.0,28800.0,100.0,3600.0,67010.0,5.373823422410892,28800.0,67010.0,42.990587379287135,0,7680,7504.0,0.0,0.0,0.8398470493987146,20260703_044735_53c4404d,2026-07-03 06:38:45,f6d0ccda646c,61,0,67010.0,67010.0,100.0,67010.0,67010.0,100.0
ORACLE_BASELINE_SWEEP,Oracle Full Union LA=6,predict,64,0.0,0,-1.0,-1.0,6,6,64.0,,False,True,0.0,main,,,,,19.273625568072763,,120960,0,100.0,2400.0,2400.0,100.0,2400.0,2400.0,100.0,19200.0,19200.0,100.0,2400.0,57016.0,4.210130838595883,19200.0,57016.0,33.68104670876706,0,7085,6764.0,0.0,0.0,0.8506522452105951,20260703_044735_53c4404d,2026-07-03 06:40:37,f6d0ccda646c,62,0,57016.0,57016.0,100.0,57016.0,57016.0,100.0
ORACLE_BASELINE_SWEEP,Oracle Full Union LA=8,predict,64,0.0,0,-1.0,-1.0,8,8,64.0,,False,True,0.0,main,,,,,19.366563401175334,,120960,0,100.0,1680.0,1680.0,100.0,1680.0,1680.0,100.0,13440.0,13440.0,100.0,1680.0,47353.0,3.549750612087435,13440.0,47353.0,28.39800489669948,0,6405,6241.0,0.0,0.0,1.0040395683544543,20260703_044735_53c4404d,2026-07-03 06:42:27,f6d0ccda646c,63,0,47353.0,47353.0,100.0,47353.0,47353.0,100.0
