variant,horizon_N,n_layers,adaptive_f1_mean,adaptive_f1_std,adaptive_recall_mean,adaptive_recall_std,adaptive_precision_mean,adaptive_precision_std,adaptive_avg_union_mean,adaptive_avg_union_std,label_density_mean,label_density_std
emb_only,1,3,0.6137987751531059,0.06511834784505866,0.6137987751531059,0.06511834784505866,0.6137987751531059,0.06511834784505866,8.0,0.0,0.0625,0.0
emb_only,2,3,0.6122153454600608,0.061239110834951795,0.612215346523063,0.06123911256353912,0.612215346523063,0.06123911256353912,13.962927689594357,0.7567178044333783,0.10908537257495592,0.005911857847135768
emb_only,3,3,0.6206348354492187,0.0585584013458664,0.6206348370225695,0.058558401753077145,0.6206348370225695,0.058558401753077145,19.202691555555557,1.6210690172698994,0.1500210277777778,0.012664601697421089
emb_only,4,3,0.6373805095029987,0.05383355788564019,0.6373805102823455,0.05383355640875195,0.6373805102823455,0.05383355640875195,23.731956989247312,2.4318183120237307,0.18540591397849462,0.018998580562685396
emb_only,6,3,0.6730826211453352,0.04615703824637627,0.6730826227851686,0.046157037785876764,0.6730826227851686,0.046157037785876764,31.427981785063754,3.9088589720432414,0.24553110769581057,0.030537960719087823
emb_only,8,3,0.7062981209860908,0.038900578054629716,0.7062981223177026,0.038900577870140715,0.7062981223177026,0.038900577870140715,37.75223703703704,5.188151826121863,0.2949393518518519,0.040532436141577054
emb_only,10,3,0.735132374075622,0.03310336750369564,0.7351323763744979,0.033103366113614634,0.7351323763744979,0.033103366113614634,43.02634274952919,6.254319005424349,0.3361433027306968,0.048861867229877724
emb_only,12,3,0.7594698240492078,0.028928287131633573,0.7594698247799928,0.028928285730626814,0.7594698247799928,0.028928285730626814,47.456735632183914,7.1294252054724785,0.37075574712643683,0.05569863441775374
emb_only,16,3,0.7973617989524963,0.02425416547476531,0.7973617973479014,0.02425416572670483,0.7973617973479014,0.02425416572670483,54.32079761904762,8.372394498877918,0.4243812313988095,0.06540933202248374
markov_only,1,3,0.44879177602799647,0.048610908838730156,0.44879177602799647,0.048610908838730156,0.44879177602799647,0.048610908838730156,8.0,0.0,0.0625,0.0
markov_only,2,3,0.479545960020977,0.042248391587452465,0.4795459590925321,0.0422483922593114,0.4795459590925321,0.0422483922593114,13.962927689594357,0.7567178044333783,0.10908537257495592,0.005911857847135768
markov_only,3,3,0.5078068072509766,0.04183204810216816,0.5078068070203994,0.04183204840617643,0.5078068070203994,0.04183204840617643,19.202691555555557,1.6210690172698994,0.1500210277777778,0.012664601697421089
markov_only,4,3,0.5386510309403943,0.042543282497457605,0.5386510312001765,0.0425432822208684,0.5386510312001765,0.0425432822208684,23.731956989247312,2.4318183120237307,0.18540591397849462,0.018998580562685396
markov_only,6,3,0.5919224533331199,0.040926187539100836,0.5919224544309745,0.04092618788126068,0.5919224544309745,0.04092618788126068,31.427981785063754,3.9088589720432414,0.24553110769581057,0.030537960719087823
markov_only,8,3,0.6379970712908992,0.03717085191500017,0.6379970725306758,0.03717085221583115,0.6379970725306758,0.03717085221583115,37.75223703703704,5.188151826121863,0.2949393518518519,0.040532436141577054
markov_only,10,3,0.6752172009599186,0.03438789079541354,0.6752172030720108,0.034387890034030116,0.6752172030720108,0.034387890034030116,43.02634274952919,6.254319005424349,0.3361433027306968,0.048861867229877724
markov_only,12,3,0.7063462972823688,0.031886652575118545,0.7063462990216368,0.031886651296997956,0.7063462990216368,0.031886651296997956,47.456735632183914,7.1294252054724785,0.37075574712643683,0.05569863441775374
markov_only,16,3,0.7523280061237396,0.028669583407413827,0.752328005427406,0.028669582917497112,0.752328005427406,0.028669582917497112,54.32079761904762,8.372394498877918,0.4243812313988095,0.06540933202248374
emb_markov,1,3,0.6239825021872266,0.0629349113646022,0.6239825021872266,0.0629349113646022,0.6239825021872266,0.0629349113646022,8.0,0.0,0.0625,0.0
emb_markov,2,3,0.6200283168880186,0.06065759045752063,0.6200283174329754,0.06065759263540763,0.6200283174329754,0.06065759263540763,13.962927689594357,0.7567178044333783,0.10908537257495592,0.005911857847135768
emb_markov,3,3,0.6266817973632812,0.05710803354119941,0.6266817984619141,0.05710803393689143,0.6266817984619141,0.05710803393689143,19.202691555555557,1.6210690172698994,0.1500210277777778,0.012664601697421089
emb_markov,4,3,0.6420400739006672,0.053187127343812514,0.64204007500816,0.05318712650245292,0.64204007500816,0.05318712650245292,23.731956989247312,2.4318183120237307,0.18540591397849462,0.018998580562685396
emb_markov,6,3,0.6773095564434003,0.04565678138691072,0.677309558555728,0.04565678098024727,0.677309558555728,0.04565678098024727,31.427981785063754,3.9088589720432414,0.24553110769581057,0.030537960719087823
emb_markov,8,3,0.7095710770748279,0.03866715348371877,0.709571078685478,0.03866715344425423,0.709571078685478,0.03866715344425423,37.75223703703704,5.188151826121863,0.2949393518518519,0.040532436141577054
emb_markov,10,3,0.7375697154531821,0.03288090386853639,0.7375697180394174,0.03288090237015752,0.7375697180394174,0.03288090237015752,43.02634274952919,6.254319005424349,0.3361433027306968,0.048861867229877724
emb_markov,12,3,0.7614816116976099,0.028543560890278444,0.7614816121653122,0.028543559306101376,0.7614816121653122,0.028543559306101376,47.456735632183914,7.1294252054724785,0.37075574712643683,0.05569863441775374
emb_markov,16,3,0.7990692347269209,0.024036640897675928,0.7990692324789744,0.024036641217124163,0.7990692324789744,0.024036641217124163,54.32079761904762,8.372394498877918,0.4243812313988095,0.06540933202248374
