question,label,backend,cache_size,lambda_val,forced_top_n,prob_mass_threshold,forced_top_p,lookahead,prefetch_budget,predictor_tag,mode_perplexity,mode_generate,gen_perplexity,tokens_per_second,cache_hits,cache_misses,hit_rate_pct,pred_hits,pred_total,pred_hit_rate_pct,pred_hits_routed_forced_n,pred_total_routed_forced_n,pred_hit_rate_routed_forced_n_pct,pred_hits_routed_topk,pred_total_routed_topk,pred_hit_rate_routed_topk_pct,pred_requested_hits_forced_n,pred_requested_total_forced_n,pred_requested_rate_forced_n_pct,pred_requested_hits_topk,pred_requested_total_topk,pred_requested_rate_topk_pct,stall_loads,prefetch_loads,avg_ms_per_expert_load,run_id,row_timestamp,prompt_hash,config_id,run_iter
LAMBDA_FN_SWEEP,LRU Baseline,cached,24,0.0,0,-1.0,-1.0,1,,,True,True,1.3838,4.7927220681184295,69509,28411,70.99,,,,,,,,,,,,,,,,,,,20260505_040856_68d5e15f,2026-05-05 05:55:10,1de3eaa4843c,0,0
LAMBDA_FN_SWEEP,CacheCond λ=1.0 FN=1 B=24,cached,24,1.0,1,-1.0,-1.0,1,24.0,,True,True,1.5815,15.040213917086618,94949,2971,96.97,,,,,,,,,,,,,,,,,,,20260505_040856_68d5e15f,2026-05-05 06:47:23,1de3eaa4843c,1,0
LAMBDA_FN_SWEEP,CacheCond λ=1.0 FN=2 B=24,cached,24,1.0,2,-1.0,-1.0,1,24.0,,True,True,1.506,11.855713004267342,91740,6180,93.69,,,,,,,,,,,,,,,,,,,20260505_040856_68d5e15f,2026-05-05 07:47:37,1de3eaa4843c,2,0
LAMBDA_FN_SWEEP,CacheCond λ=1.0 FN=3 B=24,cached,24,1.0,3,-1.0,-1.0,1,24.0,,True,True,1.4838,9.506815439029566,88298,9622,90.17,,,,,,,,,,,,,,,,,,,20260505_040856_68d5e15f,2026-05-05 08:56:27,1de3eaa4843c,3,0
LAMBDA_FN_SWEEP,CacheCond λ=1.0 FN=4 B=24,cached,24,1.0,4,-1.0,-1.0,1,24.0,,True,True,1.4493,7.970358511820023,83060,14860,84.82,,,,,,,,,,,,,,,,,,,20260505_040856_68d5e15f,2026-05-05 10:13:20,1de3eaa4843c,4,0
LAMBDA_FN_SWEEP,CacheCond λ=1.0 FN=5 B=24,cached,24,1.0,5,-1.0,-1.0,1,24.0,,True,True,1.4191,6.795474876422943,80900,17020,82.62,,,,,,,,,,,,,,,,,,,20260505_040856_68d5e15f,2026-05-05 11:38:23,1de3eaa4843c,5,0
LAMBDA_FN_SWEEP,CacheCond λ=1.0 FN=6 B=24,cached,24,1.0,6,-1.0,-1.0,1,24.0,,True,True,1.4123,5.904459084432112,76589,21331,78.22,,,,,,,,,,,,,,,,,,,20260505_040856_68d5e15f,2026-05-05 13:11:43,1de3eaa4843c,6,0
LAMBDA_FN_SWEEP,CacheCond λ=1.0 FN=7 B=24,cached,24,1.0,7,-1.0,-1.0,1,24.0,,True,True,1.4012,5.171538777924559,72343,25577,73.88,,,,,,,,,,,,,,,,,,,20260505_040856_68d5e15f,2026-05-05 14:53:54,1de3eaa4843c,7,0
LAMBDA_FN_SWEEP,CacheCond λ=1.0 FN=8 B=24,cached,24,1.0,8,-1.0,-1.0,1,24.0,,True,True,1.3838,4.614352038928622,69509,28411,70.99,,,,,,,,,,,,,,,,,,,20260505_040856_68d5e15f,2026-05-05 16:44:24,1de3eaa4843c,8,0
LAMBDA_FN_SWEEP,CacheCond λ=1.0 PM=0.2 B=24,cached,24,1.0,0,0.2,0.2,1,24.0,,True,True,1.482,7.405479543961369,85374,12546,87.19,,,,,,,,,,,,,,,,,,,20260505_040856_68d5e15f,2026-05-05 18:02:59,1de3eaa4843c,9,0
LAMBDA_FN_SWEEP,CacheCond λ=1.0 PM=0.3 B=24,cached,24,1.0,0,0.3,0.3,1,24.0,,True,True,1.4666,5.533168997084404,80054,17866,81.75,,,,,,,,,,,,,,,,,,,20260505_040856_68d5e15f,2026-05-05 19:38:38,1de3eaa4843c,10,0
LAMBDA_FN_SWEEP,CacheCond λ=1.0 PM=0.4 B=24,cached,24,1.0,0,0.4,0.4,1,24.0,,True,True,1.4062,4.830885331998434,71548,26372,73.07,,,,,,,,,,,,,,,,,,,20260505_040856_68d5e15f,2026-05-05 21:23:59,1de3eaa4843c,11,0
LAMBDA_FN_SWEEP,CacheCond λ=1.0 PM=0.5 B=24,cached,24,1.0,0,0.5,0.5,1,24.0,,True,True,1.4066,4.730267417365082,69216,28704,70.69,,,,,,,,,,,,,,,,,,,20260505_040856_68d5e15f,2026-05-05 23:10:57,1de3eaa4843c,12,0
LAMBDA_FN_SWEEP,CacheCond λ=1.0 PM=0.6 B=24,cached,24,1.0,0,0.6,0.6,1,24.0,,True,True,1.4061,4.604521419234813,68706,29214,70.17,,,,,,,,,,,,,,,,,,,20260505_040856_68d5e15f,2026-05-06 00:59:56,1de3eaa4843c,13,0
LAMBDA_FN_SWEEP,CacheCond λ=1.0 PM=0.7 B=24,cached,24,1.0,0,0.7,0.7,1,24.0,,True,True,1.4178,4.618065766888344,68656,29264,70.11,,,,,,,,,,,,,,,,,,,20260505_040856_68d5e15f,2026-05-06 02:48:43,1de3eaa4843c,14,0
LAMBDA_FN_SWEEP,CacheCond λ=1.0 PM=0.8 B=24,cached,24,1.0,0,0.8,0.8,1,24.0,,True,True,1.3842,4.597955332603607,67528,30392,68.96,,,,,,,,,,,,,,,,,,,20260505_040856_68d5e15f,2026-05-06 04:37:54,1de3eaa4843c,15,0
LAMBDA_FN_SWEEP,CacheCond λ=1.0 PM=0.9 B=24,cached,24,1.0,0,0.9,0.9,1,24.0,,True,True,1.4036,4.60025503876688,68815,29105,70.28,,,,,,,,,,,,,,,,,,,20260505_040856_68d5e15f,2026-05-06 06:27:17,1de3eaa4843c,16,0
LAMBDA_FN_SWEEP,LRU Baseline,cached,36,0.0,0,-1.0,-1.0,1,,,True,True,1.3838,6.636971742516954,79077,18843,80.76,,,,,,,,,,,,,,,,,,,20260505_040856_68d5e15f,2026-05-06 07:53:21,1de3eaa4843c,17,0
LAMBDA_FN_SWEEP,CacheCond λ=1.0 FN=1 B=36,cached,36,1.0,1,-1.0,-1.0,1,36.0,,True,True,1.4411,16.47492394495684,96563,1357,98.61,,,,,,,,,,,,,,,,,,,20260505_040856_68d5e15f,2026-05-06 08:43:21,1de3eaa4843c,18,0
LAMBDA_FN_SWEEP,CacheCond λ=1.0 FN=2 B=36,cached,36,1.0,2,-1.0,-1.0,1,36.0,,True,True,1.4795,14.32943801564196,94620,3300,96.63,,,,,,,,,,,,,,,,,,,20260505_040856_68d5e15f,2026-05-06 09:38:16,1de3eaa4843c,19,0
LAMBDA_FN_SWEEP,CacheCond λ=1.0 FN=3 B=36,cached,36,1.0,3,-1.0,-1.0,1,36.0,,True,True,1.4138,12.401484500932872,92191,5729,94.15,,,,,,,,,,,,,,,,,,,20260505_040856_68d5e15f,2026-05-06 10:38:35,1de3eaa4843c,20,0
LAMBDA_FN_SWEEP,CacheCond λ=1.0 FN=4 B=36,cached,36,1.0,4,-1.0,-1.0,1,36.0,,True,True,1.4036,10.750505450936238,90348,7572,92.27,,,,,,,,,,,,,,,,,,,20260505_040856_68d5e15f,2026-05-06 11:43:58,1de3eaa4843c,21,0
LAMBDA_FN_SWEEP,CacheCond λ=1.0 FN=5 B=36,cached,36,1.0,5,-1.0,-1.0,1,36.0,,True,True,1.393,9.280558931681231,87788,10132,89.65,,,,,,,,,,,,,,,,,,,20260505_040856_68d5e15f,2026-05-06 12:55:23,1de3eaa4843c,22,0
LAMBDA_FN_SWEEP,CacheCond λ=1.0 FN=6 B=36,cached,36,1.0,6,-1.0,-1.0,1,36.0,,True,True,1.3836,8.1213816282263,84174,13746,85.96,,,,,,,,,,,,,,,,,,,20260505_040856_68d5e15f,2026-05-06 14:12:47,1de3eaa4843c,23,0
LAMBDA_FN_SWEEP,CacheCond λ=1.0 FN=7 B=36,cached,36,1.0,7,-1.0,-1.0,1,36.0,,True,True,1.3692,7.162459165488135,82429,15491,84.18,,,,,,,,,,,,,,,,,,,20260505_040856_68d5e15f,2026-05-06 15:36:11,1de3eaa4843c,24,0
LAMBDA_FN_SWEEP,CacheCond λ=1.0 FN=8 B=36,cached,36,1.0,8,-1.0,-1.0,1,36.0,,True,True,1.3838,6.292704115637874,79077,18843,80.76,,,,,,,,,,,,,,,,,,,20260505_040856_68d5e15f,2026-05-06 17:06:36,1de3eaa4843c,25,0
LAMBDA_FN_SWEEP,CacheCond λ=1.0 PM=0.2 B=36,cached,36,1.0,0,0.2,0.2,1,36.0,,True,True,1.4799,10.065688022767452,90490,7430,92.41,,,,,,,,,,,,,,,,,,,20260505_040856_68d5e15f,2026-05-06 18:12:30,1de3eaa4843c,26,0
LAMBDA_FN_SWEEP,CacheCond λ=1.0 PM=0.3 B=36,cached,36,1.0,0,0.3,0.3,1,36.0,,True,True,1.4269,7.688417770065894,84892,13028,86.7,,,,,,,,,,,,,,,,,,,20260505_040856_68d5e15f,2026-05-06 19:30:32,1de3eaa4843c,27,0
LAMBDA_FN_SWEEP,CacheCond λ=1.0 PM=0.4 B=36,cached,36,1.0,0,0.4,0.4,1,36.0,,True,True,1.3875,6.643063284366218,82746,15174,84.5,,,,,,,,,,,,,,,,,,,20260505_040856_68d5e15f,2026-05-06 20:56:22,1de3eaa4843c,28,0
LAMBDA_FN_SWEEP,CacheCond λ=1.0 PM=0.5 B=36,cached,36,1.0,0,0.5,0.5,1,36.0,,True,True,1.4164,6.394050188740078,79729,18191,81.42,,,,,,,,,,,,,,,,,,,20260505_040856_68d5e15f,2026-05-06 22:24:19,1de3eaa4843c,29,0
LAMBDA_FN_SWEEP,CacheCond λ=1.0 PM=0.6 B=36,cached,36,1.0,0,0.6,0.6,1,36.0,,True,True,1.4054,6.335134067180764,80281,17639,81.99,,,,,,,,,,,,,,,,,,,20260505_040856_68d5e15f,2026-05-06 23:52:57,1de3eaa4843c,30,0
LAMBDA_FN_SWEEP,CacheCond λ=1.0 PM=0.7 B=36,cached,36,1.0,0,0.7,0.7,1,36.0,,True,True,1.3869,6.296300615756112,79389,18531,81.08,,,,,,,,,,,,,,,,,,,20260505_040856_68d5e15f,2026-05-07 01:21:46,1de3eaa4843c,31,0
LAMBDA_FN_SWEEP,CacheCond λ=1.0 PM=0.8 B=36,cached,36,1.0,0,0.8,0.8,1,36.0,,True,True,1.4181,6.2933598253176175,79141,18779,80.82,,,,,,,,,,,,,,,,,,,20260505_040856_68d5e15f,2026-05-07 02:50:35,1de3eaa4843c,32,0
LAMBDA_FN_SWEEP,CacheCond λ=1.0 PM=0.9 B=36,cached,36,1.0,0,0.9,0.9,1,36.0,,True,True,1.3832,6.280125231907612,77260,20660,78.9,,,,,,,,,,,,,,,,,,,20260505_040856_68d5e15f,2026-05-07 04:19:36,1de3eaa4843c,33,0
LAMBDA_FN_SWEEP,LRU Baseline,cached,48,0.0,0,-1.0,-1.0,1,,,True,True,1.3838,9.254403473167995,86673,11247,88.51,,,,,,,,,,,,,,,,,,,20260505_040856_68d5e15f,2026-05-07 05:30:46,1de3eaa4843c,34,0
LAMBDA_FN_SWEEP,CacheCond λ=1.0 FN=1 B=48,cached,48,1.0,1,-1.0,-1.0,1,48.0,,True,True,1.445,17.141932259833588,97080,840,99.14,,,,,,,,,,,,,,,,,,,20260505_040856_68d5e15f,2026-05-07 06:19:42,1de3eaa4843c,35,0
LAMBDA_FN_SWEEP,CacheCond λ=1.0 FN=2 B=48,cached,48,1.0,2,-1.0,-1.0,1,48.0,,True,True,1.472,15.838612948464387,96077,1843,98.12,,,,,,,,,,,,,,,,,,,20260505_040856_68d5e15f,2026-05-07 07:11:51,1de3eaa4843c,36,0
LAMBDA_FN_SWEEP,CacheCond λ=1.0 FN=3 B=48,cached,48,1.0,3,-1.0,-1.0,1,48.0,,True,True,1.3975,14.70317710353745,95010,2910,97.03,,,,,,,,,,,,,,,,,,,20260505_040856_68d5e15f,2026-05-07 08:07:02,1de3eaa4843c,37,0
LAMBDA_FN_SWEEP,CacheCond λ=1.0 FN=4 B=48,cached,48,1.0,4,-1.0,-1.0,1,48.0,,True,True,1.414,13.405420814720417,93848,4072,95.84,,,,,,,,,,,,,,,,,,,20260505_040856_68d5e15f,2026-05-07 09:05:33,1de3eaa4843c,38,0
LAMBDA_FN_SWEEP,CacheCond λ=1.0 FN=5 B=48,cached,48,1.0,5,-1.0,-1.0,1,48.0,,True,True,1.3994,12.091150292672614,92438,5482,94.4,,,,,,,,,,,,,,,,,,,20260505_040856_68d5e15f,2026-05-07 10:07:52,1de3eaa4843c,39,0
LAMBDA_FN_SWEEP,CacheCond λ=1.0 FN=6 B=48,cached,48,1.0,6,-1.0,-1.0,1,48.0,,True,True,1.3968,10.946683121245977,89489,8431,91.39,,,,,,,,,,,,,,,,,,,20260505_040856_68d5e15f,2026-05-07 11:13:43,1de3eaa4843c,40,0
LAMBDA_FN_SWEEP,CacheCond λ=1.0 FN=7 B=48,cached,48,1.0,7,-1.0,-1.0,1,48.0,,True,True,1.3994,9.788735916459636,88442,9478,90.32,,,,,,,,,,,,,,,,,,,20260505_040856_68d5e15f,2026-05-07 12:23:58,1de3eaa4843c,41,0
LAMBDA_FN_SWEEP,CacheCond λ=1.0 FN=8 B=48,cached,48,1.0,8,-1.0,-1.0,1,48.0,,True,True,1.3838,8.64322043421686,86673,11247,88.51,,,,,,,,,,,,,,,,,,,20260505_040856_68d5e15f,2026-05-07 13:39:24,1de3eaa4843c,42,0
LAMBDA_FN_SWEEP,CacheCond λ=1.0 PM=0.2 B=48,cached,48,1.0,0,0.2,0.2,1,48.0,,True,True,1.4145,12.78167430145573,93812,4108,95.8,,,,,,,,,,,,,,,,,,,20260505_040856_68d5e15f,2026-05-07 14:37:44,1de3eaa4843c,43,0
LAMBDA_FN_SWEEP,CacheCond λ=1.0 PM=0.3 B=48,cached,48,1.0,0,0.3,0.3,1,48.0,,True,True,1.3935,10.213206120289893,91291,6629,93.23,,,,,,,,,,,,,,,,,,,20260505_040856_68d5e15f,2026-05-07 15:44:14,1de3eaa4843c,44,0
LAMBDA_FN_SWEEP,CacheCond λ=1.0 PM=0.4 B=48,cached,48,1.0,0,0.4,0.4,1,48.0,,True,True,1.3981,9.094113134104697,87844,10076,89.71,,,,,,,,,,,,,,,,,,,20260505_040856_68d5e15f,2026-05-07 16:55:41,1de3eaa4843c,45,0
LAMBDA_FN_SWEEP,CacheCond λ=1.0 PM=0.5 B=48,cached,48,1.0,0,0.5,0.5,1,48.0,,True,True,1.4173,8.813708611235164,87983,9937,89.85,,,,,,,,,,,,,,,,,,,20260505_040856_68d5e15f,2026-05-07 18:08:29,1de3eaa4843c,46,0
LAMBDA_FN_SWEEP,CacheCond λ=1.0 PM=0.6 B=48,cached,48,1.0,0,0.6,0.6,1,48.0,,True,True,1.3937,8.73204637588545,86837,11083,88.68,,,,,,,,,,,,,,,,,,,20260505_040856_68d5e15f,2026-05-07 19:21:43,1de3eaa4843c,47,0
LAMBDA_FN_SWEEP,CacheCond λ=1.0 PM=0.7 B=48,cached,48,1.0,0,0.7,0.7,1,48.0,,True,True,1.3853,8.591687457048545,87044,10876,88.89,,,,,,,,,,,,,,,,,,,20260505_040856_68d5e15f,2026-05-07 20:35:38,1de3eaa4843c,48,0
LAMBDA_FN_SWEEP,CacheCond λ=1.0 PM=0.8 B=48,cached,48,1.0,0,0.8,0.8,1,48.0,,True,True,1.3973,8.558014181597667,87262,10658,89.12,,,,,,,,,,,,,,,,,,,20260505_040856_68d5e15f,2026-05-07 21:49:39,1de3eaa4843c,49,0
LAMBDA_FN_SWEEP,CacheCond λ=1.0 PM=0.9 B=48,cached,48,1.0,0,0.9,0.9,1,48.0,,True,True,1.4085,8.626546195479147,86318,11602,88.15,,,,,,,,,,,,,,,,,,,20260505_040856_68d5e15f,2026-05-07 23:03:41,1de3eaa4843c,50,0
