cache_size,method,S_B_J,S,B,J,tps,speedup_vs_ssd,speedup_vs_random,ssd_baseline_tps,random_tps,num_prompts,max_new_tokens,prompt_hash,source_dir
16,SSD Streaming,--,,,,1.299509,1.0,0.533284,1.299509,2.436807,10,150,a0acb17a4864,final_table_exact_150/streaming_20260715_150635
16,Random Eviction,--/--/--,,,,2.436807,1.875174,1.0,1.299509,2.436807,10,150,a0acb17a4864,final_10prompt_oracle_150/C16_20260715_162440
16,Oracle Predictor,2/--/--,2.0,,,4.362616,3.357125,1.7903,1.299509,2.436807,10,150,a0acb17a4864,final_table_exact_150/C16_20260715_150635
16,Cross-Layer Prefetching,--/8/--,,8.0,,2.239841,1.723605,0.919171,1.299509,2.436807,10,150,a0acb17a4864,final_10prompt_oracle_150/C16_20260715_162440
16,Cache-Conditional Routing,--/--/5,,,5.0,3.465149,2.666506,1.422004,1.299509,2.436807,10,150,a0acb17a4864,final_10prompt_oracle_150/C16_20260715_162440
16,ExpertAhead,2/4/--,2.0,4.0,,2.623284,2.018672,1.076525,1.299509,2.436807,10,150,a0acb17a4864,final_10prompt_oracle_150/C16_20260715_162440
16,ExpertAhead-CC,1/4/5,1.0,4.0,5.0,3.524761,2.712378,1.446467,1.299509,2.436807,10,150,a0acb17a4864,final_10prompt_oracle_150/C16_20260715_162440
32,SSD Streaming,--,,,,1.299509,1.0,0.377726,1.299509,3.440352,10,150,a0acb17a4864,final_table_exact_150/streaming_20260715_150635
32,Random Eviction,--/--/--,,,,3.440352,2.647424,1.0,1.299509,3.440352,10,150,a0acb17a4864,final_10prompt_oracle_150/C32_20260715_162440
32,Oracle Predictor,1/--/--,1.0,,,7.910067,6.086964,2.299203,1.299509,3.440352,10,150,a0acb17a4864,final_table_exact_150/C32_20260715_150635
32,Cross-Layer Prefetching,--/6/--,,6.0,,3.466471,2.667523,1.007592,1.299509,3.440352,10,150,a0acb17a4864,final_10prompt_oracle_150/C32_20260715_162440
32,Cache-Conditional Routing,--/--/5,,,5.0,5.435385,4.182644,1.579892,1.299509,3.440352,10,150,a0acb17a4864,final_10prompt_oracle_150/C32_20260715_162440
32,ExpertAhead,2/8/--,2.0,8.0,,3.982572,3.064674,1.157606,1.299509,3.440352,10,150,a0acb17a4864,final_10prompt_oracle_150/C32_20260715_162440
32,ExpertAhead-CC,1/8/5,1.0,8.0,5.0,5.954733,4.582293,1.73085,1.299509,3.440352,10,150,a0acb17a4864,final_10prompt_oracle_150/C32_20260715_162440
48,SSD Streaming,--,,,,1.299509,1.0,0.289517,1.299509,4.488539,10,150,a0acb17a4864,final_table_exact_150/streaming_20260715_150635
48,Random Eviction,--/--/--,,,,4.488539,3.454026,1.0,1.299509,4.488539,10,150,a0acb17a4864,final_10prompt_oracle_150/C48_20260715_162440
48,Oracle Predictor,1/--/--,1.0,,,14.209865,10.934792,3.165811,1.299509,4.488539,10,150,a0acb17a4864,final_table_exact_150/C48_20260715_150635
48,Cross-Layer Prefetching,--/2/--,,2.0,,5.184279,3.989412,1.155004,1.299509,4.488539,10,150,a0acb17a4864,final_10prompt_oracle_150/C48_20260715_162440
48,Cache-Conditional Routing,--/--/5,,,5.0,8.173958,6.290033,1.821073,1.299509,4.488539,10,150,a0acb17a4864,final_10prompt_oracle_150/C48_20260715_162440
48,ExpertAhead,5/24/--,5.0,24.0,,6.194567,4.766851,1.380085,1.299509,4.488539,10,150,a0acb17a4864,final_10prompt_oracle_150/C48_20260715_162440
48,ExpertAhead-CC,4/20/5,4.0,20.0,5.0,8.603592,6.620646,1.916791,1.299509,4.488539,10,150,a0acb17a4864,final_10prompt_oracle_150/C48_20260715_162440
64,SSD Streaming,--,,,,1.299509,1.0,0.2284,1.299509,5.689614,10,150,a0acb17a4864,final_table_exact_150/streaming_20260715_150635
64,Random Eviction,--/--/--,,,,5.689614,4.378279,1.0,1.299509,5.689614,10,150,a0acb17a4864,final_10prompt_oracle_150/C64_20260715_162440
64,Oracle Predictor,1/--/--,1.0,,,17.69059,13.613283,3.109278,1.299509,5.689614,10,150,a0acb17a4864,final_table_exact_150/C64_20260715_150635
64,Cross-Layer Prefetching,--/2/--,,2.0,,7.351223,5.656922,1.292042,1.299509,5.689614,10,150,a0acb17a4864,final_10prompt_oracle_150/C64_20260715_162440
64,Cache-Conditional Routing,--/--/5,,,5.0,10.967903,8.440033,1.927706,1.299509,5.689614,10,150,a0acb17a4864,final_10prompt_oracle_150/C64_20260715_162440
64,ExpertAhead,6/36/--,6.0,36.0,,9.403345,7.236073,1.652721,1.299509,5.689614,10,150,a0acb17a4864,final_10prompt_oracle_150/C64_20260715_162440
64,ExpertAhead-CC,6/36/5,6.0,36.0,5.0,11.656108,8.969622,2.048664,1.299509,5.689614,10,150,a0acb17a4864,final_10prompt_oracle_150/C64_20260715_162440
