question,label,backend,cache_size,lambda_val,forced_top_n,prob_mass_threshold,forced_top_p,lookahead,predictor_stride,prefetch_budget,predictor_tag,oracle_routing_agreement,mode_perplexity,mode_generate,temperature,bookend_pass,gen_perplexity,gen_perplexity_std,prompt_gen_perplexity,prompt_gen_perplexity_std,tokens_per_second,tokens_per_second_std,cache_hits,cache_misses,hit_rate_pct,pred_hits,pred_total,pred_hit_rate_pct,pred_hits_routed_forced_n,pred_total_routed_forced_n,pred_hit_rate_routed_forced_n_pct,pred_hits_routed_topk,pred_total_routed_topk,pred_hit_rate_routed_topk_pct,pred_requested_hits_forced_n,pred_requested_total_forced_n,pred_requested_rate_forced_n_pct,pred_requested_hits_topk,pred_requested_total_topk,pred_requested_rate_topk_pct,stall_loads,prefetch_loads,prefetch_hits_ready,prefetch_hits_wait,prefetch_ticks_skipped,avg_ms_per_expert_load,prefetch_already_cached,prefetch_dropped_no_victim,pred_hits_window_recall,pred_total_window_recall,pred_window_recall_pct,pred_hits_window_precision,pred_total_window_precision,pred_window_precision_pct,run_id,row_timestamp,prompt_hash,config_id,run_iter
CUSTOM_1_16_NO_PPL,Prefetch Only B=4,predict,32,0.0,0,-1.0,-1.0,1,1,4.0,,,False,True,0.0,main,,,,,3.9913311963098597,0.0991,25540,4796,84.19,2430.0,3744.0,64.9,2430.0,3744.0,64.90384615384616,11672.0,29952.0,38.9690170940171,2430.0,14976.0,16.22596153846154,11672.0,14976.0,77.9380341880342,4796,1447,1049.0,0.0,0.0,3.8948854717283354,13721.0,0.0,11672.0,29952.0,38.9690170940171,11672.0,14976.0,77.9380341880342,20260705_230831_c9c9a719,2026-07-05 23:12:38,08bbaac89b05,0,0
CUSTOM_1_16_NO_PPL,Prefetch Only B=8,predict,32,0.0,0,-1.0,-1.0,1,1,8.0,,,False,True,0.0,main,,,,,4.246928736372971,0.0371,26427,3909,87.11,2979.0,3744.0,79.57,2979.0,3744.0,79.5673076923077,18895.0,29952.0,63.084268162393165,2979.0,29952.0,9.945913461538462,18895.0,29952.0,63.084268162393165,3909,3694,2155.0,0.0,0.0,3.9131882151782187,26642.0,0.0,18895.0,29952.0,63.084268162393165,18895.0,29952.0,63.084268162393165,20260705_230831_c9c9a719,2026-07-05 23:17:02,08bbaac89b05,1,0
CUSTOM_1_16_NO_PPL,Prefetch Only B=12,predict,32,0.0,0,-1.0,-1.0,1,1,12.0,,,False,True,0.0,main,,,,,3.4133975211935383,0.2798,27107,3229,89.36,3222.0,3744.0,86.06,3222.0,3744.0,86.0576923076923,22627.0,29952.0,75.54420405982906,3222.0,44928.0,7.171474358974359,22627.0,44928.0,50.362802706552706,3229,6805,3123.0,0.0,0.0,4.77150089695037,38699.0,0.0,22627.0,29952.0,75.54420405982906,22627.0,44928.0,50.362802706552706,20260705_230831_c9c9a719,2026-07-05 23:21:43,08bbaac89b05,2,0
CUSTOM_1_16_NO_PPL,Prefetch Only B=16,predict,32,0.0,0,-1.0,-1.0,1,1,16.0,,,False,True,0.0,main,,,,,3.229850249750771,0.0366,27588,2748,90.94,3379.0,3744.0,90.25,3379.0,3744.0,90.25106837606837,24754.0,29952.0,82.64556623931624,3379.0,59904.0,5.640691773504273,24754.0,59904.0,41.32278311965812,2748,11126,4125.0,0.0,0.0,6.8535180913939735,49546.0,0.0,24754.0,29952.0,82.64556623931624,24754.0,59904.0,41.32278311965812,20260705_230831_c9c9a719,2026-07-05 23:26:10,08bbaac89b05,3,0
CUSTOM_1_16_NO_PPL,Prefetch Only B=20,predict,32,0.0,0,-1.0,-1.0,1,1,20.0,,,False,True,0.0,main,,,,,2.3132819557021174,0.2143,27935,2401,92.09,3479.0,3732.0,93.22,3479.0,3732.0,93.2207931404073,26009.0,29856.0,87.11481779206859,3479.0,74640.0,4.661039657020364,26009.0,74640.0,34.84592711682744,2401,16292,4968.0,88.0,12.0,9.8093409297598,59088.0,0.0,26009.0,29856.0,87.11481779206859,26009.0,74640.0,34.84592711682744,20260705_230831_c9c9a719,2026-07-05 23:31:50,08bbaac89b05,4,0
CUSTOM_1_16_NO_PPL,Prefetch Only B=24,predict,32,0.0,0,-1.0,-1.0,1,1,24.0,,,False,True,0.0,main,,,,,1.9310962668400316,0.1461,28102,2234,92.64,3372.0,3565.0,94.59,3372.0,3565.0,94.58625525946704,25624.0,28520.0,89.84572230014025,3372.0,85560.0,3.94109396914446,25624.0,85560.0,29.948574100046752,2234,21881,5420.0,377.0,179.0,12.210729836201532,64087.0,0.0,25624.0,28520.0,89.84572230014025,25624.0,85560.0,29.948574100046752,20260705_230831_c9c9a719,2026-07-05 23:38:09,08bbaac89b05,5,0
CUSTOM_1_16_NO_PPL,Prefetch Only B=28,predict,32,0.0,0,-1.0,-1.0,1,1,28.0,,,False,True,0.0,main,,,,,1.5158248332926965,0.1183,28083,2253,92.57,3146.0,3301.0,95.3,3146.0,3301.0,95.3044531960012,24201.0,26408.0,91.64268403514086,3146.0,92428.0,3.4037304712857575,24201.0,92428.0,26.183624010040248,2253,27184,5812.0,695.0,422.0,12.862396983388251,66112.0,0.0,24201.0,26408.0,91.64268403514086,24201.0,92428.0,26.183624010040248,20260705_230831_c9c9a719,2026-07-05 23:45:18,08bbaac89b05,6,0
CUSTOM_1_16_NO_PPL,Prefetch Only B=32,predict,32,0.0,0,-1.0,-1.0,1,1,32.0,,,False,True,0.0,main,,,,,1.1608882727208318,0.1353,27951,2385,92.14,3051.0,3169.0,96.28,3051.0,3169.0,96.27642789523509,23602.0,25352.0,93.09719154307352,3051.0,101408.0,3.0086383717260965,23602.0,101408.0,23.27429788576838,2385,34213,6941.0,1053.0,557.0,13.052265151101151,68792.0,3.0,23602.0,25352.0,93.09719154307352,23602.0,101408.0,23.27429788576838,20260705_230831_c9c9a719,2026-07-05 23:54:18,08bbaac89b05,7,0
CUSTOM_1_16_NO_PPL,Prefetch Only B=4,predict,32,0.0,0,-1.0,-1.0,2,2,4.0,,,False,True,0.0,main,,,,,4.0548562138216555,0.0297,25039,5297,82.54,913.0,1872.0,48.77,913.0,1872.0,48.77136752136752,4645.0,14976.0,31.016292735042736,913.0,7488.0,12.19284188034188,4645.0,7488.0,62.03258547008547,5297,671,488.0,0.0,0.0,2.9938605898123325,7009.0,0.0,6264.0,22642.0,27.66540058298737,6264.0,7488.0,83.65384615384616,20260705_230831_c9c9a719,2026-07-05 23:58:17,08bbaac89b05,8,0
CUSTOM_1_16_NO_PPL,Prefetch Only B=8,predict,32,0.0,0,-1.0,-1.0,2,2,8.0,,,False,True,0.0,main,,,,,3.579825238761178,0.3888,25619,4717,84.45,1248.0,1872.0,66.67,1248.0,1872.0,66.66666666666667,7641.0,14976.0,51.02163461538461,1248.0,14976.0,8.333333333333334,7641.0,14976.0,51.02163461538461,4717,1877,1112.0,0.0,0.0,6.837324840764331,13483.0,0.0,10937.0,22640.0,48.30830388692579,10937.0,14976.0,73.03018162393163,20260705_230831_c9c9a719,2026-07-06 00:02:47,08bbaac89b05,9,0
CUSTOM_1_16_NO_PPL,Prefetch Only B=12,predict,32,0.0,0,-1.0,-1.0,2,2,12.0,,,False,True,0.0,main,,,,,3.694838913362097,0.2214,26077,4259,85.96,1430.0,1872.0,76.39,1430.0,1872.0,76.38888888888889,9593.0,14976.0,64.05582264957265,1430.0,22464.0,6.3657407407407405,9593.0,22464.0,42.70388176638177,4259,3353,1684.0,0.0,0.0,6.606224382553863,19687.0,0.0,13885.0,22642.0,61.32408797809381,13885.0,22464.0,61.81000712250712,20260705_230831_c9c9a719,2026-07-06 00:06:58,08bbaac89b05,10,0
CUSTOM_1_16_NO_PPL,Prefetch Only B=16,predict,32,0.0,0,-1.0,-1.0,2,2,16.0,,,False,True,0.0,main,,,,,3.9337188777494747,0.05,26497,3839,87.35,1544.0,1872.0,82.48,1544.0,1872.0,82.47863247863248,10810.0,14976.0,72.18215811965813,1544.0,29952.0,5.15491452991453,10810.0,29952.0,36.09107905982906,3839,5457,2318.0,0.0,0.0,4.423190619621341,25263.0,0.0,15960.0,22642.0,70.4884727497571,15960.0,29952.0,53.28525641025641,20260705_230831_c9c9a719,2026-07-06 00:11:17,08bbaac89b05,11,0
CUSTOM_1_16_NO_PPL,Prefetch Only B=20,predict,32,0.0,0,-1.0,-1.0,2,2,20.0,,,False,True,0.0,main,,,,,2.993950580182952,0.3418,26790,3546,88.31,1584.0,1872.0,84.62,1584.0,1872.0,84.61538461538461,11481.0,14976.0,76.66266025641026,1584.0,37440.0,4.230769230769231,11481.0,37440.0,30.665064102564102,3546,7709,2843.0,0.0,0.0,4.922344735673033,30651.0,0.0,17400.0,22768.0,76.4230498945889,17400.0,37440.0,46.47435897435897,20260705_230831_c9c9a719,2026-07-06 00:16:42,08bbaac89b05,12,0
CUSTOM_1_16_NO_PPL,Prefetch Only B=24,predict,32,0.0,0,-1.0,-1.0,2,2,24.0,,,False,True,0.0,main,,,,,3.0091044349038047,0.2581,27145,3191,89.48,1667.0,1872.0,89.05,1667.0,1872.0,89.0491452991453,12310.0,14976.0,82.19818376068376,1667.0,44928.0,3.7103810541310542,12310.0,44928.0,27.399394586894587,3191,10818,3562.0,0.0,0.0,6.551907345278036,35262.0,0.0,18450.0,22642.0,81.48573447575302,18450.0,44928.0,41.06570512820513,20260705_230831_c9c9a719,2026-07-06 00:21:49,08bbaac89b05,13,0
CUSTOM_1_16_NO_PPL,Prefetch Only B=28,predict,32,0.0,0,-1.0,-1.0,2,2,28.0,,,False,True,0.0,main,,,,,2.4675000394773408,0.2664,27360,2976,90.19,1709.0,1872.0,91.29,1709.0,1872.0,91.29273504273505,12796.0,14976.0,85.44337606837607,1709.0,52416.0,3.260454822954823,12796.0,52416.0,24.412393162393162,2976,14350,4321.0,19.0,0.0,8.462405055985226,39354.0,0.0,19253.0,22642.0,85.03224096811236,19253.0,52416.0,36.73115079365079,20260705_230831_c9c9a719,2026-07-06 00:27:18,08bbaac89b05,14,0
CUSTOM_1_16_NO_PPL,Prefetch Only B=32,predict,32,0.0,0,-1.0,-1.0,2,2,32.0,,,False,True,0.0,main,,,,,1.9162523719212023,0.2242,27505,2831,90.67,1742.0,1872.0,93.06,1742.0,1872.0,93.05555555555556,13179.0,14976.0,88.00080128205128,1742.0,59904.0,2.907986111111111,13179.0,59904.0,22.00020032051282,2831,18636,5468.0,135.0,0.0,15.26860669865375,42228.0,0.0,19880.0,22626.0,87.86351984442676,19880.0,59904.0,33.186431623931625,20260705_230831_c9c9a719,2026-07-06 00:33:52,08bbaac89b05,15,0
CUSTOM_1_16_NO_PPL,Prefetch Only B=4,predict,32,0.0,0,-1.0,-1.0,3,3,4.0,,,False,True,0.0,main,,,,,3.454538721792158,0.3492,24873,5463,81.99,540.0,1248.0,43.27,540.0,1248.0,43.26923076923077,2800.0,9984.0,28.044871794871796,540.0,4992.0,10.817307692307692,2800.0,4992.0,56.08974358974359,5463,388,275.0,0.0,0.0,2.8162416680909255,4472.0,0.0,4347.0,19455.0,22.343870470316116,4347.0,4992.0,87.07932692307692,20260705_230831_c9c9a719,2026-07-06 00:38:23,08bbaac89b05,16,0
CUSTOM_1_16_NO_PPL,Prefetch Only B=8,predict,32,0.0,0,-1.0,-1.0,3,3,8.0,,,False,True,0.0,main,,,,,4.106977987785743,0.0409,25196,5140,83.06,742.0,1248.0,59.46,742.0,1248.0,59.455128205128204,4566.0,9984.0,45.73317307692308,742.0,9984.0,7.4318910256410255,4566.0,9984.0,45.73317307692308,5140,1036,664.0,0.0,0.0,3.074888277202073,9332.0,0.0,7757.0,19455.0,39.871498329478285,7757.0,9984.0,77.6943108974359,20260705_230831_c9c9a719,2026-07-06 00:42:22,08bbaac89b05,17,0
CUSTOM_1_16_NO_PPL,Prefetch Only B=12,predict,32,0.0,0,-1.0,-1.0,3,3,12.0,,,False,True,0.0,main,,,,,3.952656856348864,0.3809,25615,4721,84.44,874.0,1248.0,70.03,874.0,1248.0,70.03205128205128,5766.0,9984.0,57.75240384615385,874.0,14976.0,5.836004273504273,5766.0,14976.0,38.50160256410256,4721,1935,1058.0,0.0,0.0,4.3168870192307685,13617.0,0.0,10242.0,19455.0,52.644564379336934,10242.0,14976.0,68.38942307692308,20260705_230831_c9c9a719,2026-07-06 00:46:52,08bbaac89b05,18,0
CUSTOM_1_16_NO_PPL,Prefetch Only B=16,predict,32,0.0,0,-1.0,-1.0,3,3,16.0,,,False,True,0.0,main,,,,,4.062016267186067,0.0474,25900,4436,85.38,947.0,1248.0,75.88,947.0,1248.0,75.88141025641026,6663.0,9984.0,66.73677884615384,947.0,19968.0,4.742588141025641,6663.0,19968.0,33.36838942307692,4436,3153,1476.0,0.0,0.0,3.670109368823296,17567.0,0.0,12133.0,19455.0,62.36443073759959,12133.0,19968.0,60.76221955128205,20260705_230831_c9c9a719,2026-07-06 00:50:54,08bbaac89b05,19,0
CUSTOM_1_16_NO_PPL,Prefetch Only B=20,predict,32,0.0,0,-1.0,-1.0,3,3,20.0,,,False,True,0.0,main,,,,,3.3483074928008527,0.264,26261,4075,86.57,1004.0,1248.0,80.45,1004.0,1248.0,80.44871794871794,7360.0,9984.0,73.71794871794872,1004.0,24960.0,4.022435897435898,7360.0,24960.0,29.487179487179485,4075,4480,1833.0,0.0,0.0,4.085471654003507,21440.0,0.0,13613.0,19455.0,69.97172963248522,13613.0,24960.0,54.53926282051282,20260705_230831_c9c9a719,2026-07-06 00:55:36,08bbaac89b05,20,0
CUSTOM_1_16_NO_PPL,Prefetch Only B=24,predict,32,0.0,0,-1.0,-1.0,3,3,24.0,,,False,True,0.0,main,,,,,3.574760715442832,0.0454,26541,3795,87.49,1057.0,1248.0,84.7,1057.0,1248.0,84.69551282051282,7845.0,9984.0,78.57572115384616,1057.0,29952.0,3.528979700854701,7845.0,29952.0,26.19190705128205,3795,6263,2321.0,0.0,0.0,4.806852256909923,24769.0,0.0,14712.0,19455.0,75.62066306861989,14712.0,29952.0,49.118589743589745,20260705_230831_c9c9a719,2026-07-06 00:59:53,08bbaac89b05,21,0
CUSTOM_1_16_NO_PPL,Prefetch Only B=28,predict,32,0.0,0,-1.0,-1.0,3,3,28.0,,,False,True,0.0,main,,,,,3.278342387669664,0.0471,26811,3525,88.38,1098.0,1248.0,87.98,1098.0,1248.0,87.98076923076923,8245.0,9984.0,82.58213141025641,1098.0,34944.0,3.14217032967033,8245.0,34944.0,23.59489468864469,3525,8224,2884.0,0.0,0.0,6.452380628138565,27672.0,0.0,15600.0,19455.0,80.18504240555127,15600.0,34944.0,44.642857142857146,20260705_230831_c9c9a719,2026-07-06 01:04:23,08bbaac89b05,22,0
CUSTOM_1_16_NO_PPL,Prefetch Only B=32,predict,32,0.0,0,-1.0,-1.0,3,3,32.0,,,False,True,0.0,main,,,,,2.8633484626740566,0.2595,26992,3344,88.98,1131.0,1248.0,90.62,1131.0,1248.0,90.625,8539.0,9984.0,85.52684294871794,1131.0,39936.0,2.83203125,8539.0,39936.0,21.381710737179485,3344,10508,3647.0,2.0,0.0,8.10257074790644,30100.0,0.0,16297.0,19455.0,83.76766897969674,16297.0,39936.0,40.807792467948715,20260705_230831_c9c9a719,2026-07-06 01:09:44,08bbaac89b05,23,0
CUSTOM_1_16_NO_PPL,Prefetch Only B=4,predict,32,0.0,0,-1.0,-1.0,4,4,4.0,,,False,True,0.0,main,,,,,3.3519221124149676,0.2742,24759,5577,81.62,343.0,912.0,37.61,343.0,912.0,37.60964912280702,1826.0,7296.0,25.027412280701753,343.0,3648.0,9.402412280701755,1826.0,3648.0,50.05482456140351,5577,279,200.0,0.0,0.0,6.237955942622949,3081.0,0.0,3249.0,17007.0,19.10389839477862,3249.0,3648.0,89.0625,20260705_230831_c9c9a719,2026-07-06 01:14:04,08bbaac89b05,24,0
CUSTOM_1_16_NO_PPL,Prefetch Only B=8,predict,32,0.0,0,-1.0,-1.0,4,4,8.0,,,False,True,0.0,main,,,,,3.4342530754750613,0.3818,25083,5253,82.68,483.0,912.0,52.96,483.0,912.0,52.96052631578947,2969.0,7296.0,40.69353070175438,483.0,7296.0,6.620065789473684,2969.0,7296.0,40.69353070175438,5253,725,488.0,0.0,0.0,2.947542656406825,6955.0,0.0,5892.0,17007.0,34.64455812312577,5892.0,7296.0,80.75657894736842,20260705_230831_c9c9a719,2026-07-06 01:20:00,08bbaac89b05,25,0
CUSTOM_1_16_NO_PPL,Prefetch Only B=12,predict,32,0.0,0,-1.0,-1.0,4,4,12.0,,,False,True,0.0,main,,,,,3.443789748449161,0.3496,25358,4978,83.59,564.0,912.0,61.84,564.0,912.0,61.8421052631579,3766.0,7296.0,51.61732456140351,564.0,10944.0,5.1535087719298245,3766.0,10944.0,34.41154970760234,4978,1358,775.0,0.0,0.0,3.1455413510101007,10162.0,0.0,7951.0,17007.0,46.75133768448286,7951.0,10944.0,72.6516812865497,20260705_230831_c9c9a719,2026-07-06 01:24:32,08bbaac89b05,26,0
CUSTOM_1_16_NO_PPL,Prefetch Only B=16,predict,32,0.0,0,-1.0,-1.0,4,4,16.0,,,False,True,0.0,main,,,,,4.062169169451136,0.0389,25663,4673,84.6,636.0,912.0,69.74,636.0,912.0,69.73684210526316,4395.0,7296.0,60.23848684210526,636.0,14592.0,4.358552631578948,4395.0,14592.0,30.11924342105263,4673,2263,1092.0,0.0,0.0,3.4235640138408305,13097.0,0.0,9585.0,17007.0,56.35914623390369,9585.0,14592.0,65.68667763157895,20260705_230831_c9c9a719,2026-07-06 01:28:33,08bbaac89b05,27,0
CUSTOM_1_16_NO_PPL,Prefetch Only B=20,predict,32,0.0,0,-1.0,-1.0,4,4,20.0,,,False,True,0.0,main,,,,,3.4664115038774597,0.2741,25946,4390,85.53,679.0,912.0,74.45,679.0,912.0,74.45175438596492,4884.0,7296.0,66.9407894736842,679.0,18240.0,3.7225877192982457,4884.0,18240.0,26.776315789473685,4390,3236,1355.0,0.0,0.0,3.7194190925780233,15964.0,0.0,10901.0,17007.0,64.0971364732169,10901.0,18240.0,59.76425438596491,20260705_230831_c9c9a719,2026-07-06 01:33:11,08bbaac89b05,28,0
CUSTOM_1_16_NO_PPL,Prefetch Only B=24,predict,32,0.0,0,-1.0,-1.0,4,4,24.0,,,False,True,0.0,main,,,,,3.390489195767714,0.426,26131,4205,86.14,714.0,912.0,78.29,714.0,912.0,78.28947368421052,5259.0,7296.0,72.08059210526316,714.0,21888.0,3.262061403508772,5259.0,21888.0,24.02686403508772,4205,4446,1645.0,0.0,0.0,5.781203329094904,18594.0,0.0,11929.0,17007.0,70.14170635620627,11929.0,21888.0,54.50018274853801,20260705_230831_c9c9a719,2026-07-06 01:38:29,08bbaac89b05,29,0
CUSTOM_1_16_NO_PPL,Prefetch Only B=28,predict,32,0.0,0,-1.0,-1.0,4,4,28.0,,,False,True,0.0,main,,,,,3.0539589751629186,0.261,26355,3981,86.88,757.0,912.0,83.0,757.0,912.0,83.00438596491227,5594.0,7296.0,76.67214912280701,757.0,25536.0,2.9644423558897244,5594.0,25536.0,21.906328320802004,3981,5824,2050.0,0.0,0.0,8.450238653748086,21056.0,0.0,12802.0,17007.0,75.274886811313,12802.0,25536.0,50.133145363408524,20260705_230831_c9c9a719,2026-07-06 01:43:11,08bbaac89b05,30,0
CUSTOM_1_16_NO_PPL,Prefetch Only B=32,predict,32,0.0,0,-1.0,-1.0,4,4,32.0,,,False,True,0.0,main,,,,,2.83453821963218,0.2772,26453,3883,87.2,782.0,912.0,85.75,782.0,912.0,85.74561403508773,5862.0,7296.0,80.34539473684211,782.0,29184.0,2.6795504385964914,5862.0,29184.0,20.086348684210527,3883,7538,2652.0,0.0,0.0,5.891595306890814,23182.0,0.0,13499.0,17007.0,79.37319927088846,13499.0,29184.0,46.25479714912281,20260705_230831_c9c9a719,2026-07-06 01:48:25,08bbaac89b05,31,0
CUSTOM_1_16_NO_PPL,Prefetch Only B=4,predict,32,0.0,0,-1.0,-1.0,5,5,4.0,,,False,True,0.0,main,,,,,4.001981115896499,0.0468,24741,5595,81.56,216.0,720.0,30.0,216.0,720.0,30.0,1350.0,5760.0,23.4375,216.0,2880.0,7.5,1350.0,2880.0,46.875,5595,213,150.0,0.0,0.0,2.711110537190083,2475.0,0.0,2555.0,15471.0,16.51476956887079,2555.0,2880.0,88.71527777777777,20260705_230831_c9c9a719,2026-07-06 01:52:27,08bbaac89b05,32,0
CUSTOM_1_16_NO_PPL,Prefetch Only B=8,predict,32,0.0,0,-1.0,-1.0,5,5,8.0,,,False,True,0.0,main,,,,,3.843384254652893,0.3805,24907,5429,82.1,326.0,720.0,45.28,326.0,720.0,45.27777777777778,2214.0,5760.0,38.4375,326.0,5760.0,5.659722222222222,2214.0,5760.0,38.4375,5429,533,322.0,0.0,0.0,2.8500670915800064,5483.0,0.0,4693.0,15471.0,30.334173615150927,4693.0,5760.0,81.47569444444444,20260705_230831_c9c9a719,2026-07-06 01:57:32,08bbaac89b05,33,0
CUSTOM_1_16_NO_PPL,Prefetch Only B=12,predict,32,0.0,0,-1.0,-1.0,5,5,12.0,,,False,True,0.0,main,,,,,3.4223921350981557,0.2862,25159,5177,82.93,391.0,720.0,54.31,391.0,720.0,54.30555555555556,2825.0,5760.0,49.045138888888886,391.0,8640.0,4.525462962962963,2825.0,8640.0,32.69675925925926,5177,993,517.0,0.0,0.0,3.0265753646677473,8223.0,0.0,6460.0,15471.0,41.755542628142976,6460.0,8640.0,74.76851851851852,20260705_230831_c9c9a719,2026-07-06 02:02:04,08bbaac89b05,34,0
CUSTOM_1_16_NO_PPL,Prefetch Only B=16,predict,32,0.0,0,-1.0,-1.0,5,5,16.0,,,False,True,0.0,main,,,,,4.079080656867405,0.0372,25347,4989,83.55,439.0,720.0,60.97,439.0,720.0,60.97222222222222,3259.0,5760.0,56.579861111111114,439.0,11520.0,3.810763888888889,3259.0,11520.0,28.289930555555557,4989,1617,728.0,0.0,0.0,3.1975401150469276,10671.0,0.0,7914.0,15471.0,51.15377157261974,7914.0,11520.0,68.69791666666667,20260705_230831_c9c9a719,2026-07-06 02:06:04,08bbaac89b05,35,0
CUSTOM_1_16_NO_PPL,Prefetch Only B=20,predict,32,0.0,0,-1.0,-1.0,5,5,20.0,,,False,True,0.0,main,,,,,3.3605303648088065,0.2956,25560,4776,84.26,472.0,720.0,65.56,472.0,720.0,65.55555555555556,3617.0,5760.0,62.795138888888886,472.0,14400.0,3.2777777777777777,3617.0,14400.0,25.118055555555557,4776,2453,958.0,0.0,0.0,3.430626642689169,12907.0,0.0,9109.0,15471.0,58.87790058819727,9109.0,14400.0,63.25694444444444,20260705_230831_c9c9a719,2026-07-06 02:10:41,08bbaac89b05,36,0
CUSTOM_1_16_NO_PPL,Prefetch Only B=24,predict,32,0.0,0,-1.0,-1.0,5,5,24.0,,,False,True,0.0,main,,,,,3.6798049472884666,0.3544,25746,4590,84.87,520.0,720.0,72.22,520.0,720.0,72.22222222222223,3954.0,5760.0,68.64583333333333,520.0,17280.0,3.009259259259259,3954.0,17280.0,22.881944444444443,4590,3389,1173.0,0.0,0.0,4.54827296653716,15043.0,0.0,10124.0,15471.0,65.43856247172128,10124.0,17280.0,58.58796296296296,20260705_230831_c9c9a719,2026-07-06 02:15:22,08bbaac89b05,37,0
CUSTOM_1_16_NO_PPL,Prefetch Only B=28,predict,32,0.0,0,-1.0,-1.0,5,5,28.0,,,False,True,0.0,main,,,,,3.3987887829862204,0.2551,25891,4445,85.35,556.0,720.0,77.22,556.0,720.0,77.22222222222223,4253.0,5760.0,73.83680555555556,556.0,20160.0,2.757936507936508,4253.0,20160.0,21.096230158730158,4445,4572,1469.0,0.0,0.0,4.218906509925696,16932.0,0.0,10971.0,15471.0,70.91332169866202,10971.0,20160.0,54.419642857142854,20260705_230831_c9c9a719,2026-07-06 02:20:11,08bbaac89b05,38,0
CUSTOM_1_16_NO_PPL,Prefetch Only B=32,predict,32,0.0,0,-1.0,-1.0,5,5,32.0,,,False,True,0.0,main,,,,,3.3856663789280717,0.0479,25963,4373,85.58,586.0,720.0,81.39,586.0,720.0,81.38888888888889,4476.0,5760.0,77.70833333333333,586.0,23040.0,2.5434027777777777,4476.0,23040.0,19.427083333333332,4373,5854,1877.0,0.0,0.0,4.990733352889411,18722.0,0.0,11704.0,15471.0,75.65121840863551,11704.0,23040.0,50.798611111111114,20260705_230831_c9c9a719,2026-07-06 02:24:38,08bbaac89b05,39,0
CUSTOM_1_16_NO_PPL,Neither (RANDOM),cached,32,0.0,0,-1.0,-1.0,1,1,,,,False,True,0.0,main,,,,,3.0560019195635064,0.3336,23008,7328,75.84,,,,,,,,,,,,,,,,7328,0,,,,2.4509497816593884,,,,,,,,,20260705_230831_c9c9a719,2026-07-06 02:29:28,08bbaac89b05,40,0
CUSTOM_1_16_NO_PPL,Neither (LRU),cached,32,0.0,0,-1.0,-1.0,1,1,,,,False,True,0.0,main,,,,,3.8110784278543983,0.0484,24099,6237,79.44,,,,,,,,,,,,,,,,6237,0,,,,2.4971460638127305,,,,,,,,,20260705_230831_c9c9a719,2026-07-06 02:33:35,08bbaac89b05,41,0
