question,label,backend,cache_size,lambda_val,forced_top_n,prob_mass_threshold,forced_top_p,lookahead,predictor_stride,prefetch_budget,predictor_tag,oracle_routing_agreement,mode_perplexity,mode_generate,temperature,bookend_pass,gen_perplexity,gen_perplexity_std,prompt_gen_perplexity,prompt_gen_perplexity_std,tokens_per_second,tokens_per_second_std,cache_hits,cache_misses,hit_rate_pct,pred_hits,pred_total,pred_hit_rate_pct,pred_hits_routed_forced_n,pred_total_routed_forced_n,pred_hit_rate_routed_forced_n_pct,pred_hits_routed_topk,pred_total_routed_topk,pred_hit_rate_routed_topk_pct,pred_requested_hits_forced_n,pred_requested_total_forced_n,pred_requested_rate_forced_n_pct,pred_requested_hits_topk,pred_requested_total_topk,pred_requested_rate_topk_pct,stall_loads,prefetch_loads,prefetch_hits_ready,prefetch_hits_wait,prefetch_ticks_skipped,avg_ms_per_expert_load,peak_rss_mb,peak_hwm_mb,mean_rss_mb,memory_max,oom_killed,pred_hits_window_recall,pred_total_window_recall,pred_window_recall_pct,pred_hits_window_precision,pred_total_window_precision,pred_window_precision_pct,run_id,row_timestamp,prompt_hash,config_id,run_iter
CUSTOM_1_16_NO_PPL,Prefetch Only B=16,predict,64,0.0,0,-1.0,-1.0,1,1,16.0,,,False,True,0.0,main,,,,,9.199690349511028,,59410,1262,97.92,7133.0,7488.0,95.26,7133.0,7488.0,95.2590811965812,51903.0,59904.0,86.6436298076923,7133.0,119808.0,5.953692574786325,51903.0,119808.0,43.32181490384615,1262,6013,3261.0,0.0,0.0,6.838317859988692,,,,,,51903.0,59904.0,86.6436298076923,51903.0,119808.0,43.32181490384615,20260706_214329_9092976e,2026-07-06 21:44:59,57d7e97ce48c,0,0
CUSTOM_1_16_NO_PPL,Prefetch Only B=32,predict,64,0.0,0,-1.0,-1.0,1,1,32.0,,,False,True,0.0,main,,,,,4.719936200436841,,59555,1117,98.16,5088.0,5183.0,98.175,5088.0,5183.0,98.17853014206416,39451.0,41464.0,95.21606670644056,5088.0,165856.0,3.0680790669395046,39451.0,165856.0,23.80401667661014,1117,20193,4635.0,452.0,1812.0,12.585689800017892,,,,,,39451.0,41464.0,95.21606670644056,39451.0,165856.0,23.80401667661014,20260706_214329_9092976e,2026-07-06 21:46:49,57d7e97ce48c,1,0
CUSTOM_1_16_NO_PPL,Prefetch Only B=48,predict,64,0.0,0,-1.0,-1.0,1,1,48.0,,,False,True,0.0,main,,,,,2.4418717699941377,,58706,1966,96.76,2691.0,2723.0,98.885,2691.0,2723.0,98.883761677618,21233.0,21784.0,97.60981400646789,2691.0,130704.0,2.0600783682837083,21233.0,130704.0,16.26830233441131,1966,39888,5441.0,852.0,3295.0,12.814750165497154,,,,,,21233.0,21784.0,97.60981400646789,21233.0,130704.0,16.26830233441131,20260706_214329_9092976e,2026-07-06 21:49:10,57d7e97ce48c,2,0
CUSTOM_1_16_NO_PPL,Prefetch Only B=64,predict,64,0.0,0,-1.0,-1.0,1,1,64.0,,,False,True,0.0,main,,,,,1.312567453814518,,55534,5138,91.53,1155.0,1160.0,99.61,1155.0,1160.0,99.61203231292518,9173.0,9280.0,98.63746279761904,1155.0,74240.0,1.556438004889456,9173.0,74240.0,12.32968284970238,5138,72773,8968.0,1003.0,3700.0,12.745682139695122,,,,,,9173.0,9280.0,98.63746279761904,9173.0,74240.0,12.32968284970238,20260706_214329_9092976e,2026-07-06 21:52:30,57d7e97ce48c,3,0
CUSTOM_1_16_NO_PPL,Prefetch Only B=16,predict,64,0.0,0,-1.0,-1.0,2,2,16.0,,,False,True,0.0,main,,,,,9.35574368015367,,58665,2007,96.69,3302.0,3744.0,88.195,3302.0,3744.0,88.19444444444444,22726.0,29952.0,75.87473290598291,3302.0,59904.0,5.512152777777778,22726.0,59904.0,37.937366452991455,2007,2564,1865.0,0.0,0.0,4.527807507325159,,,,,,34486.0,46058.0,74.89269193542535,34486.0,59904.0,57.56877670940171,20260706_214329_9092976e,2026-07-06 21:54:01,57d7e97ce48c,4,0
CUSTOM_1_16_NO_PPL,Prefetch Only B=24,predict,64,0.0,0,-1.0,-1.0,2,2,24.0,,,False,True,0.0,main,,,,,9.448695290663704,,59301,1371,97.74,3509.0,3744.0,93.725,3509.0,3744.0,93.7232905982906,25909.0,29952.0,86.50173611111111,3509.0,89856.0,3.905137108262109,25909.0,89856.0,28.83391203703704,1371,4782,2603.0,0.0,0.0,6.861365601973272,,,,,,39637.0,46058.0,86.08130103106488,39637.0,89856.0,44.11168981481482,20260706_224023_8f580577,2026-07-06 22:41:55,57d7e97ce48c,0,0
CUSTOM_1_16_NO_PPL,Prefetch Only B=28,predict,64,0.0,0,-1.0,-1.0,2,2,28.0,,,False,True,0.0,main,,,,,8.944502569191322,,59490,1182,98.05,3578.0,3744.0,95.565,3578.0,3744.0,95.56623931623932,26837.0,29952.0,89.6000267094017,3578.0,104832.0,3.413079975579976,26837.0,104832.0,25.600007631257636,1182,6479,2931.0,14.0,0.0,8.391301369077784,,,,,,41117.0,46058.0,89.2960098076517,41117.0,104832.0,39.2218025030525,20260706_224023_8f580577,2026-07-06 22:43:28,57d7e97ce48c,1,0
CUSTOM_1_16_NO_PPL,Prefetch Only B=32,predict,64,0.0,0,-1.0,-1.0,2,2,32.0,,,False,True,0.0,main,,,,,8.303508657258558,,59640,1032,98.295,3619.0,3744.0,96.665,3619.0,3744.0,96.66132478632478,27541.0,29952.0,91.95045405982906,3619.0,119808.0,3.020666399572649,27541.0,119808.0,22.987613514957264,1032,8551,3263.0,57.0,0.0,9.618846854860362,,,,,,42194.0,46016.0,91.71868808026244,42194.0,119808.0,35.21801549145299,20260706_224023_8f580577,2026-07-06 22:45:02,57d7e97ce48c,2,0
CUSTOM_1_16_NO_PPL,Prefetch Only B=36,predict,64,0.0,0,-1.0,-1.0,2,2,36.0,,,False,True,0.0,main,,,,,7.303513319058725,,59734,938,98.455,3649.0,3742.0,97.515,3649.0,3742.0,97.51499725764432,28033.0,29936.0,93.6437408588144,3649.0,134712.0,2.7087499238234534,28033.0,134712.0,20.80972019084764,938,11082,3538.0,114.0,2.0,10.834938680430378,,,,,,42744.0,45779.0,93.3961370034888,42744.0,134712.0,31.72973767336513,20260706_224023_8f580577,2026-07-06 22:46:42,57d7e97ce48c,3,0
CUSTOM_1_16_NO_PPL,Prefetch Only B=48,predict,64,0.0,0,-1.0,-1.0,2,2,48.0,,,False,True,0.0,main,,,,,4.7588102515997335,,59573,1099,98.185,3103.0,3142.0,98.835,3103.0,3142.0,98.83359144574676,24210.0,25136.0,96.3841448115697,3103.0,150816.0,2.059033155119724,24210.0,150816.0,16.064024135261615,1099,19922,4274.0,297.0,463.0,12.37224742065404,,,,,,32828.0,34179.0,96.11069584175914,32828.0,150816.0,21.70979629650229,20260706_214329_9092976e,2026-07-06 21:57:25,57d7e97ce48c,6,0
CUSTOM_1_16_NO_PPL,Prefetch Only B=64,predict,64,0.0,0,-1.0,-1.0,2,2,64.0,,,False,True,0.0,main,,,,,2.3080584048463884,,59013,1659,97.265,2681.0,2701.0,99.3,2681.0,2701.0,99.3022725629862,21207.0,21608.0,98.19167695353116,2681.0,172864.0,1.5515980087966592,21207.0,172864.0,12.273959619191396,1659,42394,7949.0,782.0,809.0,12.22360305911926,,,,,,28789.0,29375.0,98.0870221496294,28789.0,172864.0,16.566767224242525,20260706_214329_9092976e,2026-07-06 21:59:52,57d7e97ce48c,7,0
CUSTOM_1_16_NO_PPL,Prefetch Only B=16,predict,64,0.0,0,-1.0,-1.0,3,3,16.0,,,False,True,0.0,main,,,,,9.097781472307064,,58306,2366,96.1,2012.0,2496.0,80.61,2012.0,2496.0,80.60897435897436,13505.0,19968.0,67.63321314102564,2012.0,39936.0,5.038060897435898,13505.0,39936.0,33.81660657051282,2366,1622,1322.0,0.0,0.0,4.049632920080748,,,,,,26395.0,39986.0,66.05841794941337,26395.0,39936.0,66.09324919871796,20260706_214329_9092976e,2026-07-06 22:01:23,57d7e97ce48c,8,0
CUSTOM_1_16_NO_PPL,Prefetch Only B=24,predict,64,0.0,0,-1.0,-1.0,3,3,24.0,,,False,True,0.0,main,,,,,9.692419848954012,,58914,1758,97.105,2219.0,2496.0,88.9,2219.0,2496.0,88.90224358974359,16009.0,19968.0,80.17327724358975,2219.0,59904.0,3.7042601495726495,16009.0,59904.0,26.724425747863247,1758,2782,1844.0,0.0,0.0,5.192453578735211,,,,,,31851.0,39986.0,79.71026808391284,31851.0,59904.0,53.17007211538461,20260706_224023_8f580577,2026-07-06 22:48:13,57d7e97ce48c,4,0
CUSTOM_1_16_NO_PPL,Prefetch Only B=28,predict,64,0.0,0,-1.0,-1.0,3,3,28.0,,,False,True,0.0,main,,,,,9.659964865565744,,59118,1554,97.44,2288.0,2496.0,91.665,2288.0,2496.0,91.66666666666666,16799.0,19968.0,84.12960737179488,2288.0,69888.0,3.273809523809524,16799.0,69888.0,24.03703067765568,1554,3581,2110.0,8.0,0.0,6.1436403922202025,,,,,,33616.0,39986.0,84.12177795822413,33616.0,69888.0,48.09981684981685,20260706_224023_8f580577,2026-07-06 22:49:43,57d7e97ce48c,5,0
CUSTOM_1_16_NO_PPL,Prefetch Only B=32,predict,64,0.0,0,-1.0,-1.0,3,3,32.0,,,False,True,0.0,main,,,,,9.38496114492568,,59277,1395,97.705,2322.0,2496.0,93.03,2322.0,2496.0,93.02884615384616,17358.0,19968.0,86.92908653846155,2322.0,79872.0,2.9071514423076925,17358.0,79872.0,21.732271634615387,1395,4599,2344.0,20.0,0.0,7.21366420281846,,,,,,34819.0,39977.0,87.14685183139429,34819.0,79872.0,43.59349959935897,20260706_224023_8f580577,2026-07-06 22:51:14,57d7e97ce48c,6,0
CUSTOM_1_16_NO_PPL,Prefetch Only B=36,predict,64,0.0,0,-1.0,-1.0,3,3,36.0,,,False,True,0.0,main,,,,,8.883296199419302,,59409,1263,97.915,2362.0,2496.0,94.63,2362.0,2496.0,94.63141025641023,17865.0,19968.0,89.46814903846155,2362.0,89856.0,2.628650284900285,17865.0,89856.0,19.881810897435894,1263,5847,2566.0,26.0,0.0,8.492744807593775,,,,,,35836.0,39946.0,89.75721913045535,35836.0,89856.0,39.88158831908832,20260706_224023_8f580577,2026-07-06 22:52:48,57d7e97ce48c,7,0
CUSTOM_1_16_NO_PPL,Prefetch Only B=48,predict,64,0.0,0,-1.0,-1.0,3,3,48.0,,,False,True,0.0,main,,,,,6.784195737396923,,59620,1052,98.265,2420.0,2488.0,97.265,2420.0,2488.0,97.26917907361457,18769.0,19904.0,94.30230303970222,2420.0,119424.0,2.0264412307003035,18769.0,119424.0,15.71705050661704,1052,11721,3318.0,105.0,8.0,11.17373382554975,,,,,,36491.0,38630.0,94.50885257062976,36491.0,119424.0,30.55355235042736,20260706_214329_9092976e,2026-07-06 22:04:36,57d7e97ce48c,10,0
CUSTOM_1_16_NO_PPL,Prefetch Only B=64,predict,64,0.0,0,-1.0,-1.0,3,3,64.0,,,False,True,0.0,main,,,,,3.52275267537252,,59246,1426,97.65,2276.0,2307.0,98.68,2276.0,2307.0,98.67649989883402,17938.0,18456.0,97.24495887678589,2276.0,147648.0,1.5418203109192816,17938.0,147648.0,12.155619859598236,1426,26898,5967.0,365.0,148.0,12.176725895302804,,,,,,30956.0,31869.0,97.20298361868882,30956.0,147648.0,20.933619100475934,20260706_214329_9092976e,2026-07-06 22:06:39,57d7e97ce48c,11,0
CUSTOM_1_16_NO_PPL,Prefetch Only B=28,predict,64,0.0,0,-1.0,-1.0,4,4,28.0,,,False,True,0.0,main,,,,,9.666370460643362,,58772,1900,96.865,1618.0,1824.0,88.705,1618.0,1824.0,88.70614035087719,11785.0,14592.0,80.76343201754386,1618.0,51072.0,3.168076441102757,11785.0,51072.0,23.075266290726816,1900,2312,1518.0,0.0,0.0,5.558259702566064,,,,,,27331.0,34858.0,78.45203227957259,27331.0,51072.0,53.51464598997494,20260706_233908_cb5b8d6c,2026-07-06 23:41:00,57d7e97ce48c,0,0
CUSTOM_1_16_NO_PPL,Prefetch Only B=32,predict,64,0.0,0,-1.0,-1.0,4,4,32.0,,,False,True,0.0,main,,,,,9.777886634735504,,58969,1703,97.19,1665.0,1824.0,91.285,1665.0,1824.0,91.28289473684212,12296.0,14592.0,84.26535087719299,1665.0,58368.0,2.852590460526316,12296.0,58368.0,21.066337719298247,1703,2917,1692.0,3.0,0.0,6.518727643141261,,,,,,28753.0,34858.0,82.53531521846648,28753.0,58368.0,49.26158168859649,20260706_233908_cb5b8d6c,2026-07-06 23:42:31,57d7e97ce48c,1,0
CUSTOM_1_16_NO_PPL,Prefetch Only B=36,predict,64,0.0,0,-1.0,-1.0,4,4,36.0,,,False,True,0.0,main,,,,,9.534723760581414,,59104,1568,97.415,1691.0,1824.0,92.705,1691.0,1824.0,92.70833333333334,12697.0,14592.0,87.01343201754386,1691.0,65664.0,2.5752314814814814,12697.0,65664.0,19.33631822612086,1568,3707,1873.0,8.0,0.0,7.360196055284637,,,,,,29910.0,34858.0,85.84720885598612,29910.0,65664.0,45.5500730994152,20260706_233908_cb5b8d6c,2026-07-06 23:44:02,57d7e97ce48c,2,0
CUSTOM_1_16_NO_PPL,Prefetch Only B=28,predict,64,0.0,0,-1.0,-1.0,5,5,28.0,,,False,True,0.0,main,,,,,9.648457584841676,,58599,2073,96.58,1253.0,1440.0,87.015,1253.0,1440.0,87.01388888888889,9076.0,11520.0,78.78472222222223,1253.0,40320.0,3.107638888888889,9076.0,40320.0,22.50992063492064,2073,1744,1265.0,0.0,0.0,5.01510231063684,,,,,,23376.0,31414.0,74.4637330027632,23376.0,40320.0,57.97619047619048,20260706_233908_cb5b8d6c,2026-07-06 23:45:34,57d7e97ce48c,3,0
CUSTOM_1_16_NO_PPL,Prefetch Only B=32,predict,64,0.0,0,-1.0,-1.0,5,5,32.0,,,False,True,0.0,main,,,,,9.835866735778648,,58782,1890,96.885,1287.0,1440.0,89.375,1287.0,1440.0,89.375,9488.0,11520.0,82.36111111111111,1287.0,46080.0,2.79296875,9488.0,46080.0,20.59027777777778,1890,2101,1384.0,0.0,0.0,5.529218765802941,,,,,,24748.0,31414.0,78.82714745889785,24748.0,46080.0,53.70659722222222,20260706_233908_cb5b8d6c,2026-07-06 23:47:06,57d7e97ce48c,4,0
CUSTOM_1_16_NO_PPL,Prefetch Only B=36,predict,64,0.0,0,-1.0,-1.0,5,5,36.0,,,False,True,0.0,main,,,,,9.932739413457462,,58962,1710,97.185,1313.0,1440.0,91.18,1313.0,1440.0,91.18055555555554,9843.0,11520.0,85.44270833333334,1313.0,51840.0,2.532793209876543,9843.0,51840.0,18.98726851851852,1710,2536,1508.0,4.0,0.0,6.201960381526749,,,,,,25946.0,31414.0,82.64157815435851,25946.0,51840.0,50.05015432098766,20260706_233908_cb5b8d6c,2026-07-06 23:48:37,57d7e97ce48c,5,0
CUSTOM_1_16_NO_PPL,Prefetch Only B=28,predict,64,0.0,0,-1.0,-1.0,6,6,28.0,,,False,True,0.0,main,,,,,9.515015981518562,,58438,2234,96.315,1075.0,1248.0,86.13499999999999,1075.0,1248.0,86.13782051282051,7715.0,9984.0,77.27363782051282,1075.0,34944.0,3.0763507326007327,7715.0,34944.0,22.07818223443224,2234,1399,1044.0,0.0,0.0,4.347386171694671,,,,,,21537.0,30207.0,71.32633157922291,21537.0,34944.0,61.63289835164835,20260706_233908_cb5b8d6c,2026-07-06 23:50:08,57d7e97ce48c,6,0
CUSTOM_1_16_NO_PPL,Prefetch Only B=32,predict,64,0.0,0,-1.0,-1.0,6,6,32.0,,,False,True,0.0,main,,,,,9.770957561951525,,58637,2035,96.645,1098.0,1248.0,87.98,1098.0,1248.0,87.98076923076923,8088.0,9984.0,81.00961538461539,1098.0,39936.0,2.7493990384615383,8088.0,39936.0,20.252403846153847,2035,1689,1161.0,0.0,0.0,4.814791849200701,,,,,,22990.0,30207.0,76.13758828756146,22990.0,39936.0,57.56710737179487,20260706_233908_cb5b8d6c,2026-07-06 23:51:38,57d7e97ce48c,7,0
CUSTOM_1_16_NO_PPL,Prefetch Only B=36,predict,64,0.0,0,-1.0,-1.0,6,6,36.0,,,False,True,0.0,main,,,,,9.969606963891394,,58814,1858,96.935,1123.0,1248.0,89.985,1123.0,1248.0,89.98397435897436,8415.0,9984.0,84.28485576923077,1123.0,44928.0,2.499554843304844,8415.0,44928.0,18.72996794871795,1858,1998,1268.0,0.0,0.0,5.663759300812517,,,,,,24272.0,30207.0,80.37955008006168,24272.0,44928.0,54.02421652421653,20260706_233908_cb5b8d6c,2026-07-06 23:53:09,57d7e97ce48c,8,0
CUSTOM_1_16_NO_PPL,Prefetch Only B=32,predict,64,0.0,0,-1.0,-1.0,7,7,32.0,,,False,True,0.0,main,,,,,8.138766420662655,,57185,3487,94.255,281.0,330.0,85.15,281.0,330.0,85.15151515151516,2031.0,2640.0,76.93181818181819,281.0,10560.0,2.6609848484848486,2031.0,10560.0,19.232954545454547,3487,496,349.0,0.0,0.0,3.3910379587931274,,,,,,6445.0,9121.0,70.68761611196655,6445.0,10560.0,61.03219696969697,20260706_235707_fa0f5827,2026-07-06 23:58:38,57d7e97ce48c,0,0
CUSTOM_1_16_NO_PPL,Prefetch Only B=36,predict,64,0.0,0,-1.0,-1.0,7,7,36.0,,,False,True,0.0,main,,,,,8.12224368669909,,57227,3445,94.325,290.0,330.0,87.875,290.0,330.0,87.87878787878788,2122.0,2640.0,80.37878787878788,290.0,11880.0,2.441077441077441,2122.0,11880.0,17.861952861952865,3445,597,388.0,0.0,0.0,3.5984905768343336,,,,,,6863.0,9121.0,75.27035997751759,6863.0,11880.0,57.76936026936027,20260706_235707_fa0f5827,2026-07-07 00:00:08,57d7e97ce48c,1,0
CUSTOM_1_16_NO_PPL,Prefetch Only B=40,predict,64,0.0,0,-1.0,-1.0,7,7,40.0,,,False,True,0.0,main,,,,,8.122982334442263,,57289,3383,94.425,298.0,330.0,90.3,298.0,330.0,90.30303030303033,2192.0,2640.0,83.03030303030303,298.0,13200.0,2.257575757575758,2192.0,13200.0,16.606060606060606,3383,768,439.0,0.0,0.0,3.854292585518521,,,,,,7206.0,9121.0,79.03988119292279,7206.0,13200.0,54.59090909090909,20260706_235707_fa0f5827,2026-07-07 00:01:39,57d7e97ce48c,2,0
CUSTOM_1_16_NO_PPL,Prefetch Only B=32,predict,64,0.0,0,-1.0,-1.0,8,8,32.0,,,False,True,0.0,main,,,,,9.531200112589405,,58365,2307,96.2,756.0,864.0,87.5,756.0,864.0,87.5,5586.0,6912.0,80.81597222222223,756.0,27648.0,2.734375,5586.0,27648.0,20.20399305555556,2307,1148,839.0,0.0,0.0,4.311680747181194,,,,,,17661.0,24809.0,71.22686170908116,17661.0,27648.0,63.87803819444444,20260706_235707_fa0f5827,2026-07-07 00:03:10,57d7e97ce48c,3,0
CUSTOM_1_16_NO_PPL,Prefetch Only B=36,predict,64,0.0,0,-1.0,-1.0,8,8,36.0,,,False,True,0.0,main,,,,,9.263175764531113,,58537,2135,96.48,780.0,864.0,90.275,780.0,864.0,90.27777777777776,5825.0,6912.0,84.27372685185185,780.0,31104.0,2.507716049382716,5825.0,31104.0,18.72749485596708,2135,1327,889.0,0.0,0.0,5.317107085698146,,,,,,18788.0,24809.0,75.77223669144553,18788.0,31104.0,60.403806584362144,20260706_235707_fa0f5827,2026-07-07 00:04:42,57d7e97ce48c,4,0
CUSTOM_1_16_NO_PPL,Prefetch Only B=40,predict,64,0.0,0,-1.0,-1.0,8,8,40.0,,,False,True,0.0,main,,,,,9.039335146363117,,58659,2013,96.685,803.0,864.0,92.94,803.0,864.0,92.9398148148148,6017.0,6912.0,87.05150462962963,803.0,34560.0,2.3234953703703702,6017.0,34560.0,17.410300925925924,2013,1586,975.0,0.0,0.0,6.142485952909153,,,,,,19780.0,24809.0,79.77576573390247,19780.0,34560.0,57.23379629629629,20260706_235707_fa0f5827,2026-07-07 00:06:54,57d7e97ce48c,5,0
CUSTOM_1_16_NO_PPL,Neither (RANDOM),cached,64,0.0,0,-1.0,-1.0,1,1,,,,False,True,0.0,main,,,,,5.756442915274423,,54121,6551,89.20500000000001,,,,,,,,,,,,,,,,6551,0,,,,2.8063303270971813,,,,,,,,,,,,20260706_214329_9092976e,2026-07-06 22:08:15,57d7e97ce48c,12,0
CUSTOM_1_16_NO_PPL,Neither (LRU),cached,64,0.0,0,-1.0,-1.0,1,1,,,,False,True,0.0,main,,,,,7.708728652751423,,56481,4191,93.095,,,,,,,,,,,,,,,,4191,0,,,,2.8475480460518163,,,,,,,,,,,,20260706_214329_9092976e,2026-07-06 22:09:44,57d7e97ce48c,13,0
