question,label,backend,cache_size,lambda_val,forced_top_n,prob_mass_threshold,forced_top_p,lookahead,predictor_stride,prefetch_budget,predictor_tag,oracle_routing_agreement,mode_perplexity,mode_generate,temperature,bookend_pass,gen_perplexity,gen_perplexity_std,prompt_gen_perplexity,prompt_gen_perplexity_std,tokens_per_second,tokens_per_second_std,cache_hits,cache_misses,hit_rate_pct,pred_hits,pred_total,pred_hit_rate_pct,pred_hits_routed_forced_n,pred_total_routed_forced_n,pred_hit_rate_routed_forced_n_pct,pred_hits_routed_topk,pred_total_routed_topk,pred_hit_rate_routed_topk_pct,pred_requested_hits_forced_n,pred_requested_total_forced_n,pred_requested_rate_forced_n_pct,pred_requested_hits_topk,pred_requested_total_topk,pred_requested_rate_topk_pct,stall_loads,prefetch_loads,prefetch_hits_ready,prefetch_hits_wait,prefetch_ticks_skipped,avg_ms_per_expert_load,run_id,row_timestamp,prompt_hash,config_id,run_iter,domain,pred_hits_window_recall,pred_total_window_recall,pred_window_recall_pct,pred_hits_window_precision,pred_total_window_precision,pred_window_precision_pct
CUSTOM_1_16_NO_PPL,Neither (RANDOM),cached,24,0.0,0,-1.0,-1.0,1,1,,,,False,True,0.0,main,,,,,2.6955388033312,,119547,70533,62.894000000000005,,,,,,,,,,,,,,,,70533,0,,,,2.216073098998465,20260918_024841_e8637834,2026-09-18 02:54:04,fd02cea81c26,0,0,orca,,,,,,
CUSTOM_1_16_NO_PPL,Prefetch Only B=12,predict,24,0.0,0,-1.0,-1.0,1,1,12.0,,,False,True,0.0,main,,,,,2.3693676598166347,,156553,33527,82.362,19942.0,23520.0,84.784,19942.0,23520.0,84.78741496598639,131298.0,188160.0,69.77997448979592,19942.0,282240.0,7.065617913832201,131298.0,282240.0,46.51998299319728,33527,79671,37395.0,0.0,0.0,4.9604398976017325,20260918_025404_c7d5abbd,2026-09-18 03:00:38,fd02cea81c26,0,0,orca,131298.0,188160.0,69.77997448979592,131298.0,282240.0,46.51998299319728
CUSTOM_1_16_NO_PPL,Prefetch Only B=12,predict,24,0.0,0,-1.0,-1.0,2,2,12.0,,,False,True,0.0,main,,,,,2.7781174208337136,,146555,43525,77.102,8268.0,11760.0,70.304,8268.0,11760.0,70.3061224489796,52983.0,94080.0,56.31696428571429,8268.0,141120.0,5.858843537414966,52983.0,141120.0,37.54464285714285,43525,39835,21780.0,0.0,0.0,3.5840953496376904,20260918_025404_c7d5abbd,2026-09-18 03:06:09,fd02cea81c26,1,0,orca,84357.0,150101.0,56.26017726188029,84357.0,141120.0,59.77678571428571
CUSTOM_1_16_NO_PPL,Prefetch Only B=12,predict,24,0.0,0,-1.0,-1.0,3,3,12.0,,,False,True,0.0,main,,,,,2.7899726117308785,,140146,49934,73.732,4549.0,7680.0,59.232000000000006,4549.0,7680.0,59.231770833333336,29529.0,61440.0,48.0615234375,4549.0,92160.0,4.935980902777778,29529.0,92160.0,32.041015625,49934,27185,14220.0,0.0,0.0,3.2150005025211525,20260918_025404_c7d5abbd,2026-09-18 03:11:40,fd02cea81c26,2,0,orca,60080.0,129528.0,46.46745062942243,60080.0,92160.0,65.19097222222221
CUSTOM_1_16_NO_PPL,Prefetch Only B=12,predict,24,0.0,0,-1.0,-1.0,4,4,12.0,,,False,True,0.0,main,,,,,2.756928087280856,,135547,54533,71.312,3059.0,5760.0,53.106,3059.0,5760.0,53.10763888888889,19807.0,46080.0,42.98394097222222,3059.0,69120.0,4.425636574074074,19807.0,69120.0,28.655960648148145,54533,21340,9500.0,0.0,0.0,3.018372420252123,20260918_025404_c7d5abbd,2026-09-18 03:17:13,fd02cea81c26,3,0,orca,46194.0,116722.0,39.721132067470805,46194.0,69120.0,66.83159722222221
CUSTOM_1_16_NO_PPL,Prefetch Only B=12,predict,24,0.0,0,-1.0,-1.0,5,5,12.0,,,False,True,0.0,main,,,,,2.7679622704382694,,133718,56362,70.346,2332.0,4560.0,51.138,2332.0,4560.0,51.14035087719298,14669.0,36480.0,40.21107456140352,2332.0,54720.0,4.261695906432749,14669.0,54720.0,26.807383040935672,56362,17258,7295.0,0.0,0.0,2.885450733715854,20260918_025404_c7d5abbd,2026-09-18 03:22:45,fd02cea81c26,4,0,orca,37979.0,106237.0,35.884544471507624,37979.0,54720.0,69.40606725146199
CUSTOM_1_16_NO_PPL,Both λ=1.0 B=12,predict,24,1.0,5,-1.0,-1.0,1,1,12.0,,,False,True,0.0,main,,,,,3.093753768854191,,175410,14670,92.282,91121.0,117505.0,77.55199999999999,91121.0,117505.0,77.55193771481021,144334.0,188008.0,76.77501602602996,91121.0,282012.0,32.31330738117092,144334.0,282012.0,51.183344017353306,14670,78919,40338.0,292.0,19.0,8.023140907032607,20260918_032247_6f50808d,2026-09-18 03:27:49,fd02cea81c26,0,0,orca,144334.0,188008.0,76.77501602602996,144334.0,282012.0,51.183344017353306
CUSTOM_1_16_NO_PPL,Both λ=1.0 B=12,predict,24,1.0,5,-1.0,-1.0,2,2,12.0,,,False,True,0.0,main,,,,,3.483128453231486,,169152,20928,88.99000000000001,37578.0,58800.0,63.908,37578.0,58800.0,63.90816326530612,60967.0,94080.0,64.80335884353742,37578.0,141120.0,26.628401360544217,60967.0,141120.0,43.20223922902495,20928,37409,23455.0,0.0,0.0,5.352795264031144,20260918_032247_6f50808d,2026-09-18 03:32:54,fd02cea81c26,1,0,orca,93158.0,143524.0,64.93781422297414,93158.0,141120.0,66.01332199546485
CUSTOM_1_16_NO_PPL,Both λ=1.0 B=12,predict,24,1.0,5,-1.0,-1.0,3,3,12.0,,,False,True,0.0,main,,,,,3.8826925436123707,,164822,25258,86.71000000000001,20878.0,38400.0,54.370000000000005,20878.0,38400.0,54.369791666666664,34486.0,61440.0,56.129557291666664,20878.0,92160.0,22.65407986111111,34486.0,92160.0,37.419704861111114,25258,23505,14687.0,0.0,0.0,3.7765748412002003,20260918_032247_6f50808d,2026-09-18 03:37:25,fd02cea81c26,2,0,orca,66313.0,119772.0,55.41414396960882,66313.0,92160.0,71.95421006944444
CUSTOM_1_16_NO_PPL,Both λ=1.0 B=12,predict,24,1.0,5,-1.0,-1.0,4,4,12.0,,,False,True,0.0,main,,,,,3.877687094268733,,162159,27921,85.30999999999999,13890.0,28800.0,48.230000000000004,13890.0,28800.0,48.22916666666667,23125.0,46080.0,50.18446180555556,13890.0,69120.0,20.09548611111111,23125.0,69120.0,33.45630787037037,27921,18272,10606.0,0.0,0.0,3.5725813508220767,20260918_032247_6f50808d,2026-09-18 03:41:58,fd02cea81c26,3,0,orca,50669.0,103970.0,48.8362564566264,50669.0,69120.0,73.30584490740742
CUSTOM_1_16_NO_PPL,Both λ=1.0 B=12,predict,24,1.0,5,-1.0,-1.0,5,5,12.0,,,False,True,0.0,main,,,,,3.573154636344185,,160522,29558,84.45,10736.0,22800.0,47.086,10736.0,22800.0,47.08771929824562,17469.0,36480.0,47.88651315789474,10736.0,54720.0,19.619883040935672,17469.0,54720.0,31.924342105263158,29558,15006,7879.0,0.0,0.0,3.781037964904938,20260918_032247_6f50808d,2026-09-18 03:47:02,fd02cea81c26,4,0,orca,40521.0,91404.0,44.360375986365604,40521.0,54720.0,74.0515350877193
