question,label,backend,cache_size,lambda_val,forced_top_n,prob_mass_threshold,forced_top_p,lookahead,predictor_stride,prefetch_budget,predictor_tag,mode_perplexity,mode_generate,gen_perplexity,gen_perplexity_std,tokens_per_second,tokens_per_second_std,cache_hits,cache_misses,hit_rate_pct,pred_hits,pred_total,pred_hit_rate_pct,pred_hits_routed_forced_n,pred_total_routed_forced_n,pred_hit_rate_routed_forced_n_pct,pred_hits_routed_topk,pred_total_routed_topk,pred_hit_rate_routed_topk_pct,pred_requested_hits_forced_n,pred_requested_total_forced_n,pred_requested_rate_forced_n_pct,pred_requested_hits_topk,pred_requested_total_topk,pred_requested_rate_topk_pct,stall_loads,prefetch_loads,prefetch_hits_ready,prefetch_hits_wait,prefetch_ticks_skipped,avg_ms_per_expert_load,run_id,row_timestamp,prompt_hash,config_id,run_iter,pred_hits_window_recall,pred_total_window_recall,pred_window_recall_pct,pred_hits_window_precision,pred_total_window_precision,pred_window_precision_pct
CUSTOM_1_16_NO_PPL,Neither (LRU),cached,32,0.0,0,-1.0,-1.0,1,1,,,False,True,,,8.116887143007869,0.1958,76817.0,21103.0,78.45,,,,,,,,,,,,,,,,,,,,,,20260608_152717_16a4ec4f,2026-06-08 15:30:52,08bbaac89b05,0,0,,,,,,
CUSTOM_1_16_NO_PPL,Prefetch Only B=8,predict,32,0.0,0,-1.0,-1.0,1,1,8.0,,False,True,,,8.25116852770366,0.1995,83651.0,14269.0,85.43,8786.0,12192.0,72.06,8786.0,12192.0,72.06364829396325,55511.0,97536.0,56.91334481627297,8786.0,97536.0,9.007956036745407,55511.0,97536.0,56.91334481627297,14269.0,14826.0,46200.0,0.0,0.0,1.0058656126482213,20260608_152717_16a4ec4f,2026-06-08 15:34:30,08bbaac89b05,1,0,55511.0,97536.0,56.91334481627297,55511.0,97536.0,56.91334481627297
CUSTOM_1_16_NO_PPL,Cache-Cond Only λ=1.0 B=8,cached,32,1.0,5,-1.0,-1.0,1,1,8.0,,False,True,,,10.33022314655774,0.0708,86821.0,11099.0,88.67,,,,,,,,,,,,,,,,,,,,,,20260608_152717_16a4ec4f,2026-06-08 15:37:28,08bbaac89b05,2,0,,,,,,
CUSTOM_1_16_NO_PPL,Both λ=1.0 B=8,predict,32,1.0,5,-1.0,-1.0,1,1,8.0,,False,True,,,9.560030004849946,0.1531,90554.0,7366.0,92.48,38701.0,60960.0,63.49,38701.0,60960.0,63.48589238845145,58195.0,97536.0,59.665149278215225,38701.0,97536.0,39.67868274278215,58195.0,97536.0,59.665149278215225,7366.0,14371.0,57548.0,0.0,0.0,1.0793117725537107,20260608_152717_16a4ec4f,2026-06-08 15:40:44,08bbaac89b05,3,0,58195.0,97536.0,59.665149278215225,58195.0,97536.0,59.665149278215225
CUSTOM_1_16_NO_PPL,Prefetch Only B=16,predict,32,0.0,0,-1.0,-1.0,1,1,16.0,,False,True,,,7.715818884330594,0.2155,85281.0,12639.0,87.09,10385.0,12192.0,85.18,10385.0,12192.0,85.17880577427822,74179.0,97536.0,76.05294455380577,10385.0,195072.0,5.323675360892389,74179.0,195072.0,38.02647227690289,12639.0,42888.0,62749.0,0.0,0.0,1.2363028796801554,20260608_152717_16a4ec4f,2026-06-08 15:44:32,08bbaac89b05,4,0,74179.0,97536.0,76.05294455380577,74179.0,195072.0,38.02647227690289
CUSTOM_1_16_NO_PPL,Cache-Cond Only λ=1.0 B=16,cached,32,1.0,5,-1.0,-1.0,1,1,16.0,,False,True,,,10.373541166957855,0.1128,86821.0,11099.0,88.67,,,,,,,,,,,,,,,,,,,,,,20260608_152717_16a4ec4f,2026-06-08 15:47:30,08bbaac89b05,5,0,,,,,,
CUSTOM_1_16_NO_PPL,Both λ=1.0 B=16,predict,32,1.0,5,-1.0,-1.0,1,1,16.0,,False,True,,,8.532411758791978,0.1679,91067.0,6853.0,93.0,49217.0,60960.0,80.74,49217.0,60960.0,80.73654855643045,78328.0,97536.0,80.30675853018373,49217.0,195072.0,25.230171423884514,78328.0,195072.0,40.153379265091864,6853.0,43589.0,73451.0,0.0,0.0,1.3178845010110616,20260608_152717_16a4ec4f,2026-06-08 15:51:03,08bbaac89b05,6,0,78328.0,97536.0,80.30675853018373,78328.0,195072.0,40.153379265091864
CUSTOM_1_16_NO_PPL,Prefetch Only B=24,predict,32,0.0,0,-1.0,-1.0,1,1,24.0,,False,True,,,6.234552915449855,0.1265,84735.0,13185.0,86.53,11074.0,12192.0,90.83,11074.0,12192.0,90.83005249343832,82768.0,97536.0,84.85892388451444,11074.0,292608.0,3.78458552055993,82768.0,292608.0,28.28630796150481,13185.0,89689.0,67063.0,0.0,0.0,1.5794130684137875,20260608_152717_16a4ec4f,2026-06-08 15:55:32,08bbaac89b05,7,0,82768.0,97536.0,84.85892388451444,82768.0,292608.0,28.28630796150481
CUSTOM_1_16_NO_PPL,Cache-Cond Only λ=1.0 B=24,cached,32,1.0,5,-1.0,-1.0,1,1,24.0,,False,True,,,10.351495967345736,0.0892,86821.0,11099.0,88.67,,,,,,,,,,,,,,,,,,,,,,20260608_152717_16a4ec4f,2026-06-08 15:58:31,08bbaac89b05,8,0,,,,,,
CUSTOM_1_16_NO_PPL,Both λ=1.0 B=24,predict,32,1.0,5,-1.0,-1.0,1,1,24.0,,False,True,,,6.77552604960309,0.2246,90390.0,7530.0,92.31,53810.0,60960.0,88.27,53810.0,60960.0,88.27099737532808,87228.0,97536.0,89.43159448818898,53810.0,292608.0,18.389791119860018,87228.0,292608.0,29.810531496062993,7530.0,94510.0,77378.0,0.0,0.0,1.729083986671893,20260608_152717_16a4ec4f,2026-06-08 16:02:44,08bbaac89b05,9,0,87228.0,97536.0,89.43159448818898,87228.0,292608.0,29.810531496062993
CUSTOM_1_16_NO_PPL,Prefetch Only B=32,predict,32,0.0,0,-1.0,-1.0,1,1,32.0,,False,True,,,4.456375490266747,0.0779,81931.0,15989.0,83.67,11482.0,12192.0,94.18,11482.0,12192.0,94.17650918635171,87559.0,97536.0,89.7709563648294,11482.0,390144.0,2.943015912073491,87559.0,390144.0,22.44273909120735,15989.0,165790.0,60315.0,0.0,0.0,1.984861122571914,20260608_152717_16a4ec4f,2026-06-08 16:08:37,08bbaac89b05,10,0,87559.0,97536.0,89.7709563648294,87559.0,390144.0,22.44273909120735
CUSTOM_1_16_NO_PPL,Cache-Cond Only λ=1.0 B=32,cached,32,1.0,5,-1.0,-1.0,1,1,32.0,,False,True,,,10.352792547483526,0.0843,86821.0,11099.0,88.67,,,,,,,,,,,,,,,,,,,,,,20260608_152717_16a4ec4f,2026-06-08 16:11:36,08bbaac89b05,11,0,,,,,,
CUSTOM_1_16_NO_PPL,Both λ=1.0 B=32,predict,32,1.0,5,-1.0,-1.0,1,1,32.0,,False,True,,,4.8637780958244665,0.107,89177.0,8743.0,91.07,56022.0,60960.0,91.9,56022.0,60960.0,91.89960629921259,91152.0,97536.0,93.45472440944881,56022.0,390144.0,14.359313484251969,91152.0,390144.0,23.363681102362204,8743.0,168791.0,75640.0,0.0,0.0,2.2809566618225245,20260608_152717_16a4ec4f,2026-06-08 16:17:05,08bbaac89b05,12,0,91152.0,97536.0,93.45472440944881,91152.0,390144.0,23.363681102362204
CUSTOM_1_16_NO_PPL,Neither (LRU),cached,32,0.0,0,-1.0,-1.0,2,2,,,False,True,,,8.157503313391079,0.2161,76817.0,21103.0,78.45,,,,,,,,,,,,,,,,,,,,,,20260608_152717_16a4ec4f,2026-06-08 16:20:39,08bbaac89b05,13,0,,,,,,
CUSTOM_1_16_NO_PPL,Prefetch Only B=8,predict,32,0.0,0,-1.0,-1.0,2,2,8.0,,False,True,,,8.319927100301715,0.1828,81592.0,16328.0,83.33,3481.0,6096.0,57.1,3481.0,6096.0,57.10301837270341,22298.0,48768.0,45.72260498687664,3481.0,48768.0,7.137877296587926,22298.0,48768.0,45.72260498687664,16328.0,8464.0,36347.0,0.0,0.0,0.9045635688931913,20260608_152717_16a4ec4f,2026-06-08 16:24:14,08bbaac89b05,14,0,32931.0,74323.0,44.307953123528385,32931.0,48768.0,67.52583661417323
CUSTOM_1_16_NO_PPL,Cache-Cond Only λ=1.0 B=8,cached,32,1.0,5,-1.0,-1.0,2,2,8.0,,False,True,,,10.330692732947801,0.0713,86821.0,11099.0,88.67,,,,,,,,,,,,,,,,,,,,,,20260608_152717_16a4ec4f,2026-06-08 16:27:13,08bbaac89b05,15,0,,,,,,
CUSTOM_1_16_NO_PPL,Both λ=1.0 B=8,predict,32,1.0,5,-1.0,-1.0,2,2,8.0,,False,True,,,,,,,,,,,,,,,,,,,,,,,,,,,,,20260608_152717_16a4ec4f,2026-06-08 16:28:38,08bbaac89b05,16,0,,,,,,
CUSTOM_1_16_NO_PPL,Prefetch Only B=16,predict,32,0.0,0,-1.0,-1.0,2,2,16.0,,False,True,,,7.374902552285341,0.2256,83376.0,14544.0,85.15,4564.0,6096.0,74.87,4564.0,6096.0,74.86876640419948,31775.0,48768.0,65.15542979002625,4564.0,97536.0,4.679297900262467,31775.0,97536.0,32.57771489501312,14544.0,23093.0,53260.0,0.0,0.0,1.1285328267396444,20260608_152717_16a4ec4f,2026-06-08 16:32:39,08bbaac89b05,17,0,48764.0,75016.0,65.00479897621841,48764.0,97536.0,49.995898950131235
CUSTOM_1_16_NO_PPL,Cache-Cond Only λ=1.0 B=16,cached,32,1.0,5,-1.0,-1.0,2,2,16.0,,False,True,,,8.96100720975267,0.1301,85257.0,12663.0,87.07,,,,,,,,,,,,,,,,,,,,,,20260608_152717_16a4ec4f,2026-06-08 16:36:03,08bbaac89b05,18,0,,,,,,
CUSTOM_1_16_NO_PPL,Both λ=1.0 B=16,predict,32,1.0,5,-1.0,-1.0,2,2,16.0,,False,True,,,8.431880812926138,0.1845,89835.0,8085.0,91.74,21459.0,30480.0,70.4,21459.0,30480.0,70.40354330708661,34745.0,48768.0,71.24548884514435,21459.0,97536.0,22.001107283464567,34745.0,97536.0,35.622744422572175,8085.0,21781.0,65959.0,0.0,0.0,1.2349491060068307,20260608_152717_16a4ec4f,2026-06-08 16:39:47,08bbaac89b05,19,0,51732.0,73104.0,70.76493762311227,51732.0,97536.0,53.038877952755904
CUSTOM_1_16_NO_PPL,Prefetch Only B=24,predict,32,0.0,0,-1.0,-1.0,2,2,24.0,,False,True,,,6.502019541670018,0.355,82837.0,15083.0,84.6,5146.0,6096.0,84.42,5146.0,6096.0,84.41601049868767,37742.0,48768.0,77.39091207349081,5146.0,146304.0,3.5173337707786527,37742.0,146304.0,25.796970691163605,15083.0,45794.0,57807.0,0.0,0.0,1.4746722078946064,20260608_152717_16a4ec4f,2026-06-08 16:44:18,08bbaac89b05,20,0,57614.0,74847.0,76.97569708872767,57614.0,146304.0,39.379647856517934
CUSTOM_1_16_NO_PPL,Cache-Cond Only λ=1.0 B=24,cached,32,1.0,5,-1.0,-1.0,2,2,24.0,,False,True,,,8.51830387384435,0.1702,88099.0,9821.0,89.97,,,,,,,,,,,,,,,,,,,,,,20260608_152717_16a4ec4f,2026-06-08 16:47:57,08bbaac89b05,21,0,,,,,,
CUSTOM_1_16_NO_PPL,Both λ=1.0 B=24,predict,32,1.0,5,-1.0,-1.0,2,2,24.0,,False,True,,,7.021984587011559,0.2797,88995.0,8925.0,90.89,23644.0,30480.0,77.57,23644.0,30480.0,77.57217847769029,39264.0,48768.0,80.51181102362204,23644.0,146304.0,16.160870516185476,39264.0,146304.0,26.83727034120735,8925.0,40436.0,70429.0,0.0,0.0,1.590796580296185,20260608_152717_16a4ec4f,2026-06-08 16:52:15,08bbaac89b05,22,0,60366.0,75019.0,80.46761487089937,60366.0,146304.0,41.26066272965879
CUSTOM_1_16_NO_PPL,Prefetch Only B=32,predict,32,0.0,0,-1.0,-1.0,2,2,32.0,,False,True,,,6.0094753505116625,0.1692,80875.0,17045.0,82.59,5448.0,6096.0,89.37,5448.0,6096.0,89.37007874015748,41172.0,48768.0,84.4242125984252,5448.0,195072.0,2.7928149606299213,41172.0,195072.0,21.1060531496063,17045.0,81574.0,53098.0,0.0,0.0,1.747338748111418,20260608_152717_16a4ec4f,2026-06-08 16:56:57,08bbaac89b05,23,0,62705.0,74323.0,84.36823056119908,62705.0,195072.0,32.14454150262467
CUSTOM_1_16_NO_PPL,Cache-Cond Only λ=1.0 B=32,cached,32,1.0,5,-1.0,-1.0,2,2,32.0,,False,True,,,10.352448891563427,0.1205,86821.0,11099.0,88.67,,,,,,,,,,,,,,,,,,,,,,20260608_152717_16a4ec4f,2026-06-08 16:59:55,08bbaac89b05,24,0,,,,,,
CUSTOM_1_16_NO_PPL,Both λ=1.0 B=32,predict,32,1.0,5,-1.0,-1.0,2,2,32.0,,False,True,,,6.63131586126336,0.0927,88134.0,9786.0,90.01,25949.0,30480.0,85.13,25949.0,30480.0,85.13451443569554,43113.0,48768.0,88.40428149606299,25949.0,195072.0,13.302267880577428,43113.0,195072.0,22.101070374015748,9786.0,81123.0,69343.0,0.0,0.0,1.9727526427526425,20260608_152717_16a4ec4f,2026-06-08 17:04:13,08bbaac89b05,25,0,65655.0,73598.0,89.20758716269464,65655.0,195072.0,33.65680364173228
CUSTOM_1_16_NO_PPL,Neither (LRU),cached,32,0.0,0,-1.0,-1.0,3,3,,,False,True,,,8.169795255963656,0.1913,76817.0,21103.0,78.45,,,,,,,,,,,,,,,,,,,,,,20260608_152717_16a4ec4f,2026-06-08 17:07:47,08bbaac89b05,26,0,,,,,,
CUSTOM_1_16_NO_PPL,Prefetch Only B=8,predict,32,0.0,0,-1.0,-1.0,3,3,8.0,,False,True,,,8.264349333881707,0.1653,80319.0,17601.0,82.03,2095.0,4032.0,51.96,2095.0,4032.0,51.9593253968254,13305.0,32256.0,41.24813988095238,2095.0,32256.0,6.494915674603175,13305.0,32256.0,41.24813988095238,17601.0,5395.0,29543.0,0.0,0.0,0.8589728648460602,20260608_152717_16a4ec4f,2026-06-08 17:11:23,08bbaac89b05,27,0,24097.0,63818.0,37.75893948415808,24097.0,32256.0,74.70548115079364
CUSTOM_1_16_NO_PPL,Cache-Cond Only λ=1.0 B=8,cached,32,1.0,5,-1.0,-1.0,3,3,8.0,,False,True,,,10.352749535361452,0.0804,86821.0,11099.0,88.67,,,,,,,,,,,,,,,,,,,,,,20260608_152717_16a4ec4f,2026-06-08 17:14:22,08bbaac89b05,28,0,,,,,,
CUSTOM_1_16_NO_PPL,Both λ=1.0 B=8,predict,32,1.0,5,-1.0,-1.0,3,3,8.0,,False,True,,,10.101026396184412,0.1496,88633.0,9287.0,90.52,9525.0,20160.0,47.25,9525.0,20160.0,47.24702380952381,14628.0,32256.0,45.34970238095238,9525.0,32256.0,29.52938988095238,14628.0,32256.0,45.34970238095238,9287.0,4893.0,40828.0,0.0,0.0,0.9140084626234132,20260608_152717_16a4ec4f,2026-06-08 17:17:30,08bbaac89b05,29,0,25360.0,60492.0,41.92289889572175,25360.0,32256.0,78.62103174603175
CUSTOM_1_16_NO_PPL,Prefetch Only B=16,predict,32,0.0,0,-1.0,-1.0,3,3,16.0,,False,True,,,8.446432140671583,0.2689,82559.0,15361.0,84.31,2884.0,4032.0,71.53,2884.0,4032.0,71.52777777777777,20014.0,32256.0,62.04737103174603,2884.0,64512.0,4.470486111111111,20014.0,64512.0,31.023685515873016,15361.0,14453.0,47895.0,0.0,0.0,0.9873723753941103,20260608_152717_16a4ec4f,2026-06-08 17:21:05,08bbaac89b05,30,0,38046.0,63818.0,59.61640916355887,38046.0,64512.0,58.975074404761905
CUSTOM_1_16_NO_PPL,Cache-Cond Only λ=1.0 B=16,cached,32,1.0,5,-1.0,-1.0,3,3,16.0,,False,True,,,,,,,,,,,,,,,,,,,,,,,,,,,,,20260608_152717_16a4ec4f,2026-06-08 17:22:20,08bbaac89b05,31,0,,,,,,
CUSTOM_1_16_NO_PPL,Both λ=1.0 B=16,predict,32,1.0,5,-1.0,-1.0,3,3,16.0,,False,True,,,10.04025045752741,0.1803,89554.0,8366.0,91.46,13668.0,20160.0,67.8,13668.0,20160.0,67.79761904761905,21999.0,32256.0,68.20126488095238,13668.0,64512.0,21.186755952380953,21999.0,64512.0,34.10063244047619,8366.0,13754.0,60893.0,0.0,0.0,1.103089963833635,20260608_152717_16a4ec4f,2026-06-08 17:25:30,08bbaac89b05,32,0,40247.0,60906.0,66.08051751879947,40247.0,64512.0,62.386842757936506
CUSTOM_1_16_NO_PPL,Prefetch Only B=24,predict,32,0.0,0,-1.0,-1.0,3,3,24.0,,False,True,,,8.01323117149594,0.2606,82713.0,15207.0,84.47,3223.0,4032.0,79.94,3223.0,4032.0,79.93551587301587,23536.0,32256.0,72.96626984126983,3223.0,96768.0,3.330646494708995,23536.0,96768.0,24.322089947089946,15207.0,29117.0,52066.0,0.0,0.0,1.2164804620521614,20260608_152717_16a4ec4f,2026-06-08 17:29:14,08bbaac89b05,33,0,45773.0,63839.0,71.70068453453219,45773.0,96768.0,47.30179398148148
CUSTOM_1_16_NO_PPL,Cache-Cond Only λ=1.0 B=24,cached,32,1.0,5,-1.0,-1.0,3,3,24.0,,False,True,,,,,,,,,,,,,,,,,,,,,,,,,,,,,20260608_152717_16a4ec4f,2026-06-08 17:29:46,08bbaac89b05,34,0,,,,,,
CUSTOM_1_16_NO_PPL,Both λ=1.0 B=24,predict,32,1.0,5,-1.0,-1.0,3,3,24.0,,False,True,,,9.259125315299768,0.1838,89649.0,8271.0,91.55,15744.0,20160.0,78.1,15744.0,20160.0,78.0952380952381,25996.0,32256.0,80.59275793650794,15744.0,96768.0,16.26984126984127,25996.0,96768.0,26.864252645502646,8271.0,24698.0,66711.0,0.0,0.0,1.3080587824926442,20260608_152717_16a4ec4f,2026-06-08 17:33:08,08bbaac89b05,35,0,50700.0,63212.0,80.20628994494716,50700.0,96768.0,52.39335317460318
CUSTOM_1_16_NO_PPL,Prefetch Only B=32,predict,32,0.0,0,-1.0,-1.0,3,3,32.0,,False,True,,,6.3132237934186115,0.3123,78924.0,18996.0,80.6,3511.0,4032.0,87.08,3511.0,4032.0,87.07837301587301,26243.0,32256.0,81.35850694444444,3511.0,129024.0,2.7211991567460316,26243.0,129024.0,20.33962673611111,18996.0,52115.0,44940.0,0.0,0.0,1.6630560672751054,20260608_152717_16a4ec4f,2026-06-08 17:37:41,08bbaac89b05,36,0,52076.0,65535.0,79.46288242923629,52076.0,129024.0,40.36148313492063
CUSTOM_1_16_NO_PPL,Cache-Cond Only λ=1.0 B=32,cached,32,1.0,5,-1.0,-1.0,3,3,32.0,,False,True,,,9.090750784238871,0.0687,86664.0,11256.0,88.5,,,,,,,,,,,,,,,,,,,,,,20260608_152717_16a4ec4f,2026-06-08 17:41:04,08bbaac89b05,37,0,,,,,,
CUSTOM_1_16_NO_PPL,Both λ=1.0 B=32,predict,32,1.0,5,-1.0,-1.0,3,3,32.0,,False,True,,,6.915651274958707,0.1774,87766.0,10154.0,89.63,16302.0,20160.0,80.86,16302.0,20160.0,80.86309523809524,27316.0,32256.0,84.68501984126983,16302.0,129024.0,12.634858630952381,27316.0,129024.0,21.17125496031746,10154.0,51455.0,62922.0,0.0,0.0,1.9507372299501704,20260608_152717_16a4ec4f,2026-06-08 17:45:22,08bbaac89b05,38,0,51202.0,60404.0,84.7659095424144,51202.0,129024.0,39.68408978174603
CUSTOM_1_16_NO_PPL,Neither (LRU),cached,32,0.0,0,-1.0,-1.0,4,4,,,False,True,,,7.8010017655855,1.2298,77001.0,20919.0,78.64,,,,,,,,,,,,,,,,,,,,,,20260608_152717_16a4ec4f,2026-06-08 17:49:11,08bbaac89b05,39,0,,,,,,
CUSTOM_1_16_NO_PPL,Prefetch Only B=8,predict,32,0.0,0,-1.0,-1.0,4,4,8.0,,False,True,,,6.561659056146866,0.1001,78854.0,19066.0,80.53,1364.0,3024.0,45.11,1364.0,3024.0,45.10582010582011,8807.0,24192.0,36.404596560846564,1364.0,24192.0,5.6382275132275135,8807.0,24192.0,36.404596560846564,19066.0,4130.0,25125.0,0.0,0.0,1.0118115192274526,20260608_152717_16a4ec4f,2026-06-08 17:53:42,08bbaac89b05,40,0,18889.0,58339.0,32.377997565950736,18889.0,24192.0,78.07953042328042
CUSTOM_1_16_NO_PPL,Cache-Cond Only λ=1.0 B=8,cached,32,1.0,5,-1.0,-1.0,4,4,8.0,,False,True,,,8.575553378838132,0.2766,86006.0,11914.0,87.83,,,,,,,,,,,,,,,,,,,,,,20260608_152717_16a4ec4f,2026-06-08 17:57:19,08bbaac89b05,41,0,,,,,,
CUSTOM_1_16_NO_PPL,Both λ=1.0 B=8,predict,32,1.0,5,-1.0,-1.0,4,4,8.0,,False,True,,,9.614182693077074,0.7944,88491.0,9429.0,90.37,6646.0,15120.0,43.96,6646.0,15120.0,43.955026455026456,10309.0,24192.0,42.61326058201058,6646.0,24192.0,27.471891534391535,10309.0,24192.0,42.61326058201058,9429.0,3314.0,35219.0,0.0,0.0,0.9239504041434514,20260608_152717_16a4ec4f,2026-06-08 18:00:38,08bbaac89b05,42,0,19613.0,52053.0,37.678904193802474,19613.0,24192.0,81.07225529100529
CUSTOM_1_16_NO_PPL,Prefetch Only B=16,predict,32,0.0,0,-1.0,-1.0,4,4,16.0,,False,True,,,7.153365916301969,0.186,81724.0,16196.0,83.46,1971.0,3024.0,65.18,1971.0,3024.0,65.17857142857143,13839.0,24192.0,57.204861111111114,1971.0,48384.0,4.073660714285714,13839.0,48384.0,28.602430555555557,16196.0,11519.0,43108.0,0.0,0.0,1.0737463467436406,20260608_152717_16a4ec4f,2026-06-08 18:04:49,08bbaac89b05,43,0,30796.0,56609.0,54.401243618505895,30796.0,48384.0,63.64914021164021
CUSTOM_1_16_NO_PPL,Cache-Cond Only λ=1.0 B=16,cached,32,1.0,5,-1.0,-1.0,4,4,16.0,,False,True,,,8.576407573658678,0.1696,85681.0,12239.0,87.5,,,,,,,,,,,,,,,,,,,,,,20260608_152717_16a4ec4f,2026-06-08 18:08:23,08bbaac89b05,44,0,,,,,,
CUSTOM_1_16_NO_PPL,Both λ=1.0 B=16,predict,32,1.0,5,-1.0,-1.0,4,4,16.0,,False,True,,,7.999667298977076,0.3016,89255.0,8665.0,91.15,9783.0,15120.0,64.7,9783.0,15120.0,64.70238095238095,15907.0,24192.0,65.75314153439153,9783.0,48384.0,20.219494047619047,15907.0,48384.0,32.876570767195766,8665.0,9935.0,57348.0,0.0,0.0,1.2872951612903227,20260608_152717_16a4ec4f,2026-06-08 18:12:19,08bbaac89b05,45,0,32746.0,53476.0,61.23494651806418,32746.0,48384.0,67.67939814814815
CUSTOM_1_16_NO_PPL,Prefetch Only B=24,predict,32,0.0,0,-1.0,-1.0,4,4,24.0,,False,True,,,6.528044515532121,0.197,81813.0,16107.0,83.55,2296.0,3024.0,75.93,2296.0,3024.0,75.92592592592592,16894.0,24192.0,69.83300264550265,2296.0,72576.0,3.1635802469135803,16894.0,72576.0,23.277667548500883,16107.0,22393.0,47611.0,0.0,0.0,1.3571948051948053,20260608_152717_16a4ec4f,2026-06-08 18:16:51,08bbaac89b05,46,0,38453.0,56577.0,67.96578114781624,38453.0,72576.0,52.983079805996475
CUSTOM_1_16_NO_PPL,Cache-Cond Only λ=1.0 B=24,cached,32,1.0,5,-1.0,-1.0,4,4,24.0,,False,True,,,9.243453440432058,0.7483,85730.0,12190.0,87.55,,,,,,,,,,,,,,,,,,,,,,20260608_152717_16a4ec4f,2026-06-08 18:20:13,08bbaac89b05,47,0,,,,,,
CUSTOM_1_16_NO_PPL,Both λ=1.0 B=24,predict,32,1.0,5,-1.0,-1.0,4,4,24.0,,False,True,,,8.090681549362483,0.1467,89365.0,8555.0,91.26,11590.0,15120.0,76.65,11590.0,15120.0,76.65343915343915,19151.0,24192.0,79.16253306878306,11590.0,72576.0,15.969466490299824,19151.0,72576.0,26.38751102292769,8555.0,20150.0,63433.0,0.0,0.0,1.4798481100853513,20260608_152717_16a4ec4f,2026-06-08 18:24:07,08bbaac89b05,48,0,40516.0,52955.0,76.5102445472571,40516.0,72576.0,55.82561728395062
CUSTOM_1_16_NO_PPL,Prefetch Only B=32,predict,32,0.0,0,-1.0,-1.0,4,4,32.0,,False,True,,,5.9029089752007815,0.2309,79611.0,18309.0,81.3,2595.0,3024.0,85.81,2595.0,3024.0,85.81349206349206,19574.0,24192.0,80.91104497354497,2595.0,96768.0,2.681671626984127,19574.0,96768.0,20.227761243386244,18309.0,38447.0,43362.0,0.0,0.0,1.8646807386003244,20260608_152717_16a4ec4f,2026-06-08 18:29:01,08bbaac89b05,49,0,44966.0,57457.0,78.26026419757383,44966.0,96768.0,46.46784060846561
CUSTOM_1_16_NO_PPL,Cache-Cond Only λ=1.0 B=32,cached,32,1.0,5,-1.0,-1.0,4,4,32.0,,False,True,,,8.116851364036945,0.2195,85463.0,12457.0,87.28,,,,,,,,,,,,,,,,,,,,,,20260608_152717_16a4ec4f,2026-06-08 18:32:48,08bbaac89b05,50,0,,,,,,
CUSTOM_1_16_NO_PPL,Both λ=1.0 B=32,predict,32,1.0,5,-1.0,-1.0,4,4,32.0,,False,True,,,6.658065922881086,0.328,86634.0,11286.0,88.47,12393.0,15120.0,81.96,12393.0,15120.0,81.96428571428571,20769.0,24192.0,85.85069444444444,12393.0,96768.0,12.806919642857142,20769.0,96768.0,21.46267361111111,11286.0,37464.0,54550.0,0.0,0.0,1.6960365128205126,20260608_152717_16a4ec4f,2026-06-08 18:37:21,08bbaac89b05,51,0,47938.0,56599.0,84.69760949840104,47938.0,96768.0,49.539103835978835
