cache_hit_rate,demand_misses,blocking_ssd_ms,compute_ms,token_latency_ms,tps,speedup
0.0,384.0,320.256,49.0,369.256,2.708148276534437,1.0
0.005025125628140704,382.07035175879395,318.64667336683414,49.0,367.64667336683414,2.720002851765804,1.0043773730316337
0.010050251256281407,380.1407035175879,317.0373467336683,49.0,366.0373467336683,2.7319616670907845,1.0087932373432746
0.01507537688442211,378.2110552763819,315.42802010050247,49.0,364.42802010050247,2.7440261034928617,1.01324810287136
0.020100502512562814,376.2814070351759,313.8186934673367,49.0,362.8186934673367,2.756197566457602,1.0177424885998683
0.02512562814070352,374.35175879396985,312.20936683417085,49.0,361.20936683417085,2.7684774865184885,1.0222769227618709
0.03015075376884422,372.4221105527638,310.600040201005,49.0,359.600040201005,2.780867319817405,1.0268519430464957
0.035175879396984924,370.4924623115578,308.9907135678392,49.0,357.9907135678392,2.7933685486802444,1.0314680968114722
0.04020100502512563,368.5628140703518,307.3813869346734,49.0,356.3813869346734,2.8059826822081066,1.0361259413014365
0.04522613065326633,366.63316582914575,305.77206030150757,49.0,354.77206030150757,2.818711256884596,1.0408260438721781
0.05025125628140704,364.7035175879397,304.1627336683417,49.0,353.1627336683417,2.8315558371997116,1.0455689822210166
0.05527638190954774,362.77386934673365,302.55340703517584,49.0,351.55340703517584,2.8445180162908836,1.0503553446235065
0.06030150753768844,360.8442211055276,300.94408040201,49.0,349.94408040201,2.8575994166016936,1.055185730176675
0.06532663316582915,358.9145728643216,299.3347537688442,49.0,348.3347537688442,2.870801690558854,1.060060749049
0.07035175879396985,356.9849246231156,297.7254271356784,49.0,346.7254271356784,2.884126521268042,1.064981022737352
0.07537688442211056,355.05527638190955,296.11610050251255,49.0,345.11610050251255,2.8975756232292027,1.0699471843311223
0.08040201005025126,353.1256281407035,294.5067738693467,49.0,343.5067738693467,2.9111507430719588,1.074959878783779
0.08542713567839195,351.1959798994975,292.8974472361809,49.0,341.8974472361809,2.924853660311788,1.0800197631920894
0.09045226130653267,349.2663316582915,291.2881206030151,49.0,340.2881206030151,2.9386861881276602,1.0851275070832673
0.09547738693467336,347.33668341708545,289.67879396984927,49.0,338.67879396984927,2.952650174161848,1.0902837927103073
0.10050251256281408,345.4070351758794,288.06946733668343,49.0,337.06946733668343,2.9667475013426396,1.0954893153557776
0.10552763819095477,343.47738693467335,286.46014070351754,49.0,335.46014070351754,2.980980088730745,1.10074478364436
0.11055276381909548,341.5477386934673,284.8508140703517,49.0,333.8508140703517,2.9953498923901742,1.106050919864426
0.11557788944723618,339.6180904522613,283.2414874371859,49.0,332.2414874371859,3.0098589062844283,1.1114084602989627
0.12060301507537688,337.6884422110553,281.6321608040201,49.0,330.6321608040201,3.024509163198867,1.1168181555661607
0.12562814070351758,335.75879396984925,280.02283417085425,49.0,329.02283417085425,3.0393027356901383,1.1222807709699976
0.1306532663316583,333.8291457286432,278.4135075376884,49.0,327.4135075376884,3.0542417370636135,1.1277970868611615
0.135678391959799,331.8994974874372,276.80418090452264,49.0,325.80418090452264,3.0693283223797896,1.1333678990086715
0.1407035175879397,329.9698492462312,275.1948542713568,49.0,324.1948542713568,3.084564689490668,1.138994018982566
0.1457286432160804,328.04020100502515,273.58552763819097,49.0,322.58552763819097,3.099953080107149,1.1446762745480454
0.15075376884422112,326.1105527638191,271.97620100502513,49.0,320.97620100502513,3.1154957808985477,1.1504155100714741
0.15577889447236182,324.18090452261305,270.3668743718593,49.0,319.3668743718593,3.1311951246253424,1.1562125869386553
0.16080402010050251,322.251256281407,268.7575477386934,49.0,317.7575477386934,3.147053491306352,1.1620683839858184
0.1658291457286432,320.321608040201,267.1482211055276,49.0,316.1482211055276,3.163073309421559,1.167983797943767
0.1708542713567839,318.391959798995,265.53889447236185,49.0,314.53889447236185,3.179257057151858,1.1739597438956664
0.17587939698492464,316.46231155778895,263.92956783919595,49.0,312.92956783919595,3.1956072636570623,1.1799971557489521
0.18090452261306533,314.5326633165829,262.3202412060301,49.0,311.3202412060301,3.2121265103935377,1.186096986721876
0.18592964824120603,312.6030150753769,260.71091457286434,49.0,309.71091457286434,3.2288174324729337,1.1922602098452255
0.19095477386934673,310.6733668341709,259.1015879396985,49.0,308.1015879396985,3.245682720063486,1.1984878184797625
0.19597989949748745,308.7437185929648,257.4922613065326,49.0,306.4922613065326,3.2627251198354674,1.2047808268499653
0.20100502512562815,306.8140703517588,255.88293467336683,49.0,304.88293467336683,3.2799474364524195,1.2111402705946746
0.20603015075376885,304.88442211055275,254.27360804020097,49.0,303.273608040201,3.2973525341098693,1.217567207335274
0.21105527638190955,302.9547738693467,252.66428140703513,49.0,301.6642814070351,3.3149433381232885,1.2240627172620528
0.21608040201005024,301.0251256281407,251.05495477386933,49.0,300.0549547738693,3.3327228365671577,1.2306279037394423
0.22110552763819097,299.09547738693465,249.4456281407035,49.0,298.4456281407035,3.35069408196707,1.2372638939308322
0.22613065326633167,297.16582914572865,247.83630150753768,49.0,296.83630150753766,3.3688601930468627,1.2439718394437123
0.23115577889447236,295.2361809045226,246.22697487437185,49.0,295.2269748743719,3.387224356532904,1.2507529169959137
0.23618090452261306,293.3065326633166,244.61764824120604,49.0,293.61764824120604,3.4057898290177127,1.2576083291037643
0.24120603015075376,291.3768844221106,243.00832160804023,49.0,292.0083216080402,3.4245599388852,1.2645393047929934
0.24623115577889448,289.4472361809045,241.39899497487434,49.0,290.3989949748743,3.443538088299931,1.2715471003332792
0.25125628140703515,287.5175879396985,239.78966834170853,49.0,288.78966834170853,3.4627277552628937,1.2786329999973551
0.2562814070351759,285.58793969849245,238.1803417085427,49.0,287.1803417085427,3.4821324957364004,1.2857983168456402
0.2613065326633166,283.6582914572864,236.57101507537683,49.0,285.57101507537686,3.5017559458408223,1.2930443935373985
0.2663316582914573,281.7286432160804,234.96168844221106,49.0,283.9616884422111,3.521601824126037,1.3003726031694838
0.271356783919598,279.79899497487435,233.3523618090452,49.0,282.3523618090452,3.5416739339205514,1.3077843501437671
0.2763819095477387,277.86934673366835,231.74303517587938,49.0,280.7430351758794,3.5619761657614113,1.3152810710643956
0.2814070351758794,275.9396984924623,230.13370854271355,49.0,279.1337085427135,3.5825124999081877,1.3228642356660976
0.2864321608040201,274.0100502512563,228.52438190954774,49.0,277.52438190954774,3.6032870089444087,1.3305353477747763
0.2914572864321608,272.0804020100503,226.91505527638193,49.0,275.91505527638196,3.624303860470056,1.3382959463017308
0.2964824120603015,270.1507537688442,225.30572864321604,49.0,274.30572864321607,3.645567319888823,1.3461476062728672
0.30150753768844224,268.2211055276382,223.69640201005026,49.0,272.6964020100503,3.6670817532940707,1.3540919398943554
0.3065326633165829,266.29145728643215,222.0870753768844,49.0,271.0870753768844,3.6888516304575916,1.3621305976562483
0.31155778894472363,264.3618090452261,220.47774874371856,49.0,269.47774874371856,3.710881527925447,1.3702652694756388
0.3165829145728643,262.4321608040201,218.86842211055276,49.0,267.86842211055273,3.733176132225422,1.3784976858810305
0.32160804020100503,260.50251256281405,217.2590954773869,49.0,266.2590954773869,3.755740243190787,1.3868296192396572
0.32663316582914576,258.57286432160805,215.64976884422111,49.0,264.6497688442211,3.778578777405329,1.395262885029582
0.3316582914572864,256.643216080402,214.04044221105525,49.0,263.0404422110553,3.8016967717748584,1.403799343158497
0.33668341708542715,254.71356783919597,212.43111557788944,49.0,261.43111557788944,3.8250993872306114,1.4124408993312265
0.3417085427135678,252.78391959798998,210.82178894472364,49.0,259.8217889447236,3.8487919125703014,1.421189506468059
0.34673366834170855,250.8542713567839,209.21246231155777,49.0,258.2124623115578,3.8727797684428005,1.4300471661761145
0.35175879396984927,248.9246231155779,207.60313567839196,49.0,256.60313567839194,3.897068511482762,1.4390159302760785
0.35678391959798994,246.99497487437185,205.9938090452261,49.0,254.9938090452261,3.9216638386018166,1.4480979023867522
0.36180904522613067,245.06532663316582,204.3844824120603,49.0,253.3844824120603,3.9465715914432935,1.4572952395699847
0.36683417085427134,243.13567839195983,202.7751557788945,49.0,251.7751557788945,3.9717977610077875,1.4666101540386913
0.37185929648241206,241.20603015075375,201.16582914572862,49.0,250.16582914572862,3.997348492457265,1.4760449149307997
0.3768844221105528,239.27638190954775,199.55650251256282,49.0,248.55650251256282,4.023230090105797,1.4856018501521062
0.38190954773869346,237.3467336683417,197.94717587939698,49.0,246.94717587939698,4.049449022605449,1.4952833482911976
0.3869346733668342,235.41708542713567,196.33784924623114,49.0,245.33784924623114,4.076011928336255,1.505091860609732
0.3919597989949749,233.48743718592965,194.7285226130653,49.0,243.7285226130653,4.10292562100975,1.5150299031115764
0.3969849246231156,231.5577889447236,193.11919597989947,49.0,242.11919597989947,4.130197095495968,1.5251000586944592
0.4020100502512563,229.6281407035176,191.50986934673367,49.0,240.50986934673367,4.1578335338843795,1.5353049793880102
0.40703517587939697,227.69849246231155,189.90054271356783,49.0,238.90054271356783,4.185842311789806,1.5456473886822564
0.4120603015075377,225.76884422110552,188.291216080402,49.0,237.291216080402,4.214231004914937,1.5561300839508698
0.4170854271356784,223.8391959798995,186.6818894472362,49.0,235.6818894472362,4.243007395881715,1.5667559389736987
0.4221105527638191,221.90954773869345,185.07256281407032,49.0,234.07256281407032,4.272179481344531,1.5775279065633558
0.4271356783919598,219.97989949748745,183.46323618090452,49.0,232.46323618090452,4.301755479398872,1.5884490213009095
0.4321608040201005,218.0502512562814,181.85390954773868,49.0,230.85390954773868,4.331743837299876,1.5995224023860029
0.4371859296482412,216.12060301507537,180.24458291457285,49.0,229.24458291457285,4.362153239505975,1.6107512566070181
0.44221105527638194,214.19095477386935,178.63525628140704,49.0,227.63525628140704,4.392992616063748,1.622138881437235
0.4472361809045226,212.2613065326633,177.02592964824117,49.0,226.02592964824117,4.424271151350982,1.633688668263258
0.45226130653266333,210.3316582914573,175.4166030150754,49.0,224.4166030150754,4.4559982931959095,1.6454041057523487
0.457286432160804,208.40201005025125,173.80727638190953,49.0,222.80727638190953,4.488183762391673,1.6572887833656993
0.4623115577889447,206.47236180904522,172.1979497487437,49.0,221.1979497487437,4.520837562626095,1.6693463950250613
0.46733668341708545,204.5427135678392,170.5886231155779,49.0,219.5886231155779,4.553969990848122,1.681580742940614
0.4723618090452261,202.61306532663315,168.97929648241202,49.0,217.97929648241202,4.587591648093453,1.693995741608396
0.47738693467336685,200.68341708542715,167.36996984924625,49.0,216.36996984924625,4.62171345079329,1.706595421986127
0.4824120603015075,198.7537688442211,165.76064321608038,49.0,214.76064321608038,4.656346642591561,1.7193839358567893
0.48743718592964824,196.82412060301507,164.15131658291457,49.0,213.15131658291457,4.691502806697448,1.7323655603898727
0.49246231155778897,194.89447236180905,162.54198994974874,49.0,211.54198994974874,4.72719387880178,1.7455447029108302
0.49748743718592964,192.964824120603,160.9326633165829,49.0,209.9326633165829,4.763432160587506,1.7589259058899
0.5025125628140703,191.035175879397,159.3233366834171,49.0,208.3233366834171,4.800230333866391,1.7725138521621682
0.507537688442211,189.10552763819095,157.71401005025123,49.0,206.71401005025123,4.837601475376074,1.7863133703914675
0.5125628140703518,187.17587939698493,156.10468341708543,49.0,205.10468341708543,4.875559072273719,1.8003294407915045
0.5175879396984925,185.2462311557789,154.4953567839196,49.0,203.4953567839196,4.914117038364882,1.8145672011184628
0.5226130653266332,183.31658291457285,152.88603015075375,49.0,201.88603015075375,4.953289731108551,1.8290319529502193
0.5276381909547738,181.38693467336685,151.27670351758795,49.0,200.27670351758795,4.993091969442077,1.8437291682683032
0.5326633165829145,179.4572864321608,149.6673768844221,49.0,198.6673768844221,5.033539052472444,1.8586644963597647
0.5376884422110553,177.52763819095478,148.05805025125628,49.0,197.05805025125628,5.074646779083438,1.873843771057234
0.542713567839196,175.59798994974875,146.44872361809044,49.0,195.44872361809044,5.116431468511475,1.8892730183366733
0.5477386934673367,173.6683417085427,144.8393969849246,49.0,193.8393969849246,5.158909981946408,1.9049584642936026
0.5527638190954774,171.73869346733665,143.23007035175877,49.0,192.23007035175877,5.202099745217363,1.9209065435199824
0.5577889447236181,169.80904522613065,141.62074371859296,49.0,190.62074371859296,5.24601877262774,1.9371239079054285
0.5628140703517588,167.87939698492463,140.01141708542713,49.0,189.01141708542713,5.290685692007864,1.9536174358880556
0.5678391959798995,165.9497487437186,138.40209045226132,49.0,187.40209045226132,5.336119771058473,1.9703942421819676
0.5728643216080402,164.02010050251255,136.79276381909546,49.0,185.79276381909546,5.382340945063339,1.9874616880103082
0.577889447236181,162.0904522613065,135.18343718592962,49.0,184.18343718592962,5.429369846054721,2.0048273918747817
0.5829145728643216,160.1608040201005,133.5741105527638,49.0,182.5741105527638,5.477227833521339,2.0224992408947555
0.5879396984924623,158.23115577889448,131.96478391959798,49.0,180.96478391959798,5.525937026754866,2.040485402751395
0.592964824120603,156.30150753768845,130.35545728643217,49.0,179.35545728643217,5.575520338937842,2.058794338274832
0.5979899497487438,154.3718592964824,128.7461306532663,49.0,177.7461306532663,5.6260015130834224,2.077434814715132
0.6030150753768845,152.44221105527635,127.13680402010047,49.0,176.13680402010047,5.677405159945343,2.0964159197407772
0.6080402010050251,150.51256281407035,125.52747738693466,49.0,174.52747738693466,5.729756798025325,2.115747076211639
0.6130653266331658,148.58291457286433,123.91815075376884,49.0,172.91815075376883,5.783082895814537,2.1354380577768923
0.6180904522613065,146.6532663316583,122.30882412060302,49.0,171.30882412060302,5.83741091641602,2.1554990053521137
0.6231155778894473,144.72361809045225,120.69949748743717,49.0,169.69949748743716,5.892769364706162,2.1759404445339383
0.628140703517588,142.7939698492462,119.09017085427132,49.0,168.09017085427132,5.949187837205349,2.1967733040150983
0.6331658291457286,140.8643216080402,117.48084422110553,49.0,166.48084422110554,6.006697074841151,2.218008935067544
0.6381909547738693,138.93467336683418,115.87151758793969,49.0,164.8715175879397,6.065329018801666,2.239659132166628
0.6432160804020101,137.00502512562815,114.26219095477387,49.0,163.26219095477387,6.125116869692232,2.2617361548350745
0.6482412060301508,135.0753768844221,112.65286432160802,49.0,161.65286432160804,6.186095150225746,2.284252750791758
0.6532663316582915,133.14572864321605,111.04353768844217,49.0,160.04353768844217,6.248299771695292,2.3072221804971162
0.6582914572864321,131.21608040201005,109.43421105527638,49.0,158.43421105527636,6.311768104498014,2.3306582431945184
0.6633165829145728,129.28643216080403,107.82488442211056,49.0,156.82488442211056,6.37653905300128,2.3545753045550404
0.6683417085427136,127.35678391959799,106.21555778894472,49.0,155.21555778894472,6.442653135066241,2.3789883260420197
0.6733668341708543,125.42713567839195,104.60623115577889,49.0,153.6062311557789,6.510152566570399,2.4039128961215193
0.678391959798995,123.49748743718591,102.99690452261305,49.0,151.99690452261305,6.57908135129967,2.429365263455511
0.6834170854271356,121.56783919597991,101.38757788944724,49.0,150.38757788944724,6.649485376612149,2.4553623722262956
0.6884422110552764,119.63819095477388,99.77825125628141,49.0,148.7782512562814,6.721412515310635,2.4819218997535435
0.6934673366834171,117.70854271356784,98.16892462311557,49.0,147.16892462311557,6.794912734199131,2.509062296579434
0.6984924623115578,115.7788944723618,96.55959798994974,49.0,145.55959798994974,6.870038209840657,2.5368028292129217
0.7035175879396985,113.84924623115576,94.9502713567839,49.0,143.9502713567839,6.946843452079907,2.565163625741218
0.7085427135678392,111.91959798994976,93.3409447236181,49.0,142.3409447236181,7.025385435945289,2.5941657245354133
0.7135678391959799,109.98994974874373,91.73161809045226,49.0,140.73161809045226,7.10572374260112,2.6238311262979193
0.7185929648241206,108.06030150753769,90.12229145728642,49.0,139.12229145728642,7.187920710082768,2.6541828497223223
0.7236180904522613,106.13065326633165,88.51296482412059,49.0,137.5129648241206,7.272041594616205,2.685244991061601
0.7286432160804021,104.20100502512561,86.90363819095475,49.0,135.90363819095475,7.3581547433993295,2.7170427879286625
0.7336683417085427,102.27135678391961,85.29431155778896,49.0,134.29431155778894,7.446331779806506,2.749602687684231
0.7386934673366834,100.34170854271358,83.68498492462312,49.0,132.6849849246231,7.5366478020711165,2.782952420801572
0.7437185929648241,98.41206030150754,82.07565829145729,49.0,131.07565829145727,7.629181596604456,2.8171210796357746
0.7487437185929648,96.4824120603015,80.46633165829145,49.0,129.46633165829144,7.724015867224557,2.8521392030678707
0.7537688442211056,94.55276381909546,78.85700502512562,49.0,127.85700502512562,7.821237481696733,2.8880388675414084
0.7587939698492463,92.62311557788942,77.24767839195978,49.0,126.24767839195978,7.920937737130587,2.9248537850618916
0.7638190954773869,90.69346733668343,75.63835175879397,49.0,124.63835175879397,8.023212645937804,2.962619408788409
0.7688442211055276,88.76381909547739,74.02902512562814,49.0,123.02902512562814,8.128163244233416,3.001373046912654
0.7738693467336684,86.83417085427135,72.4196984924623,49.0,121.4196984924623,8.235895924762815,3.041153985594218
0.7788944723618091,84.90452261306531,70.81037185929647,49.0,119.81037185929647,8.346522796660587,3.0820036218037012
0.7839195979899498,82.97487437185927,69.20104522613063,49.0,118.20104522613063,8.460162074598395,3.1239656070179045
0.7889447236180904,81.04522613065328,67.59171859296482,49.0,116.59171859296482,8.576938500161539,3.1670860028156493
0.7939698492462312,79.11557788944724,65.98239195979899,49.0,114.98239195979899,8.69698379861177,3.211413449540187
0.7989949748743719,77.1859296482412,64.37306532663315,49.0,113.37306532663315,8.820437174552463,3.256999349326544
0.8040201005025126,75.25628140703516,62.763738693467324,49.0,111.76373869346733,8.94744585041741,3.303898064941731
0.8090452261306533,73.32663316582912,61.15441206030148,49.0,110.15441206030148,9.07816565216265,3.352167136054971
0.8140703517587939,71.39698492462313,59.54508542713568,49.0,108.54508542713569,9.212761647060304,3.4018675147468995
0.8190954773869347,69.46733668341709,57.935758793969846,49.0,106.93575879396985,9.351408839083211,3.45306382228451
0.8241206030150754,67.53768844221105,56.32643216080401,49.0,105.32643216080402,9.49429292803994,3.5058246294363156
0.8291457286432161,65.60804020100501,54.717105527638175,49.0,103.71710552763818,9.641611139384558,3.560222762884584
0.8341708542713568,63.67839195979897,53.10777889447234,49.0,102.10777889447235,9.793573132498484,3.6163356406138596
0.8391959798994975,61.748743718592976,51.49845226130654,49.0,100.49845226130654,9.950401996240647,3.674245639523836
0.8442211055276382,59.81909547738694,49.889125628140704,49.0,98.8891256281407,10.1123353417075,3.734040498937544
0.8492462311557789,57.8894472361809,48.27979899497487,49.0,97.27979899497487,10.279626503459948,3.795813764161606
0.8542713567839196,55.95979899497486,46.67047236180903,49.0,95.67047236180903,10.452545861989417,3.8596652748147644
0.8592964824120604,54.03015075376882,45.0611457286432,49.0,94.0611457286432,10.631382301943226,3.925701703286348
0.864321608040201,52.10050251256283,43.4518190954774,49.0,92.45181909547739,10.816444822651613,3.9940371494330438
0.8693467336683417,50.17085427135679,41.84249246231156,49.0,90.84249246231155,11.008064319843237,4.064793798488034
0.8743718592964824,48.24120603015075,40.233165829145726,49.0,89.23316582914572,11.206595560160835,4.138102650162749
0.8793969849246231,46.31155778894471,38.62383919597989,49.0,87.62383919597988,11.41241937326434,4.214104328094097
0.8844221105527639,44.38190954773867,37.014512562814055,49.0,86.01451256281405,11.625945090018703,4.292949980159945
0.8894472361809045,42.45226130653268,35.40518592964825,49.0,84.40518592964824,11.847613259610617,4.374802281790778
0.8944723618090452,40.52261306532664,33.79585929648241,49.0,82.7958592964824,12.07789868354546,4.459836556291262
0.8994974874371859,38.5929648241206,32.18653266331658,49.0,81.18653266331657,12.317313810494106,4.548242028407811
0.9045226130653267,36.66331658291456,30.57720603015074,49.0,79.57720603015073,12.566412543073119,4.640223230005007
0.9095477386934674,34.73366834170852,28.967879396984905,49.0,77.9678793969849,12.825794516076977,4.736001579828519
0.914572864321608,32.80402010050253,27.358552763819105,49.0,76.3585527638191,13.09610991571633,4.835817163037749
0.9195979899497487,30.874371859296488,25.74922613065327,49.0,74.74922613065327,13.378064921396136,4.939930740615051
0.9246231155778895,28.94472361809045,24.139899497487434,49.0,73.13989949748743,13.672427865919516,5.048626024057977
0.9296482412060302,27.01507537688441,22.5305728643216,49.0,71.5305728643216,13.980036227261719,5.162212257133753
0.9346733668341709,25.085427135678373,20.921246231155763,49.0,69.92124623115576,14.301804585891611,5.281027154167992
0.9396984924623115,23.155778894472377,19.311919597989963,49.0,68.31191959798997,14.638733706868695,5.405440253663507
0.9447236180904522,21.22613065326634,17.702592964824124,49.0,66.70259296482412,14.99192093667714,5.5358567573936535
0.949748743718593,19.2964824120603,16.09326633165829,49.0,65.09326633165828,15.362572142329986,5.672721938988201
0.9547738693467337,17.36683417085426,14.483939698492453,49.0,63.48393969849245,15.752015466421138,5.816526223068804
0.9597989949748744,15.437185929648223,12.874613065326617,49.0,61.87461306532661,16.161717228747914,5.967811057018539
0.964824120603015,13.507537688442227,11.265286432160817,49.0,60.26528643216082,16.593300375759036,6.127175723551278
0.9698492462311558,11.577889447236188,9.655959798994981,49.0,58.655959798994985,17.04856596715572,6.2952852747680526
0.9748743718592965,9.64824120603015,8.046633165829144,49.0,57.04663316582914,17.529518299407698,6.472879809166088
0.9798994974874372,7.718592964824111,6.4373065326633085,49.0,55.43730653266331,18.038394405233348,6.660785364498845
0.9849246231155779,5.788944723618073,4.827979899497473,49.0,53.82797989949747,18.57769884485923,6.859926764657339
0.9899497487437187,3.8592964824120344,3.2186532663316365,49.0,52.218653266331636,19.150244930670347,7.071342842119609
0.9949748743718593,1.9296482412060385,1.609326633165836,49.0,50.609326633165836,19.75920381727959,7.296204564753392
1.0,0.0,0.0,49.0,49.0,20.408163265306122,7.535836734693877
