question,label,backend,cache_size,lambda_val,forced_top_n,prob_mass_threshold,forced_top_p,lookahead,predictor_stride,prefetch_budget,predictor_tag,mode_perplexity,mode_generate,gen_perplexity,tokens_per_second,cache_hits,cache_misses,hit_rate_pct,pred_hits,pred_total,pred_hit_rate_pct,pred_hits_routed_forced_n,pred_total_routed_forced_n,pred_hit_rate_routed_forced_n_pct,pred_hits_routed_topk,pred_total_routed_topk,pred_hit_rate_routed_topk_pct,pred_requested_hits_forced_n,pred_requested_total_forced_n,pred_requested_rate_forced_n_pct,pred_requested_hits_topk,pred_requested_total_topk,pred_requested_rate_topk_pct,stall_loads,prefetch_loads,avg_ms_per_expert_load,run_id,row_timestamp,prompt_hash,config_id,run_iter
STRIDE_SWEEP,LRU Baseline,cached,24,0.0,0,-1.0,-1.0,,,,,False,True,,5.645809422841374,33142,15626,67.96,,,,,,,,,,,,,,,,,,,20260519_045136_cc38aed0,2026-05-19 04:56:13,18e7e7ea1574,0,0
STRIDE_SWEEP,Prefetch f4 stride=1 B=18,predict,24,0.0,0,-1.0,-1.0,4.0,1.0,18.0,,False,True,,4.932278061289497,37628,11140,77.16,4766.0,6048.0,78.8,4766.0,6048.0,78.80291005291005,32483.0,48384.0,67.13583002645503,4766.0,108864.0,4.377939447383892,32483.0,108864.0,29.838146678424454,11140.0,26084.0,1.4684931764453042,20260519_045136_cc38aed0,2026-05-19 05:01:23,18e7e7ea1574,1,0
STRIDE_SWEEP,Prefetch f4 stride=2 B=18,predict,24,0.0,0,-1.0,-1.0,4.0,2.0,18.0,,False,True,,5.315759976809319,36487,12281,74.82,2238.0,3024.0,74.01,2238.0,3024.0,74.0079365079365,15585.0,24192.0,64.42212301587301,2238.0,54432.0,4.111552028218695,15585.0,54432.0,28.632054673721342,12281.0,18008.0,1.3693981313348078,20260519_045136_cc38aed0,2026-05-19 05:06:20,18e7e7ea1574,2,0
STRIDE_SWEEP,Prefetch f4 stride=4 B=18 (matched),predict,24,0.0,0,-1.0,-1.0,4.0,4.0,18.0,,False,True,,5.606316256662485,35587,13181,72.97,974.0,1488.0,65.46,974.0,1488.0,65.45698924731182,6810.0,11904.0,57.207661290322584,974.0,26784.0,3.6364994026284347,6810.0,26784.0,25.42562724014337,13181.0,11963.0,1.283381721285396,20260519_045136_cc38aed0,2026-05-19 05:11:05,18e7e7ea1574,3,0
STRIDE_SWEEP,Prefetch f4 stride=8 B=18,predict,24,0.0,0,-1.0,-1.0,4.0,8.0,18.0,,False,True,,5.677888782724522,34634,14134,71.02,337.0,720.0,46.81,337.0,720.0,46.80555555555556,2619.0,5760.0,45.46875,337.0,12960.0,2.6003086419753085,2619.0,12960.0,20.208333333333332,14134.0,6516.0,1.183786924939467,20260519_045136_cc38aed0,2026-05-19 05:15:49,18e7e7ea1574,4,0
STRIDE_SWEEP,Prefetch f8 stride=1 B=18,predict,24,0.0,0,-1.0,-1.0,8.0,1.0,18.0,,False,True,,4.672920876573342,36026,12742,73.87,4320.0,6048.0,71.43,4320.0,6048.0,71.42857142857143,28905.0,48384.0,59.74082341269841,4320.0,108864.0,3.9682539682539684,28905.0,108864.0,26.551477072310405,12742.0,21045.0,1.398572231923521,20260519_045136_cc38aed0,2026-05-19 05:21:11,18e7e7ea1574,5,0
STRIDE_SWEEP,Prefetch f8 stride=2 B=18,predict,24,0.0,0,-1.0,-1.0,8.0,2.0,18.0,,False,True,,5.208417249392306,35549,13219,72.89,2077.0,3024.0,68.68,2077.0,3024.0,68.68386243386243,14264.0,24192.0,58.96164021164021,2077.0,54432.0,3.8157701352145796,14264.0,54432.0,26.20517342739565,13219.0,15524.0,1.3117158960442545,20260519_045136_cc38aed0,2026-05-19 05:26:10,18e7e7ea1574,6,0
STRIDE_SWEEP,Prefetch f8 stride=4 B=18,predict,24,0.0,0,-1.0,-1.0,8.0,4.0,18.0,,False,True,,5.4756731607593805,35044,13724,71.86,967.0,1488.0,64.99,967.0,1488.0,64.98655913978494,6589.0,11904.0,55.35114247311828,967.0,26784.0,3.6103643966547194,6589.0,26784.0,24.600507765830347,13724.0,11374.0,1.2419762530878955,20260519_045136_cc38aed0,2026-05-19 05:31:01,18e7e7ea1574,7,0
STRIDE_SWEEP,Prefetch f8 stride=8 B=18 (matched),predict,24,0.0,0,-1.0,-1.0,8.0,8.0,18.0,,False,True,,5.645774704249565,34539,14229,70.82,383.0,720.0,53.19,383.0,720.0,53.19444444444444,2720.0,5760.0,47.22222222222222,383.0,12960.0,2.955246913580247,2720.0,12960.0,20.987654320987655,14229.0,6438.0,1.1464329607586972,20260519_045136_cc38aed0,2026-05-19 05:35:46,18e7e7ea1574,8,0
