cache_size,prefetch_count,lambda,backend,gen_perplexity,hit_rate,tokens_per_second
4,,0.0,Cached (LRU),,53.178879310344826,2.1185
4,1.0,0.0,Predict (Spec),,52.5323275862069,2.562
4,,0.5,Cached (LRU),,69.66594827586206,3.2554
4,1.0,0.5,Predict (Spec),,71.01293103448276,3.0292
4,,1.0,Cached (LRU),,71.55172413793103,3.37
4,1.0,1.0,Predict (Spec),,71.4978448275862,3.0118
4,2.0,0.0,Predict (Spec),,52.58620689655172,2.4171
4,2.0,0.5,Predict (Spec),,69.45043103448276,2.7757
4,2.0,1.0,Predict (Spec),,72.89870689655173,2.8565
5,,0.0,Cached (LRU),,66.21767241379311,3.1676
5,1.0,0.0,Predict (Spec),,65.40948275862068,2.9993
5,,0.5,Cached (LRU),,78.71767241379311,3.6957
5,1.0,0.5,Predict (Spec),,80.11853448275862,3.4773
5,,1.0,Cached (LRU),,81.03448275862068,3.7187
5,1.0,1.0,Predict (Spec),,81.03448275862068,3.549
5,2.0,0.0,Predict (Spec),,64.81681034482759,2.8702
5,2.0,0.5,Predict (Spec),,81.30387931034483,3.3138
5,2.0,1.0,Predict (Spec),,80.76508620689656,3.3358
6,,0.0,Cached (LRU),,79.14870689655173,3.8357
6,1.0,0.0,Predict (Spec),,78.55603448275862,3.6325
6,,0.5,Cached (LRU),,88.14655172413794,4.3808
6,1.0,0.5,Predict (Spec),,88.46982758620689,4.0199
6,,1.0,Cached (LRU),,88.79310344827587,4.3362
6,1.0,1.0,Predict (Spec),,87.44612068965517,4.1056
6,2.0,0.0,Predict (Spec),,77.64008620689656,3.5272
6,2.0,0.5,Predict (Spec),,88.20043103448276,3.9132
6,2.0,1.0,Predict (Spec),,89.17025862068965,3.9132
7,,0.0,Cached (LRU),,90.57112068965517,4.8431
7,1.0,0.0,Predict (Spec),,90.14008620689656,4.5976
7,,0.5,Cached (LRU),,94.71982758620689,5.1667
7,1.0,0.5,Predict (Spec),,94.39655172413794,4.8338
7,,1.0,Cached (LRU),,94.01939655172413,5.1981
7,1.0,1.0,Predict (Spec),,93.96551724137932,4.8123
7,2.0,0.0,Predict (Spec),,89.60129310344827,4.5954
7,2.0,0.5,Predict (Spec),,93.75,4.7691
7,2.0,1.0,Predict (Spec),,93.80387931034483,4.9081
