variant,horizon_N,layer,adaptive_f1,adaptive_recall,adaptive_precision,adaptive_avg_union,label_density,loss
tx_emb_only,1,0,0.6899038461538461,0.6899038461538461,0.6899038461538461,8.0,0.0625,0.414729895173673
tx_emb_only,1,23,0.6492693821926105,0.6492693821926105,0.6492693821926105,8.0,0.0625,0.42101478262715886
tx_emb_only,1,47,0.7840596608116294,0.7840596608116294,0.7840596608116294,8.0,0.0625,0.39229810419189504
tx_emb_only,4,0,0.6570201018075493,0.6570201049312469,0.6570201049312469,26.898014888337467,0.21014074131513646,0.6416009069731454
tx_emb_only,4,23,0.6862066179232916,0.6862066183965791,0.6862066183965791,21.01227047146402,0.16415836305831266,0.5834190369243953
tx_emb_only,4,47,0.762354929003467,0.7623549287668233,0.7623549287668233,23.3022952853598,0.18204918191687344,0.5545638529361034
tx_emb_markov,1,0,0.6922009388249546,0.6922009388249546,0.6922009388249546,8.0,0.0625,0.41414807538564535
tx_emb_markov,1,23,0.6516845850999394,0.6516845850999394,0.6516845850999394,8.0,0.0625,0.42010810553630434
tx_emb_markov,1,47,0.7857185039370079,0.7857185039370079,0.7857185039370079,8.0,0.0625,0.3918346862024715
tx_emb_markov,4,0,0.6595887420076886,0.6595887436168661,0.6595887436168661,26.898014888337467,0.21014074131513646,0.6401366900924418
tx_emb_markov,4,23,0.6879053951433811,0.6879053961846137,0.6879053961846137,21.01227047146402,0.16415836305831266,0.582101583173198
tx_emb_markov,4,47,0.764224952314391,0.7642249504212411,0.7642249504212411,23.3022952853598,0.18204918191687344,0.5533692522676056
tx_emb_markov_pfill,1,0,0.6936417322834646,0.6936417322834646,0.6936417322834646,8.0,0.0625,0.4137875494734581
tx_emb_markov_pfill,1,23,0.6540982737734706,0.6540982737734706,0.6540982737734706,8.0,0.0625,0.41943113372587276
tx_emb_markov_pfill,1,47,0.787961841308298,0.787961841308298,0.787961841308298,8.0,0.0625,0.39130265966247313
tx_emb_markov_pfill,4,0,0.6622236846398479,0.6622236862726898,0.6622236862726898,26.898014888337467,0.21014074131513646,0.6383808406588457
tx_emb_markov_pfill,4,23,0.6900145391790802,0.6900145397706896,0.6900145397706896,21.01227047146402,0.16415836305831266,0.5808142521067825
tx_emb_markov_pfill,4,47,0.7654027865956499,0.7654027873529098,0.7654027873529098,23.3022952853598,0.18204918191687344,0.5526556581243983
mlp_emb_only,1,0,0.5695813648293964,0.5695813648293964,0.5695813648293964,8.0,0.0625,0.4396096832602043
mlp_emb_only,1,23,0.5659488188976378,0.5659488188976378,0.5659488188976378,8.0,0.0625,0.43925504577316327
mlp_emb_only,1,47,0.7058661417322835,0.7058661417322835,0.7058661417322835,8.0,0.0625,0.40911448003926615
mlp_emb_only,2,0,0.5449957272564924,0.5449957253592355,0.5449957253592355,14.936338624338624,0.1166901455026455,0.5453076743726377
mlp_emb_only,2,23,0.5985336623015227,0.5985336646428184,0.5985336646428184,13.091142857142858,0.10227455357142858,0.5098221284586286
mlp_emb_only,2,47,0.6931166468221674,0.6931166495671348,0.6931166495671348,13.861301587301588,0.10829141865079366,0.48174594265947895
mlp_emb_only,3,0,0.5515786353759765,0.5515786352945964,0.5515786352945964,21.280352,0.16625275,0.6273931814804077
mlp_emb_only,3,23,0.6155768208007812,0.6155768244628906,0.6155768244628906,17.32464,0.13534875,0.5664242936770121
mlp_emb_only,3,47,0.6947490501708984,0.6947490513102214,0.6947490513102214,19.003082666666668,0.14846158333333334,0.5411431143493652
mlp_emb_only,4,0,0.5745286020668604,0.5745286044049006,0.5745286044049006,26.896397849462364,0.21012810819892472,0.6882660398842186
mlp_emb_only,4,23,0.6316001972075431,0.6316001984380907,0.6316001984380907,20.983397849462367,0.16393279569892474,0.6136347023953673
mlp_emb_only,4,47,0.7060127292345929,0.7060127280040454,0.7060127280040454,23.316075268817205,0.1821568380376344,0.5878607173222368
mlp_emb_only,6,0,0.6237351297680798,0.6237351313523256,0.6237351313523256,36.64150819672131,0.28626178278688524,0.7750869419926503
mlp_emb_only,6,23,0.6607519469547792,0.6607519495396015,0.6607519495396015,27.229639344262296,0.21273155737704919,0.6902270119411698
mlp_emb_only,6,47,0.7347607867131468,0.734760787463579,0.734760787463579,30.41279781420765,0.23759998292349727,0.6594196930087981
mlp_emb_only,8,0,0.670214812596639,0.6702148128615485,0.6702148128615485,44.7883,0.34990859375,0.8325030122121175
mlp_emb_only,8,23,0.6883762019263373,0.6883762048933241,0.6883762048933241,32.432611111111115,0.2533797743055556,0.751722984568278
mlp_emb_only,8,47,0.7603033484352959,0.7603033491982354,0.7603033491982354,36.0358,0.2815296875,0.7148855694876777
mlp_emb_only,10,0,0.7097355554440601,0.7097355575130484,0.7097355575130484,51.597084745762714,0.4031022245762712,0.8740195679018053
mlp_emb_only,10,23,0.7137720016651908,0.7137720062342067,0.7137720062342067,36.84847457627119,0.28787870762711865,0.80299476142657
mlp_emb_only,10,47,0.7818895651176151,0.7818895653762387,0.7818895653762387,40.633468926553675,0.3174489759887006,0.7613806665415144
mlp_emb_only,12,0,0.7423748368011124,0.7423748390811613,0.7423748390811613,57.29227586206896,0.44759590517241377,0.9070819710972665
mlp_emb_only,12,23,0.735828969582744,0.7358289708104627,0.7358289708104627,40.618114942528734,0.31732902298850574,0.8487657156922351
mlp_emb_only,12,47,0.8002056657637673,0.8002056644483544,0.8002056644483544,44.459816091954025,0.3473423132183908,0.8030329081765537
mlp_emb_only,16,0,0.7937052486510504,0.7937052481060937,0.7937052481060937,65.96985714285714,0.5153895089285714,0.9623970307395572
mlp_emb_only,16,23,0.7696541799363635,0.769654177393232,0.769654177393232,46.6605,0.36453515625,0.9319774746440705
mlp_emb_only,16,47,0.8287259682700747,0.8287259665443784,0.8287259665443784,50.332035714285716,0.39321902901785716,0.8789064153262547
mlp_emb_markov,1,0,0.584509186351706,0.584509186351706,0.584509186351706,8.0,0.0625,0.4362323937178284
mlp_emb_markov,1,23,0.5746351706036745,0.5746351706036745,0.5746351706036745,8.0,0.0625,0.4369754006925217
mlp_emb_markov,1,47,0.7128031496062992,0.7128031496062992,0.7128031496062992,8.0,0.0625,0.4074430686551442
mlp_emb_markov,2,0,0.5538240828337493,0.5538240800887819,0.5538240800887819,14.936338624338624,0.1166901455026455,0.5417520977958801
mlp_emb_markov,2,23,0.605888879483339,0.605888880936557,0.605888880936557,13.091142857142858,0.10227455357142858,0.5068411385886884
mlp_emb_markov,2,47,0.7003719883469678,0.7003719912735873,0.7003719912735873,13.861301587301588,0.10829141865079366,0.4790116269323561
mlp_emb_markov,3,0,0.560065454264323,0.5600654536539713,0.5600654536539713,21.280352,0.16625275,0.6236080488306681
mlp_emb_markov,3,23,0.6204464692382813,0.6204464724934896,0.6204464724934896,17.32464,0.13534875,0.5635418766454061
mlp_emb_markov,3,47,0.6995334685872396,0.6995334692382813,0.6995334692382813,19.003082666666668,0.14846158333333334,0.5384984589742025
mlp_emb_markov,4,0,0.5797782777765745,0.5797782800325784,0.5797782800325784,26.896397849462364,0.21012810819892472,0.6852229989267165
mlp_emb_markov,4,23,0.6366209058864142,0.6366209067888158,0.6366209067888158,20.983397849462367,0.16393279569892474,0.6100675186393082
mlp_emb_markov,4,47,0.7097210380390127,0.7097210382030856,0.7097210382030856,23.316075268817205,0.1821568380376344,0.5854534648720936
mlp_emb_markov,6,0,0.6279512599257172,0.6279512623437766,0.6279512623437766,36.64150819672131,0.28626178278688524,0.7720933049884651
mlp_emb_markov,6,23,0.6659383031292692,0.6659383055473286,0.6659383055473286,27.229639344262296,0.21273155737704919,0.6864993185293479
mlp_emb_markov,6,47,0.7380391062752145,0.7380391077760791,0.7380391077760791,30.41279781420765,0.23759998292349727,0.6568164131810756
mlp_emb_markov,8,0,0.673447587966919,0.6734475878821479,0.6734475878821479,44.7883,0.34990859375,0.8296724664052327
mlp_emb_markov,8,23,0.6920794351683722,0.6920794389830696,0.6920794389830696,32.432611111111115,0.2533797743055556,0.7480824026955498
mlp_emb_markov,8,47,0.7631862080891927,0.7631862091912164,0.7631862091912164,36.0358,0.2815296875,0.7120846278508505
mlp_emb_markov,10,0,0.7123330796236372,0.7123330812615863,0.7123330812615863,51.597084745762714,0.4031022245762712,0.871067153434969
mlp_emb_markov,10,23,0.7163640046631549,0.7163640104390807,0.7163640104390807,36.84847457627119,0.28787870762711865,0.8000618398337714
mlp_emb_markov,10,47,0.7840120620727539,0.7840120624175853,0.7840120624175853,40.633468926553675,0.3174489759887006,0.7589836183618017
mlp_emb_markov,12,0,0.7445681437349868,0.7445681441734577,0.7445681441734577,57.29227586206896,0.44759590517241377,0.9043328661041699
mlp_emb_markov,12,23,0.7381963663210814,0.7381963689519071,0.7381963689519071,40.618114942528734,0.31732902298850574,0.845390770057152
mlp_emb_markov,12,47,0.8016803250367615,0.8016803233705718,0.8016803233705718,44.459816091954025,0.3473423132183908,0.8004702076802308
mlp_emb_markov,16,0,0.7949165344692412,0.7949165323575338,0.7949165323575338,65.96985714285714,0.5153895089285714,0.9605753038724264
mlp_emb_markov,16,23,0.7719273291088286,0.7719273263840448,0.7719273263840448,46.6605,0.36453515625,0.928458245027633
mlp_emb_markov,16,47,0.8303638406026931,0.8303638386953445,0.8303638386953445,50.332035714285716,0.39321902901785716,0.8765742546263195
