question,label,backend,cache_size,lambda_val,forced_top_n,prob_mass_threshold,forced_top_p,lookahead,predictor_stride,prefetch_budget,predictor_tag,oracle_routing_agreement,mode_perplexity,mode_generate,temperature,bookend_pass,gen_perplexity,gen_perplexity_std,prompt_gen_perplexity,prompt_gen_perplexity_std,tokens_per_second,tokens_per_second_std,cache_hits,cache_misses,hit_rate_pct,pred_hits,pred_total,pred_hit_rate_pct,pred_hits_routed_forced_n,pred_total_routed_forced_n,pred_hit_rate_routed_forced_n_pct,pred_hits_routed_topk,pred_total_routed_topk,pred_hit_rate_routed_topk_pct,pred_requested_hits_forced_n,pred_requested_total_forced_n,pred_requested_rate_forced_n_pct,pred_requested_hits_topk,pred_requested_total_topk,pred_requested_rate_topk_pct,stall_loads,prefetch_loads,prefetch_hits_ready,prefetch_hits_wait,prefetch_ticks_skipped,avg_ms_per_expert_load,pred_hits_window_recall,pred_total_window_recall,pred_window_recall_pct,pred_hits_window_precision,pred_total_window_precision,pred_window_precision_pct,run_id,row_timestamp,prompt_hash,config_id,run_iter
CUSTOM_1_16_NO_PPL,Prefetch Only B=4,predict,32,0.0,0,-1.0,-1.0,1,1,4.0,,,False,True,0.0,main,,,,,3.7283500419346303,,126989,24691,83.72200000000001,11249.0,18720.0,60.089999999999996,11249.0,18720.0,60.090811965811966,56112.0,149760.0,37.467948717948715,11249.0,74880.0,15.022702991452991,56112.0,74880.0,74.93589743589743,24691,7986,6032.0,0.0,0.0,4.052903124353483,56112.0,149760.0,37.467948717948715,56112.0,74880.0,74.93589743589743,20260927_183729_57c533e9,2026-09-27 18:42:35,08bbaac89b05,0,0
CUSTOM_1_16_NO_PPL,Prefetch Only B=8,predict,32,0.0,0,-1.0,-1.0,1,1,8.0,,,False,True,0.0,main,,,,,4.091293118723632,,132014,19666,87.034,13998.0,18720.0,74.776,13998.0,18720.0,74.77564102564102,89207.0,149760.0,59.566639957264954,13998.0,149760.0,9.346955128205128,89207.0,149760.0,59.566639957264954,19666,20610,12202.0,0.0,0.0,3.973356643556337,89207.0,149760.0,59.566639957264954,89207.0,149760.0,59.566639957264954,20260927_183729_57c533e9,2026-09-27 18:47:10,08bbaac89b05,1,0
CUSTOM_1_16_NO_PPL,Prefetch Only B=12,predict,32,0.0,0,-1.0,-1.0,1,1,12.0,,,False,True,0.0,main,,,,,3.342079392362718,,135302,16378,89.202,15440.0,18720.0,82.478,15440.0,18720.0,82.47863247863248,107218.0,149760.0,71.59321581196582,15440.0,224640.0,6.873219373219373,107218.0,224640.0,47.728810541310544,16378,38744,17690.0,0.0,0.0,5.6990871049237555,107218.0,149760.0,71.59321581196582,107218.0,224640.0,47.728810541310544,20260927_183729_57c533e9,2026-09-27 18:52:30,08bbaac89b05,2,0
CUSTOM_1_16_NO_PPL,Prefetch Only B=16,predict,32,0.0,0,-1.0,-1.0,1,1,16.0,,,False,True,0.0,main,,,,,2.7600106805429845,,137348,14332,90.55,16334.0,18720.0,87.25399999999999,16334.0,18720.0,87.25427350427351,117810.0,149760.0,78.66586538461539,16334.0,299520.0,5.453392094017095,117810.0,299520.0,39.33293269230769,14332,62632,22722.0,6.0,0.0,7.315121400948806,117810.0,149760.0,78.66586538461539,117810.0,299520.0,39.33293269230769,20260927_183729_57c533e9,2026-09-27 18:58:18,08bbaac89b05,3,0
CUSTOM_1_16_NO_PPL,Prefetch Only B=20,predict,32,0.0,0,-1.0,-1.0,1,1,20.0,,,False,True,0.0,main,,,,,2.3319811495533367,,138648,13032,91.408,16831.0,18655.0,90.226,16831.0,18655.0,90.22412176905627,124308.0,149240.0,83.29602307304975,16831.0,373100.0,4.511206088452814,124308.0,373100.0,33.3184092292199,13032,91460,26686.0,284.0,72.0,10.121133615999845,124308.0,149240.0,83.29602307304975,124308.0,373100.0,33.3184092292199,20260927_183729_57c533e9,2026-09-27 19:04:12,08bbaac89b05,4,0
CUSTOM_1_16_NO_PPL,Prefetch Only B=4,predict,32,0.0,0,-1.0,-1.0,2,2,4.0,,,False,True,0.0,main,,,,,4.052411343269368,,124463,27217,82.054,4318.0,9360.0,46.132000000000005,4318.0,9360.0,46.13247863247863,22212.0,74880.0,29.663461538461537,4318.0,37440.0,11.533119658119658,22212.0,37440.0,59.32692307692307,27217,3962,3054.0,0.0,0.0,2.9803345559776666,30794.0,114953.0,26.786438089768524,30794.0,37440.0,82.24893162393163,20260927_183729_57c533e9,2026-09-27 19:08:47,08bbaac89b05,5,0
CUSTOM_1_16_NO_PPL,Prefetch Only B=8,predict,32,0.0,0,-1.0,-1.0,2,2,8.0,,,False,True,0.0,main,,,,,3.863632232736723,,127847,23833,84.286,5828.0,9360.0,62.263999999999996,5828.0,9360.0,62.26495726495726,36205.0,74880.0,48.35069444444444,5828.0,74880.0,7.783119658119658,36205.0,74880.0,48.35069444444444,23833,10096,6703.0,0.0,0.0,3.7390508490110186,52608.0,114953.0,45.75624147779837,52608.0,74880.0,70.25641025641025,20260927_183729_57c533e9,2026-09-27 19:13:50,08bbaac89b05,6,0
CUSTOM_1_16_NO_PPL,Prefetch Only B=12,predict,32,0.0,0,-1.0,-1.0,2,2,12.0,,,False,True,0.0,main,,,,,3.6167901202175656,,130693,20987,86.162,6793.0,9360.0,72.572,6793.0,9360.0,72.57478632478633,45308.0,74880.0,60.50747863247864,6793.0,112320.0,6.047898860398861,45308.0,112320.0,40.33831908831909,20987,18455,10297.0,0.0,0.0,4.622151567666454,67421.0,114953.0,58.63824306151635,67421.0,112320.0,60.02581908831909,20260927_183729_57c533e9,2026-09-27 19:18:59,08bbaac89b05,7,0
CUSTOM_1_16_NO_PPL,Prefetch Only B=16,predict,32,0.0,0,-1.0,-1.0,2,2,16.0,,,False,True,0.0,main,,,,,3.428360177631391,,132923,18757,87.63399999999999,7434.0,9360.0,79.422,7434.0,9360.0,79.42307692307693,51730.0,74880.0,69.08386752136752,7434.0,149760.0,4.963942307692308,51730.0,149760.0,34.54193376068376,18757,28915,13579.0,0.0,0.0,5.020572900802584,77802.0,114953.0,67.66547333913495,77802.0,149760.0,51.9511217948718,20260927_183729_57c533e9,2026-09-27 19:24:18,08bbaac89b05,8,0
CUSTOM_1_16_NO_PPL,Prefetch Only B=20,predict,32,0.0,0,-1.0,-1.0,2,2,20.0,,,False,True,0.0,main,,,,,3.2920570203673143,,134369,17311,88.588,7876.0,9360.0,84.144,7876.0,9360.0,84.14529914529915,56336.0,74880.0,75.23504273504274,7876.0,187200.0,4.207264957264957,56336.0,187200.0,30.094017094017097,17311,41903,16679.0,0.0,0.0,5.339097838824482,85261.0,114953.0,74.15446073354481,85261.0,187200.0,45.54540598290598,20260927_183729_57c533e9,2026-09-27 19:29:20,08bbaac89b05,9,0
CUSTOM_1_16_NO_PPL,Prefetch Only B=4,predict,32,0.0,0,-1.0,-1.0,3,3,4.0,,,False,True,0.0,main,,,,,3.761323652682063,,123481,28199,81.41199999999999,2381.0,6240.0,38.158,2381.0,6240.0,38.157051282051285,12794.0,49920.0,25.62900641025641,2381.0,24960.0,9.539262820512821,12794.0,24960.0,51.25801282051282,28199,2425,1900.0,0.0,0.0,3.1156881996336088,21290.0,98722.0,21.56520033050784,21290.0,24960.0,85.29647435897436,20260927_183729_57c533e9,2026-09-27 19:34:56,08bbaac89b05,10,0
CUSTOM_1_16_NO_PPL,Prefetch Only B=8,predict,32,0.0,0,-1.0,-1.0,3,3,8.0,,,False,True,0.0,main,,,,,4.1083561066085945,,126022,25658,83.084,3290.0,6240.0,52.726,3290.0,6240.0,52.72435897435897,20641.0,49920.0,41.34815705128205,3290.0,49920.0,6.590544871794871,20641.0,49920.0,41.34815705128205,25658,6268,4268.0,0.0,0.0,3.1090187939561917,37376.0,98739.0,37.84317138147988,37376.0,49920.0,74.87179487179488,20260927_183729_57c533e9,2026-09-27 19:39:29,08bbaac89b05,11,0
CUSTOM_1_16_NO_PPL,Prefetch Only B=12,predict,32,0.0,0,-1.0,-1.0,3,3,12.0,,,False,True,0.0,main,,,,,4.07485244699026,,128200,23480,84.522,3904.0,6240.0,62.565999999999995,3904.0,6240.0,62.56410256410256,26315.0,49920.0,52.71434294871794,3904.0,74880.0,5.213675213675214,26315.0,74880.0,35.1428952991453,23480,11312,6683.0,0.0,0.0,3.4127744054133955,49449.0,98739.0,50.06345127840414,49449.0,74880.0,66.03766025641025,20260927_183729_57c533e9,2026-09-27 19:44:05,08bbaac89b05,12,0
CUSTOM_1_16_NO_PPL,Prefetch Only B=16,predict,32,0.0,0,-1.0,-1.0,3,3,16.0,,,False,True,0.0,main,,,,,3.928664005568051,,129941,21739,85.666,4372.0,6240.0,70.064,4372.0,6240.0,70.06410256410257,30642.0,49920.0,61.38221153846153,4372.0,99840.0,4.379006410256411,30642.0,99840.0,30.691105769230766,21739,17702,9052.0,0.0,0.0,3.764199402242152,58638.0,98739.0,59.36529540344553,58638.0,99840.0,58.73197115384615,20260927_183729_57c533e9,2026-09-27 19:48:47,08bbaac89b05,13,0
CUSTOM_1_16_NO_PPL,Prefetch Only B=20,predict,32,0.0,0,-1.0,-1.0,3,3,20.0,,,False,True,0.0,main,,,,,3.6704294253803313,,131201,20479,86.5,4723.0,6240.0,75.688,4723.0,6240.0,75.68910256410257,33905.0,49920.0,67.91866987179488,4723.0,124800.0,3.7844551282051286,33905.0,124800.0,27.16746794871795,20479,25457,11158.0,0.0,0.0,4.233156164933919,65644.0,98739.0,66.46105325653583,65644.0,124800.0,52.59935897435897,20260927_183729_57c533e9,2026-09-27 19:53:36,08bbaac89b05,14,0
CUSTOM_1_16_NO_PPL,Prefetch Only B=4,predict,32,0.0,0,-1.0,-1.0,4,4,4.0,,,False,True,0.0,main,,,,,4.019415232161807,,122870,28810,81.006,1678.0,4560.0,36.798,1678.0,4560.0,36.79824561403508,9309.0,36480.0,25.518092105263158,1678.0,18240.0,9.19956140350877,9309.0,18240.0,51.036184210526315,28810,1641,1299.0,0.0,0.0,2.7092608389204274,15916.0,85944.0,18.516773847821064,15916.0,18240.0,87.25877192982456,20260927_183729_57c533e9,2026-09-27 19:58:44,08bbaac89b05,15,0
CUSTOM_1_16_NO_PPL,Prefetch Only B=8,predict,32,0.0,0,-1.0,-1.0,4,4,8.0,,,False,True,0.0,main,,,,,4.08108728739837,,124980,26700,82.398,2314.0,4560.0,50.746,2314.0,4560.0,50.74561403508772,14772.0,36480.0,40.493421052631575,2314.0,36480.0,6.343201754385965,14772.0,36480.0,40.493421052631575,26700,4457,3098.0,0.0,0.0,2.9424625908723745,28517.0,85944.0,33.16706603647388,28517.0,36480.0,78.17160087719299,20260927_183729_57c533e9,2026-09-27 20:03:21,08bbaac89b05,16,0
CUSTOM_1_16_NO_PPL,Prefetch Only B=12,predict,32,0.0,0,-1.0,-1.0,4,4,12.0,,,False,True,0.0,main,,,,,3.689890409543911,,126716,24964,83.542,2736.0,4560.0,59.998000000000005,2736.0,4560.0,60.0,18636.0,36480.0,51.08552631578947,2736.0,54720.0,5.0,18636.0,54720.0,34.05701754385965,24964,7837,4799.0,0.0,0.0,3.9004885878158086,38394.0,85944.0,44.6553490000713,38394.0,54720.0,70.16447368421052,20260927_183729_57c533e9,2026-09-27 20:08:24,08bbaac89b05,17,0
CUSTOM_1_16_NO_PPL,Prefetch Only B=16,predict,32,0.0,0,-1.0,-1.0,4,4,16.0,,,False,True,0.0,main,,,,,3.73632615048333,,128229,23451,84.538,3108.0,4560.0,68.156,3108.0,4560.0,68.15789473684211,21583.0,36480.0,59.16392543859649,3108.0,72960.0,4.259868421052632,21583.0,72960.0,29.581962719298247,23451,12257,6580.0,0.0,0.0,3.8384968724701807,46310.0,85944.0,53.86486813699746,46310.0,72960.0,63.47313596491229,20260927_183729_57c533e9,2026-09-27 20:13:33,08bbaac89b05,18,0
CUSTOM_1_16_NO_PPL,Prefetch Only B=20,predict,32,0.0,0,-1.0,-1.0,4,4,20.0,,,False,True,0.0,main,,,,,3.846649119946548,,129504,22176,85.38,3361.0,4560.0,73.704,3361.0,4560.0,73.70614035087719,23994.0,36480.0,65.77302631578948,3361.0,91200.0,3.6853070175438596,23994.0,91200.0,26.30921052631579,22176,17767,8237.0,0.0,0.0,3.7745268897217814,52824.0,85944.0,61.441025995407564,52824.0,91200.0,57.921052631578945,20260927_183729_57c533e9,2026-09-27 20:18:17,08bbaac89b05,19,0
CUSTOM_1_16_NO_PPL,Prefetch Only B=4,predict,32,0.0,0,-1.0,-1.0,6,6,4.0,,,False,True,0.0,main,,,,,4.006052258928692,,122314,29366,80.638,1035.0,3120.0,33.174,1035.0,3120.0,33.17307692307692,5678.0,24960.0,22.748397435897438,1035.0,12480.0,8.29326923076923,5678.0,12480.0,45.496794871794876,29366,993,678.0,0.0,0.0,2.621783555517402,11150.0,74580.0,14.947669506061064,11150.0,12480.0,89.34294871794872,20260927_183729_57c533e9,2026-09-27 20:22:53,08bbaac89b05,20,0
CUSTOM_1_16_NO_PPL,Prefetch Only B=8,predict,32,0.0,0,-1.0,-1.0,6,6,8.0,,,False,True,0.0,main,,,,,3.855624915131274,,123838,27842,81.64399999999999,1450.0,3120.0,46.474000000000004,1450.0,3120.0,46.47435897435897,9095.0,24960.0,36.438301282051285,1450.0,24960.0,5.809294871794871,9095.0,24960.0,36.438301282051285,27842,2771,1713.0,0.0,0.0,3.0318346441550674,20570.0,74580.0,27.572765339561425,20570.0,24960.0,82.41185897435898,20260927_183729_57c533e9,2026-09-27 20:28:04,08bbaac89b05,21,0
CUSTOM_1_16_NO_PPL,Prefetch Only B=12,predict,32,0.0,0,-1.0,-1.0,6,6,12.0,,,False,True,0.0,main,,,,,3.9555133043482322,,125260,26420,82.582,1753.0,3120.0,56.186,1753.0,3120.0,56.18589743589744,11736.0,24960.0,47.01923076923077,1753.0,37440.0,4.682158119658119,11736.0,37440.0,31.346153846153847,26420,4971,2748.0,0.0,0.0,3.1098658197683777,28514.0,74580.0,38.22205403506413,28514.0,37440.0,76.15918803418803,20260927_183729_57c533e9,2026-09-27 20:33:11,08bbaac89b05,22,0
CUSTOM_1_16_NO_PPL,Prefetch Only B=16,predict,32,0.0,0,-1.0,-1.0,6,6,16.0,,,False,True,0.0,main,,,,,4.031283607524324,,126409,25271,83.34,1972.0,3120.0,63.20399999999999,1972.0,3120.0,63.2051282051282,13776.0,24960.0,55.19230769230769,1972.0,49920.0,3.9503205128205123,13776.0,49920.0,27.596153846153847,25271,7909,3776.0,0.0,0.0,3.1844850539411356,35333.0,74580.0,47.36203511666706,35333.0,49920.0,70.7792467948718,20260927_183729_57c533e9,2026-09-27 20:37:48,08bbaac89b05,23,0
CUSTOM_1_16_NO_PPL,Prefetch Only B=20,predict,32,0.0,0,-1.0,-1.0,6,6,20.0,,,False,True,0.0,main,,,,,3.905939686177409,,127383,24297,83.982,2182.0,3120.0,69.936,2182.0,3120.0,69.93589743589743,15471.0,24960.0,61.98317307692307,2182.0,62400.0,3.4967948717948714,15471.0,62400.0,24.793269230769234,24297,11736,4851.0,0.0,0.0,3.435842670140515,41052.0,74580.0,55.027961749322415,41052.0,62400.0,65.78846153846153,20260927_183729_57c533e9,2026-09-27 20:42:31,08bbaac89b05,24,0
CUSTOM_1_16_NO_PPL,Prefetch Only B=4,predict,32,0.0,0,-1.0,-1.0,8,8,4.0,,,False,True,0.0,main,,,,,3.400556305213441,,122100,29580,80.5,719.0,2160.0,33.288,719.0,2160.0,33.28703703703704,4000.0,17280.0,23.148148148148145,719.0,8640.0,8.32175925925926,4000.0,8640.0,46.29629629629629,29580,706,503.0,0.0,0.0,3.379532417460557,7920.0,60997.0,12.988923993654296,7920.0,8640.0,91.66666666666666,20260927_183729_57c533e9,2026-09-27 20:47:48,08bbaac89b05,25,0
CUSTOM_1_16_NO_PPL,Prefetch Only B=8,predict,32,0.0,0,-1.0,-1.0,8,8,8.0,,,False,True,0.0,main,,,,,4.038380239322566,,123322,28358,81.30199999999999,988.0,2160.0,45.742000000000004,988.0,2160.0,45.74074074074074,6282.0,17280.0,36.35416666666667,988.0,17280.0,5.717592592592593,6282.0,17280.0,36.35416666666667,28358,1967,1207.0,0.0,0.0,2.7167649778556493,14803.0,60997.0,24.27677003983245,14803.0,17280.0,85.66550925925927,20260927_183729_57c533e9,2026-09-27 20:52:44,08bbaac89b05,26,0
CUSTOM_1_16_NO_PPL,Prefetch Only B=12,predict,32,0.0,0,-1.0,-1.0,8,8,12.0,,,False,True,0.0,main,,,,,4.077351313755101,,124552,27128,82.114,1195.0,2160.0,55.324,1195.0,2160.0,55.324074074074076,8000.0,17280.0,46.29629629629629,1195.0,25920.0,4.610339506172839,8000.0,25920.0,30.864197530864196,27128,3524,2025.0,0.0,0.0,2.842718829582138,20874.0,60997.0,34.23253891669723,20874.0,25920.0,80.5324074074074,20260927_183729_57c533e9,2026-09-27 20:57:21,08bbaac89b05,27,0
CUSTOM_1_16_NO_PPL,Prefetch Only B=16,predict,32,0.0,0,-1.0,-1.0,8,8,16.0,,,False,True,0.0,main,,,,,4.055842219173423,,125554,26126,82.774,1357.0,2160.0,62.824,1357.0,2160.0,62.824074074074076,9453.0,17280.0,54.70486111111111,1357.0,34560.0,3.9265046296296298,9453.0,34560.0,27.352430555555554,26126,5594,2801.0,0.0,0.0,3.0004444875790393,26246.0,60997.0,43.041938371697334,26246.0,34560.0,75.94328703703704,20260927_183729_57c533e9,2026-09-27 21:01:59,08bbaac89b05,28,0
CUSTOM_1_16_NO_PPL,Prefetch Only B=20,predict,32,0.0,0,-1.0,-1.0,8,8,20.0,,,False,True,0.0,main,,,,,3.9834377133110705,,126290,25390,83.262,1510.0,2160.0,69.91,1510.0,2160.0,69.9074074074074,10618.0,17280.0,61.44675925925926,1510.0,43200.0,3.4953703703703702,10618.0,43200.0,24.578703703703702,25390,8289,3568.0,0.0,0.0,3.217985280107734,30917.0,60997.0,50.697569866079576,30917.0,43200.0,71.56712962962963,20260927_183729_57c533e9,2026-09-27 21:07:13,08bbaac89b05,29,0
CUSTOM_1_16_NO_PPL,Neither (RANDOM),cached,32,0.0,0,-1.0,-1.0,1,1,,,,False,True,0.0,main,,,,,3.4358423718165483,,113689,37991,74.954,,,,,,,,,,,,,,,,37991,0,,,,2.4235470309488725,,,,,,,20260927_183729_57c533e9,2026-09-27 21:11:53,08bbaac89b05,30,0
CUSTOM_1_16_NO_PPL,Neither (LRU),cached,32,0.0,0,-1.0,-1.0,1,1,,,,False,True,0.0,main,,,,,3.8117196558566526,,118501,33179,78.126,,,,,,,,,,,,,,,,33179,0,,,,2.4417972697596007,,,,,,,20260927_183729_57c533e9,2026-09-27 21:16:21,08bbaac89b05,31,0
