question,label,backend,cache_size,lambda_val,forced_top_n,prob_mass_threshold,forced_top_p,lookahead,predictor_stride,prefetch_budget,predictor_tag,mode_perplexity,mode_generate,gen_perplexity,gen_perplexity_std,tokens_per_second,tokens_per_second_std,cache_hits,cache_misses,hit_rate_pct,pred_hits,pred_total,pred_hit_rate_pct,pred_hits_routed_forced_n,pred_total_routed_forced_n,pred_hit_rate_routed_forced_n_pct,pred_hits_routed_topk,pred_total_routed_topk,pred_hit_rate_routed_topk_pct,pred_requested_hits_forced_n,pred_requested_total_forced_n,pred_requested_rate_forced_n_pct,pred_requested_hits_topk,pred_requested_total_topk,pred_requested_rate_topk_pct,stall_loads,prefetch_loads,prefetch_hits_ready,prefetch_hits_wait,prefetch_ticks_skipped,avg_ms_per_expert_load,run_id,row_timestamp,prompt_hash,config_id,run_iter
CUSTOM_1_16_NO_PPL,Neither (LRU),cached,16,0.0,0,-1.0,-1.0,1,1,,,False,True,,,3.667001661887283,0.114,54738,43182,55.9,,,,,,,,,,,,,,,,,,,,,,20260608_213426_de3064dd,2026-06-08 21:48:13,825d31bdb85d,0,0
CUSTOM_1_16_NO_PPL,Cache-Cond Only λ=1.0,cached,16,1.0,5,-1.0,-1.0,1,1,,,False,True,,,5.659065975033336,2.032,70724,27196,72.23,,,,,,,,,,,,,,,,,,,,,,20260608_213426_de3064dd,2026-06-08 21:57:43,825d31bdb85d,1,0
CUSTOM_1_16_NO_PPL,Prefetch Only B=4,predict,16,0.0,0,-1.0,-1.0,1,1,4.0,,False,True,,,3.9714825100810502,0.2405,61198,36722,62.5,0.0,0.0,0.0,,,,,,,,,,,,,36722.0,0.0,,,,1.9133375088502809,20260608_213426_de3064dd,2026-06-08 22:10:40,825d31bdb85d,2,0
CUSTOM_1_16_NO_PPL,Both λ=1.0 B=4,predict,16,1.0,5,-1.0,-1.0,1,1,4.0,,False,True,,,5.411885089432385,0.5241,75776,22144,77.39,0.0,0.0,0.0,,,,,,,,,,,,,22144.0,0.0,,,,2.305254244942197,20260608_213426_de3064dd,2026-06-08 22:20:43,825d31bdb85d,3,0
CUSTOM_1_16_NO_PPL,Prefetch Only B=8,predict,16,0.0,0,-1.0,-1.0,1,1,8.0,,False,True,,,4.315772100018194,0.1979,67506,30414,68.94,0.0,0.0,0.0,,,,,,,,,,,,,30414.0,0.0,,,,3.0638633524034984,20260608_213426_de3064dd,2026-06-08 22:32:51,825d31bdb85d,4,0
CUSTOM_1_16_NO_PPL,Both λ=1.0 B=8,predict,16,1.0,5,-1.0,-1.0,1,1,8.0,,False,True,,,5.533905630892619,0.245,79067,18853,80.75,0.0,0.0,0.0,,,,,,,,,,,,,18853.0,0.0,,,,4.301700525115366,20260608_213426_de3064dd,2026-06-08 22:42:46,825d31bdb85d,5,0
CUSTOM_1_16_NO_PPL,Prefetch Only B=12,predict,16,0.0,0,-1.0,-1.0,1,1,12.0,,False,True,,,4.982575589398612,0.2307,66065,31855,67.47,0.0,0.0,0.0,,,,,,,,,,,,,31855.0,0.0,,,,2.9821202323026217,20260608_224539_9d311d26,2026-06-08 22:56:06,825d31bdb85d,0,0
CUSTOM_1_16_NO_PPL,Both λ=1.0 B=12,predict,16,1.0,5,-1.0,-1.0,1,1,12.0,,False,True,,,5.6307285090733075,0.3125,74301,23619,75.88,0.0,0.0,0.0,,,,,,,,,,,,,23619.0,0.0,,,,4.173712265548922,20260608_224539_9d311d26,2026-06-08 23:05:34,825d31bdb85d,1,0
CUSTOM_1_16_NO_PPL,Prefetch Only B=16,predict,16,0.0,0,-1.0,-1.0,1,1,16.0,,False,True,,,4.04531417731174,0.186,53371,44549,54.5,0.0,0.0,0.0,,,,,,,,,,,,,44549.0,0.0,,,,3.5056277357516445,20260608_224539_9d311d26,2026-06-08 23:18:01,825d31bdb85d,2,0
CUSTOM_1_16_NO_PPL,Both λ=1.0 B=16,predict,16,1.0,5,-1.0,-1.0,1,1,16.0,,False,True,,,4.50439226439784,0.2688,63845,34075,65.2,0.0,0.0,0.0,,,,,,,,,,,,,34075.0,0.0,,,,4.538740425531915,20260608_224539_9d311d26,2026-06-08 23:29:24,825d31bdb85d,3,0
CUSTOM_1_16_NO_PPL,Neither (LRU),cached,16,0.0,0,-1.0,-1.0,2,2,,,False,True,,,5.382221610764149,0.1482,54738,43182,55.9,,,,,,,,,,,,,,,,,,,,,,20260608_224539_9d311d26,2026-06-08 23:39:05,825d31bdb85d,4,0
CUSTOM_1_16_NO_PPL,Cache-Cond Only λ=1.0,cached,16,1.0,5,-1.0,-1.0,2,2,,,False,True,,,7.67351960943723,1.9078,70724,27196,72.23,,,,,,,,,,,,,,,,,,,,,,20260608_224539_9d311d26,2026-06-08 23:46:17,825d31bdb85d,5,0
CUSTOM_1_16_NO_PPL,Prefetch Only B=4,predict,16,0.0,0,-1.0,-1.0,2,2,4.0,,False,True,,,5.186833306189406,0.16,55935,41985,57.12,0.0,0.0,0.0,,,,,,,,,,,,,41985.0,0.0,,,,0.9299537930213172,20260608_224539_9d311d26,2026-06-08 23:56:21,825d31bdb85d,6,0
CUSTOM_1_16_NO_PPL,Both λ=1.0 B=4,predict,16,1.0,5,-1.0,-1.0,2,2,4.0,,False,True,,,6.309251680415136,0.346,69553,28367,71.03,0.0,0.0,0.0,,,,,,,,,,,,,28367.0,0.0,,,,1.0166764197835516,20260608_224539_9d311d26,2026-06-09 00:04:56,825d31bdb85d,7,0
CUSTOM_1_16_NO_PPL,Prefetch Only B=8,predict,16,0.0,0,-1.0,-1.0,2,2,8.0,,False,True,,,5.268620711506231,0.2147,57799,40121,59.03,0.0,0.0,0.0,,,,,,,,,,,,,40121.0,0.0,,,,1.2699593728969867,20260608_224539_9d311d26,2026-06-09 00:14:52,825d31bdb85d,8,0
CUSTOM_1_16_NO_PPL,Both λ=1.0 B=8,predict,16,1.0,5,-1.0,-1.0,2,2,8.0,,False,True,,,6.7150383730260295,0.7027,75356,22564,76.96,0.0,0.0,0.0,,,,,,,,,,,,,22564.0,0.0,,,,1.597561602552739,20260608_224539_9d311d26,2026-06-09 00:23:04,825d31bdb85d,9,0
