question,label,backend,cache_size,lambda_val,forced_top_n,forced_top_p,lookahead,prefetch_budget,predictor_tag,mode_perplexity,mode_generate,gen_perplexity,tokens_per_second,cache_hits,cache_misses,hit_rate_pct,pred_hits,pred_total,pred_hit_rate_pct,stall_loads,prefetch_loads,avg_ms_per_expert_load,run_id,row_timestamp,prompt_hash,config_id,run_iter
CUSTOM_1_16_NO_PPL,Prefetch Only B=13 [final_multi_input_model],predict,54,0.0,0,-1.0,1,13.0,final_multi_input_model,False,True,,11.961839672749086,504,128,79.75,2708.0,3744.0,72.33,1848.0,3149.0,1.019701821092655,20260427_034046_ad5edc34,2026-04-27 03:42:24,08bbaac89b05,0,0
CUSTOM_1_16_NO_PPL,Prefetch Only B=27 [final_multi_input_model],predict,54,0.0,0,-1.0,1,27.0,final_multi_input_model,False,True,,9.862132561547911,513,119,81.17,3280.0,3744.0,87.61,1715.0,12200.0,1.2826503772906936,20260427_034046_ad5edc34,2026-04-27 03:44:06,08bbaac89b05,1,0
CUSTOM_1_16_NO_PPL,Prefetch Only B=40 [final_multi_input_model],predict,54,0.0,0,-1.0,1,40.0,final_multi_input_model,False,True,,6.849571732493524,536,96,84.81,3479.0,3744.0,92.92,1707.0,30869.0,1.9087552185658156,20260427_034046_ad5edc34,2026-04-27 03:46:08,08bbaac89b05,2,0
CUSTOM_1_16_NO_PPL,Prefetch Only B=54 [final_multi_input_model],predict,54,0.0,0,-1.0,1,54.0,final_multi_input_model,False,True,,3.448261971015542,542,90,85.76,3588.0,3718.0,96.5,2198.0,87272.0,5.62803990164301,20260427_034046_ad5edc34,2026-04-27 03:49:09,08bbaac89b05,3,0
CUSTOM_1_16_NO_PPL,Prefetch Only B=13 [final_multi_input_model],predict,54,0.0,0,-1.0,2,13.0,final_multi_input_model,False,True,,12.376044416679536,458,174,72.47,2486.0,3744.0,66.4,2111.0,1750.0,0.931274281274281,20260427_034046_ad5edc34,2026-04-27 03:50:42,08bbaac89b05,4,0
CUSTOM_1_16_NO_PPL,Prefetch Only B=27 [final_multi_input_model],predict,54,0.0,0,-1.0,2,27.0,final_multi_input_model,False,True,,11.79204915295557,479,153,75.79,3139.0,3744.0,83.84,1820.0,5526.0,1.2023373264361557,20260427_034046_ad5edc34,2026-04-27 03:52:18,08bbaac89b05,5,0
CUSTOM_1_16_NO_PPL,Prefetch Only B=40 [final_multi_input_model],predict,54,0.0,0,-1.0,2,40.0,final_multi_input_model,False,True,,9.633972026952444,504,128,79.75,3398.0,3744.0,90.76,1885.0,14262.0,1.6220660184554405,20260427_034046_ad5edc34,2026-04-27 03:54:04,08bbaac89b05,6,0
CUSTOM_1_16_NO_PPL,Prefetch Only B=54 [final_multi_input_model],predict,54,0.0,0,-1.0,2,54.0,final_multi_input_model,False,True,,5.73392106410713,524,108,82.91,3559.0,3744.0,95.06,2177.0,45046.0,4.257498041208734,20260427_034046_ad5edc34,2026-04-27 03:56:19,08bbaac89b05,7,0
CUSTOM_1_16_NO_PPL,Prefetch Only B=13 [final_multi_input_model],predict,54,0.0,0,-1.0,4,13.0,final_multi_input_model,False,True,,12.690268071203283,434,198,68.67,2293.0,3744.0,61.24,2326.0,964.0,0.850516717325228,20260427_034046_ad5edc34,2026-04-27 03:57:50,08bbaac89b05,8,0
CUSTOM_1_16_NO_PPL,Prefetch Only B=27 [final_multi_input_model],predict,54,0.0,0,-1.0,4,27.0,final_multi_input_model,False,True,,13.020461983909463,457,175,72.31,2972.0,3744.0,79.38,1884.0,2498.0,0.9952031036056594,20260427_034046_ad5edc34,2026-04-27 03:59:22,08bbaac89b05,9,0
CUSTOM_1_16_NO_PPL,Prefetch Only B=40 [final_multi_input_model],predict,54,0.0,0,-1.0,4,40.0,final_multi_input_model,False,True,,12.106944805701994,461,171,72.94,3291.0,3744.0,87.9,1714.0,5707.0,1.3394838970489147,20260427_034046_ad5edc34,2026-04-27 04:00:58,08bbaac89b05,10,0
CUSTOM_1_16_NO_PPL,Prefetch Only B=54 [final_multi_input_model],predict,54,0.0,0,-1.0,4,54.0,final_multi_input_model,False,True,,8.278411495873566,463,169,73.26,3530.0,3744.0,94.28,2217.0,21422.0,3.7299695418587926,20260427_034046_ad5edc34,2026-04-27 04:02:51,08bbaac89b05,11,0
CUSTOM_1_16_NO_PPL,Prefetch Only B=13 [final_multi_input_model],predict,54,0.0,0,-1.0,6,13.0,final_multi_input_model,False,True,,12.68994255994994,427,205,67.56,2038.0,3744.0,54.43,2436.0,566.0,0.8027681545636242,20260427_034046_ad5edc34,2026-04-27 04:04:23,08bbaac89b05,12,0
CUSTOM_1_16_NO_PPL,Prefetch Only B=27 [final_multi_input_model],predict,54,0.0,0,-1.0,6,27.0,final_multi_input_model,False,True,,13.192804239590604,459,173,72.63,2848.0,3744.0,76.07,2002.0,1463.0,0.9196681096681099,20260427_034046_ad5edc34,2026-04-27 04:05:55,08bbaac89b05,13,0
CUSTOM_1_16_NO_PPL,Prefetch Only B=40 [final_multi_input_model],predict,54,0.0,0,-1.0,6,40.0,final_multi_input_model,False,True,,12.658864500929358,481,151,76.11,3207.0,3744.0,85.66,1874.0,3602.0,1.3831921110299492,20260427_034046_ad5edc34,2026-04-27 04:07:29,08bbaac89b05,14,0
CUSTOM_1_16_NO_PPL,Prefetch Only B=54 [final_multi_input_model],predict,54,0.0,0,-1.0,6,54.0,final_multi_input_model,False,True,,9.451778096674415,469,163,74.21,3412.0,3744.0,91.13,2447.0,14617.0,4.016731715893108,20260427_034046_ad5edc34,2026-04-27 04:09:17,08bbaac89b05,15,0
CUSTOM_1_16_NO_PPL,Prefetch Only B=13 [final_multi_input_model],predict,54,0.0,0,-1.0,8,13.0,final_multi_input_model,False,True,,12.787470027237074,421,211,66.61,1989.0,3744.0,53.12,2563.0,356.0,0.7779239465570401,20260427_034046_ad5edc34,2026-04-27 04:10:48,08bbaac89b05,16,0
CUSTOM_1_16_NO_PPL,Prefetch Only B=27 [final_multi_input_model],predict,54,0.0,0,-1.0,8,27.0,final_multi_input_model,False,True,,13.297705065124996,446,186,70.57,2829.0,3744.0,75.56,2090.0,1007.0,0.8547174685179207,20260427_034046_ad5edc34,2026-04-27 04:12:20,08bbaac89b05,17,0
CUSTOM_1_16_NO_PPL,Prefetch Only B=40 [final_multi_input_model],predict,54,0.0,0,-1.0,8,40.0,final_multi_input_model,False,True,,13.158771177533502,460,172,72.78,3205.0,3744.0,85.6,1884.0,2262.0,1.1161336227689338,20260427_034046_ad5edc34,2026-04-27 04:13:53,08bbaac89b05,18,0
CUSTOM_1_16_NO_PPL,Prefetch Only B=54 [final_multi_input_model],predict,54,0.0,0,-1.0,8,54.0,final_multi_input_model,False,True,,10.52794048429758,459,173,72.63,3449.0,3744.0,92.12,2300.0,10713.0,3.6477291938830407,20260427_034046_ad5edc34,2026-04-27 04:15:36,08bbaac89b05,19,0
CUSTOM_1_16_NO_PPL,Prefetch Only B=13 [final_multi_input_model],predict,54,0.0,0,-1.0,12,13.0,final_multi_input_model,False,True,,12.69049951181312,422,210,66.77,1762.0,3744.0,47.06,2599.0,274.0,0.8217055342847197,20260427_034046_ad5edc34,2026-04-27 04:17:07,08bbaac89b05,20,0
CUSTOM_1_16_NO_PPL,Prefetch Only B=27 [final_multi_input_model],predict,54,0.0,0,-1.0,12,27.0,final_multi_input_model,False,True,,13.261990790827301,438,194,69.3,2599.0,3744.0,69.42,2176.0,651.0,0.916964980544747,20260427_034046_ad5edc34,2026-04-27 04:18:39,08bbaac89b05,21,0
CUSTOM_1_16_NO_PPL,Prefetch Only B=40 [final_multi_input_model],predict,54,0.0,0,-1.0,12,40.0,final_multi_input_model,False,True,,13.262186542473795,437,195,69.15,3067.0,3744.0,81.92,2013.0,1619.0,0.9995759911894271,20260427_034046_ad5edc34,2026-04-27 04:20:13,08bbaac89b05,22,0
CUSTOM_1_16_NO_PPL,Prefetch Only B=54 [final_multi_input_model],predict,54,0.0,0,-1.0,12,54.0,final_multi_input_model,False,True,,11.184345887780134,431,201,68.2,3380.0,3744.0,90.28,2451.0,7640.0,3.6728441185214544,20260427_034046_ad5edc34,2026-04-27 04:21:55,08bbaac89b05,23,0
CUSTOM_1_16_NO_PPL,Prefetch Only B=13 [final_multi_input_model],predict,54,0.0,0,-1.0,16,13.0,final_multi_input_model,False,True,,12.658018762883536,412,220,65.19,1686.0,3744.0,45.03,2682.0,152.0,0.7359139026111503,20260427_034046_ad5edc34,2026-04-27 04:23:26,08bbaac89b05,24,0
CUSTOM_1_16_NO_PPL,Prefetch Only B=27 [final_multi_input_model],predict,54,0.0,0,-1.0,16,27.0,final_multi_input_model,False,True,,13.26289608815384,428,204,67.72,2599.0,3744.0,69.42,2259.0,458.0,0.7810931174089071,20260427_034046_ad5edc34,2026-04-27 04:24:58,08bbaac89b05,25,0
CUSTOM_1_16_NO_PPL,Prefetch Only B=40 [final_multi_input_model],predict,54,0.0,0,-1.0,16,40.0,final_multi_input_model,False,True,,13.588152713364659,452,180,71.52,3065.0,3744.0,81.86,1985.0,1338.0,1.0478182365332536,20260427_034046_ad5edc34,2026-04-27 04:26:31,08bbaac89b05,26,0
CUSTOM_1_16_NO_PPL,Prefetch Only B=54 [final_multi_input_model],predict,54,0.0,0,-1.0,16,54.0,final_multi_input_model,False,True,,11.875201141527322,457,175,72.31,3378.0,3744.0,90.22,2228.0,5377.0,4.472999342537805,20260427_034046_ad5edc34,2026-04-27 04:28:09,08bbaac89b05,27,0
CUSTOM_1_16_NO_PPL,Neither (LRU),cached,54,0.0,0,-1.0,1,,,False,True,,10.504232196370863,27224,3112,89.74,,,,,,,20260427_034046_ad5edc34,2026-04-27 04:29:53,08bbaac89b05,28,0
CUSTOM_1_16_NO_PPL,Neither (LRU),cached,54,0.0,0,-1.0,2,,,False,True,,10.503870929543277,27224,3112,89.74,,,,,,,20260427_034046_ad5edc34,2026-04-27 04:31:36,08bbaac89b05,29,0
CUSTOM_1_16_NO_PPL,Neither (LRU),cached,54,0.0,0,-1.0,4,,,False,True,,10.504361170582545,27224,3112,89.74,,,,,,,20260427_034046_ad5edc34,2026-04-27 04:33:18,08bbaac89b05,30,0
CUSTOM_1_16_NO_PPL,Neither (LRU),cached,54,0.0,0,-1.0,6,,,False,True,,10.503044399570134,27224,3112,89.74,,,,,,,20260427_034046_ad5edc34,2026-04-27 04:35:01,08bbaac89b05,31,0
CUSTOM_1_16_NO_PPL,Neither (LRU),cached,54,0.0,0,-1.0,8,,,False,True,,10.503990988802679,27224,3112,89.74,,,,,,,20260427_034046_ad5edc34,2026-04-27 04:36:43,08bbaac89b05,32,0
CUSTOM_1_16_NO_PPL,Neither (LRU),cached,54,0.0,0,-1.0,12,,,False,True,,10.482236506920785,27224,3112,89.74,,,,,,,20260427_034046_ad5edc34,2026-04-27 04:38:26,08bbaac89b05,33,0
CUSTOM_1_16_NO_PPL,Neither (LRU),cached,54,0.0,0,-1.0,16,,,False,True,,10.48146254125647,27224,3112,89.74,,,,,,,20260427_034046_ad5edc34,2026-04-27 04:40:09,08bbaac89b05,34,0
