question,label,backend,cache_size,lambda_val,forced_top_n,prob_mass_threshold,forced_top_p,lookahead,predictor_stride,prefetch_budget,predictor_tag,oracle_routing_agreement,mode_perplexity,mode_generate,temperature,bookend_pass,gen_perplexity,gen_perplexity_std,prompt_gen_perplexity,prompt_gen_perplexity_std,tokens_per_second,tokens_per_second_std,cache_hits,cache_misses,hit_rate_pct,pred_hits,pred_total,pred_hit_rate_pct,pred_hits_routed_forced_n,pred_total_routed_forced_n,pred_hit_rate_routed_forced_n_pct,pred_hits_routed_topk,pred_total_routed_topk,pred_hit_rate_routed_topk_pct,pred_requested_hits_forced_n,pred_requested_total_forced_n,pred_requested_rate_forced_n_pct,pred_requested_hits_topk,pred_requested_total_topk,pred_requested_rate_topk_pct,stall_loads,prefetch_loads,prefetch_hits_ready,prefetch_hits_wait,prefetch_ticks_skipped,avg_ms_per_expert_load,run_id,row_timestamp,prompt_hash,config_id,run_iter,pred_hits_window_recall,pred_total_window_recall,pred_window_recall_pct,pred_hits_window_precision,pred_total_window_precision,pred_window_precision_pct
CUSTOM_1_16_NO_PPL,Neither (RANDOM),cached,24,0.0,0,-1.0,-1.0,1,1,,,,False,True,0.0,main,,,,,2.7072239464447643,,1456744,748184,66.06741379310344,,,,,,,,,,,,,,,,748184,0,,,,2.5086485800317333,20260916_232203_d811c636,2026-09-17 00:26:58,02aac689d96a,0,0,,,,,,
CUSTOM_1_16_NO_PPL,Prefetch Only B=12,predict,24,0.0,0,-1.0,-1.0,1,1,12.0,,,False,True,0.0,main,,,,,2.5608155062125566,,1864978,339950,84.58258620689655,233143.0,272826.0,85.4551724137931,233143.0,272826.0,85.45502947570958,1568911.0,2182608.0,71.88266930108556,233143.0,3273912.0,7.121252456309131,1568911.0,3273912.0,47.921779534057045,339950,882587,394341.0,75.0,6.0,5.594779721744572,20260917_002659_701834fe,2026-09-17 01:35:58,02aac689d96a,0,0,1568911.0,2182608.0,71.88266930108556,1568911.0,3273912.0,47.921779534057045
CUSTOM_1_16_NO_PPL,Prefetch Only B=12,predict,24,0.0,0,-1.0,-1.0,2,2,12.0,,,False,True,0.0,main,,,,,2.9223515035206846,,1755282,449646,79.60724137931035,99794.0,136416.0,73.15448275862069,99794.0,136416.0,73.15417546328875,645066.0,1091328.0,59.10835239268121,99794.0,1636992.0,6.096181288607397,645066.0,1636992.0,39.40556826178747,449646,432805,229290.0,0.0,0.0,3.937521744429804,20260917_002659_701834fe,2026-09-17 02:37:23,02aac689d96a,1,0,992633.0,1706856.0,58.295298263240696,992633.0,1636992.0,60.637620709203226
CUSTOM_1_16_NO_PPL,Prefetch Only B=12,predict,24,0.0,0,-1.0,-1.0,3,3,12.0,,,False,True,0.0,main,,,,,2.976713824974897,,1689968,514960,76.64534482758621,56973.0,89088.0,63.951034482758615,56973.0,89088.0,63.951373922413794,365285.0,712704.0,51.25339551903736,56973.0,1069056.0,5.32928116020115,365285.0,1069056.0,34.1689303460249,514960,280326,146502.0,0.0,0.0,3.4685184739429973,20260917_002659_701834fe,2026-09-17 03:39:38,02aac689d96a,2,0,706315.0,1448003.0,48.9559023412962,706315.0,1069056.0,66.06903660799809
CUSTOM_1_16_NO_PPL,Prefetch Only B=12,predict,24,0.0,0,-1.0,-1.0,4,4,12.0,,,False,True,0.0,main,,,,,2.934884226404645,,1651464,553464,74.89844827586207,40578.0,66816.0,60.73051724137931,40578.0,66816.0,60.73096264367816,257181.0,534528.0,48.11366289511494,40578.0,801792.0,5.060913553639846,257181.0,801792.0,32.075775263409966,553464,212326,101238.0,0.0,0.0,3.3153901698323405,20260917_002659_701834fe,2026-09-17 04:41:57,02aac689d96a,3,0,556029.0,1300590.0,42.94078234601012,556029.0,801792.0,69.34828484195403
CUSTOM_1_16_NO_PPL,Prefetch Only B=12,predict,24,0.0,0,-1.0,-1.0,5,5,12.0,,,False,True,0.0,main,,,,,2.9020943104942583,,1629202,575726,73.88879310344828,30643.0,52896.0,57.930517241379306,30643.0,52896.0,57.93065638233514,193632.0,423168.0,45.75771324863884,30643.0,634752.0,4.82755469852793,193632.0,634752.0,30.505142165759224,575726,172708,76346.0,0.0,0.0,3.242311115941731,20260917_002659_701834fe,2026-09-17 05:44:13,02aac689d96a,4,0,456046.0,1180808.0,38.80352638229731,456046.0,634752.0,71.84632738455333
CUSTOM_1_16_NO_PPL,Both λ=1.0 B=12,predict,24,1.0,5,-1.0,-1.0,1,1,12.0,,,False,True,0.0,main,,,,,3.255327409186208,,2053919,151009,93.15155172413793,1079365.0,1361210.0,79.31344827586207,1079365.0,1361210.0,79.31300760985084,1705433.0,2177936.0,78.32223623028413,1079365.0,3266904.0,33.04708650410452,1705433.0,3266904.0,52.214824153522756,151009,880134,435988.0,6873.0,593.0,8.856601881245995,20260917_054415_bd56bf12,2026-09-17 06:42:29,02aac689d96a,0,0,1705433.0,2177936.0,78.32223623028413,1705433.0,3266904.0,52.214824153522756
CUSTOM_1_16_NO_PPL,Both λ=1.0 B=12,predict,24,1.0,5,-1.0,-1.0,2,2,12.0,,,False,True,0.0,main,,,,,3.9934799050490035,,1988525,216403,90.18551724137932,447788.0,682080.0,65.65103448275862,447788.0,682080.0,65.65036359371335,722717.0,1091328.0,66.22362846000469,447788.0,1636992.0,27.35431816404723,722717.0,1636992.0,44.14908564000312,216403,408811,244869.0,33.0,0.0,5.323493478484898,20260917_054415_bd56bf12,2026-09-17 07:36:22,02aac689d96a,1,0,1074650.0,1632606.0,65.91893737640484,1074650.0,1636992.0,65.64784678239111
CUSTOM_1_16_NO_PPL,Both λ=1.0 B=12,predict,24,1.0,5,-1.0,-1.0,3,3,12.0,,,False,True,0.0,main,,,,,4.229475049307895,,1948223,256705,88.35758620689654,253815.0,445440.0,56.98051724137931,253815.0,445440.0,56.98073814655172,416403.0,712704.0,58.425798087284484,253815.0,1069056.0,23.741974227729884,416403.0,1069056.0,38.95053205818966,256705,253093,157002.0,0.0,0.0,4.275620255143773,20260917_054415_bd56bf12,2026-09-17 08:27:09,02aac689d96a,2,0,762144.0,1330624.0,57.40378970836785,762144.0,1069056.0,71.29130747126436
CUSTOM_1_16_NO_PPL,Both λ=1.0 B=12,predict,24,1.0,5,-1.0,-1.0,4,4,12.0,,,False,True,0.0,main,,,,,4.210884319897191,,1917219,287709,86.95172413793104,176766.0,334080.0,52.91051724137931,176766.0,334080.0,52.91127873563218,291186.0,534528.0,54.47535021551724,176766.0,801792.0,22.046366139846743,291186.0,801792.0,36.31690014367816,287709,183283,105501.0,0.0,0.0,3.9304096607239916,20260917_054415_bd56bf12,2026-09-17 09:18:33,02aac689d96a,3,0,595107.0,1164959.0,51.25307786950333,595107.0,801792.0,74.22211745689656
CUSTOM_1_16_NO_PPL,Both λ=1.0 B=12,predict,24,1.0,5,-1.0,-1.0,5,5,12.0,,,False,True,0.0,main,,,,,3.9393370993816887,,1894883,310045,85.93810344827585,133187.0,264480.0,50.358620689655176,133187.0,264480.0,50.35806110102844,219295.0,423168.0,51.82220772837265,133187.0,634752.0,20.982525458761845,219295.0,634752.0,34.548138485581774,310045,148911,80714.0,0.0,0.0,3.86388559982562,20260917_054415_bd56bf12,2026-09-17 10:12:09,02aac689d96a,4,0,485508.0,1040709.0,46.77699582967866,485508.0,634752.0,76.48782516636419
