question,label,backend,cache_size,lambda_val,forced_top_n,prob_mass_threshold,forced_top_p,lookahead,predictor_stride,prefetch_budget,predictor_tag,oracle_routing_agreement,mode_perplexity,mode_generate,temperature,bookend_pass,gen_perplexity,gen_perplexity_std,prompt_gen_perplexity,prompt_gen_perplexity_std,tokens_per_second,tokens_per_second_std,cache_hits,cache_misses,hit_rate_pct,pred_hits,pred_total,pred_hit_rate_pct,pred_hits_routed_forced_n,pred_total_routed_forced_n,pred_hit_rate_routed_forced_n_pct,pred_hits_routed_topk,pred_total_routed_topk,pred_hit_rate_routed_topk_pct,pred_requested_hits_forced_n,pred_requested_total_forced_n,pred_requested_rate_forced_n_pct,pred_requested_hits_topk,pred_requested_total_topk,pred_requested_rate_topk_pct,stall_loads,prefetch_loads,prefetch_hits_ready,prefetch_hits_wait,prefetch_ticks_skipped,avg_ms_per_expert_load,run_id,row_timestamp,prompt_hash,config_id,run_iter,prefetch_already_cached,prefetch_dropped_no_victim,pred_hits_window_recall,pred_total_window_recall,pred_window_recall_pct,pred_hits_window_precision,pred_total_window_precision,pred_window_precision_pct
CUSTOM_1_16_NO_PPL,Neither (RANDOM),cached,8,0.0,0,-1.0,-1.0,1.0,1.0,,,,False,True,0.0,main,,,,,7.246376811594203,,12924,17412,42.6,,,,,,,,,,,,,,,,17412,0,,,,0.4050947622329427,20260707_014348_443357eb,2026-07-07 01:44:15,a0545d71bc75,0,0,,,,,,,,
CUSTOM_1_16_NO_PPL,Neither (LRU),cached,8,0.0,0,-1.0,-1.0,1.0,1.0,,,,False,True,0.0,main,,,,,7.299270072992701,,12918,17418,42.58,,,,,,,,,,,,,,,,17418,0,,,,0.4000091858996439,20260707_014348_443357eb,2026-07-07 01:45:30,a0545d71bc75,1,0,,,,,,,,
CUSTOM_1_16_NO_PPL,Cache-Cond Only λ=1.0,cached,8,1.0,5,-1.0,-1.0,,,,,,False,True,0.0,main,,,,,8.849557522123893,,20875,9461,68.81,,,,,,,,,,,,,,,,9461,0,,,,0.4843695169643801,20260707_014348_443357eb,2026-07-07 01:45:54,a0545d71bc75,2,0,,,,,,,,
CUSTOM_1_16_NO_PPL,Prefetch Only B=2,predict,8,0.0,0,-1.0,-1.0,1.0,1.0,2.0,,,False,True,0.0,main,,,,,7.093305338421597,,14603,15733,48.14,2025.0,3744.0,54.09,2025.0,3744.0,54.08653846153846,6651.0,29952.0,22.205528846153847,2025.0,7488.0,27.04326923076923,6651.0,7488.0,88.82211538461539,15733,2692,2244.0,0.0,0.0,0.5977698778833107,20260707_014348_443357eb,2026-07-07 01:46:23,a0545d71bc75,3,0,4892.0,0.0,6651.0,29952.0,22.205528846153847,6651.0,7488.0,88.82211538461539
CUSTOM_1_16_NO_PPL,Both λ=1.0 B=2,predict,8,1.0,5,-1.0,-1.0,1.0,1.0,2.0,,,False,True,0.0,main,,,,,8.39348665435622,,22287,8049,73.47,5885.0,18720.0,31.44,5885.0,18720.0,31.436965811965813,7150.0,29952.0,23.87152777777778,5885.0,7488.0,78.59241452991454,7150.0,7488.0,95.48611111111111,8049,2517,2284.0,0.0,0.0,0.7402328222600796,20260707_014348_443357eb,2026-07-07 01:46:50,a0545d71bc75,4,0,5067.0,0.0,7150.0,29952.0,23.87152777777778,7150.0,7488.0,95.48611111111111
CUSTOM_1_16_NO_PPL,Prefetch Only B=4,predict,8,0.0,0,-1.0,-1.0,1.0,1.0,4.0,,,False,True,0.0,main,,,,,7.185250118556628,,16573,13763,54.63,2786.0,3744.0,74.41,2786.0,3744.0,74.41239316239316,12359.0,29952.0,41.262686965811966,2786.0,14976.0,18.60309829059829,12359.0,14976.0,82.52537393162393,13763,6326,4784.0,0.0,0.0,0.6728995967942653,20260707_014348_443357eb,2026-07-07 01:47:18,a0545d71bc75,5,0,8842.0,0.0,12359.0,29952.0,41.262686965811966,12359.0,14976.0,82.52537393162393
CUSTOM_1_16_NO_PPL,Both λ=1.0 B=4,predict,8,1.0,5,-1.0,-1.0,1.0,1.0,4.0,,,False,True,0.0,main,,,,,8.36491087187466,,23886,6450,78.74,10284.0,18720.0,54.94,10284.0,18720.0,54.93589743589744,13991.0,29952.0,46.71140491452992,10284.0,14976.0,68.6698717948718,13991.0,14976.0,93.42280982905984,6450,5788,5154.0,0.0,0.0,0.8025788527537177,20260707_014348_443357eb,2026-07-07 01:47:46,a0545d71bc75,6,0,9380.0,0.0,13991.0,29952.0,46.71140491452992,13991.0,14976.0,93.42280982905984
CUSTOM_1_16_NO_PPL,Prefetch Only B=6,predict,8,0.0,0,-1.0,-1.0,1.0,1.0,6.0,,,False,True,0.0,main,,,,,7.401431436839885,,18642,11694,61.45,3131.0,3744.0,83.63,3131.0,3744.0,83.62713675213675,16834.0,29952.0,56.20325854700855,3131.0,22464.0,13.937856125356126,16834.0,22464.0,74.93767806267806,11694,10807,7216.0,0.0,0.0,0.6616461490600416,20260707_014348_443357eb,2026-07-07 01:48:14,a0545d71bc75,7,0,11939.0,0.0,16834.0,29952.0,56.20325854700855,16834.0,22464.0,74.93767806267806
CUSTOM_1_16_NO_PPL,Both λ=1.0 B=6,predict,8,1.0,5,-1.0,-1.0,1.0,1.0,6.0,,,False,True,0.0,main,,,,,8.441383036196651,,25128,5208,82.83,12954.0,18720.0,69.2,12954.0,18720.0,69.19871794871794,20359.0,29952.0,67.97208867521367,12954.0,22464.0,57.66559829059829,20359.0,22464.0,90.62945156695156,5208,9912,8501.0,0.0,0.0,0.7622281746031749,20260707_014348_443357eb,2026-07-07 01:48:41,a0545d71bc75,8,0,12840.0,0.0,20359.0,29952.0,67.97208867521367,20359.0,22464.0,90.62945156695156
CUSTOM_1_16_NO_PPL,Prefetch Only B=8,predict,8,0.0,0,-1.0,-1.0,1.0,1.0,8.0,,,False,True,0.0,main,,,,,7.533353924500727,,20261,10075,66.79,3309.0,3744.0,88.38,3309.0,3744.0,88.38141025641026,20013.0,29952.0,66.81690705128206,3309.0,29952.0,11.047676282051285,20013.0,29952.0,66.81690705128206,10075,16043,9209.0,0.0,0.0,0.6153354008729612,20260707_014348_443357eb,2026-07-07 01:49:09,a0545d71bc75,9,0,14293.0,0.0,20013.0,29952.0,66.81690705128206,20013.0,29952.0,66.81690705128206
CUSTOM_1_16_NO_PPL,Both λ=1.0 B=8,predict,8,1.0,5,-1.0,-1.0,1.0,1.0,8.0,,,False,True,0.0,main,,,,,8.399408681628813,,26090,4246,86.0,14540.0,18720.0,77.67,14540.0,18720.0,77.67094017094017,25772.0,29952.0,86.0443376068376,14540.0,29952.0,48.54433760683761,25772.0,29952.0,86.0443376068376,4246,14831,11930.0,0.0,0.0,0.723686638360329,20260707_014348_443357eb,2026-07-07 01:49:36,a0545d71bc75,10,0,15497.0,0.0,25772.0,29952.0,86.0443376068376,25772.0,29952.0,86.0443376068376
CUSTOM_1_16_NO_PPL,Prefetch Only B=2,predict,8,0.0,0,-1.0,-1.0,2.0,2.0,2.0,,,False,True,0.0,main,,,,,7.013803164627987,,13610,16726,44.86,695.0,1872.0,37.13,695.0,1872.0,37.126068376068375,2642.0,14976.0,17.64155982905983,695.0,3744.0,18.563034188034187,2642.0,3744.0,70.56623931623932,16726,1441,1002.0,0.0,0.0,0.5165167611603455,20260707_014348_443357eb,2026-07-07 01:50:05,a0545d71bc75,11,0,2399.0,0.0,3482.0,23420.0,14.867634500426986,3482.0,3744.0,93.00213675213676
CUSTOM_1_16_NO_PPL,Both λ=1.0 B=2,predict,8,1.0,5,-1.0,-1.0,2.0,2.0,2.0,,,False,True,0.0,main,,,,,8.383143175702298,,21464,8872,70.75,2221.0,9360.0,23.73,2221.0,9360.0,23.72863247863248,3078.0,14976.0,20.552884615384617,2221.0,3744.0,59.3215811965812,3078.0,3744.0,82.21153846153847,8872,1245,1003.0,0.0,0.0,0.6225402787387566,20260707_014348_443357eb,2026-07-07 01:50:33,a0545d71bc75,12,0,2595.0,0.0,3583.0,19499.0,18.375301297502435,3583.0,3744.0,95.69978632478632
CUSTOM_1_16_NO_PPL,Prefetch Only B=4,predict,8,0.0,0,-1.0,-1.0,2.0,2.0,4.0,,,False,True,0.0,main,,,,,7.063244289366991,,14368,15968,47.36,1092.0,1872.0,58.33,1092.0,1872.0,58.333333333333336,4886.0,14976.0,32.62553418803419,1092.0,7488.0,14.583333333333334,4886.0,7488.0,65.25106837606837,15968,3291,2052.0,0.0,0.0,0.560085154992471,20260707_014348_443357eb,2026-07-07 01:51:02,a0545d71bc75,13,0,4389.0,0.0,6677.0,23420.0,28.50982066609735,6677.0,7488.0,89.1693376068376
CUSTOM_1_16_NO_PPL,Both λ=1.0 B=4,predict,8,1.0,5,-1.0,-1.0,2.0,2.0,4.0,,,False,True,0.0,main,,,,,8.312828356720091,,22135,8201,72.97,3827.0,9360.0,40.89,3827.0,9360.0,40.886752136752136,5922.0,14976.0,39.54326923076923,3827.0,7488.0,51.10844017094017,5922.0,7488.0,79.08653846153847,8201,2883,2261.0,0.0,0.0,0.6858273186575246,20260707_014348_443357eb,2026-07-07 01:51:29,a0545d71bc75,14,0,4797.0,0.0,7028.0,19388.0,36.249226325562205,7028.0,7488.0,93.8568376068376
CUSTOM_1_16_NO_PPL,Prefetch Only B=6,predict,8,0.0,0,-1.0,-1.0,2.0,2.0,6.0,,,False,True,0.0,main,,,,,7.037495777502533,,15178,15158,50.03,1290.0,1872.0,68.91,1290.0,1872.0,68.91025641025641,6597.0,14976.0,44.05048076923077,1290.0,11232.0,11.485042735042734,6597.0,11232.0,58.73397435897436,15158,5733,3170.0,0.0,0.0,0.5692494375568428,20260707_014348_443357eb,2026-07-07 01:51:58,a0545d71bc75,15,0,5781.0,0.0,9444.0,23420.0,40.324508966695134,9444.0,11232.0,84.08119658119658
CUSTOM_1_16_NO_PPL,Both λ=1.0 B=6,predict,8,1.0,5,-1.0,-1.0,2.0,2.0,6.0,,,False,True,0.0,main,,,,,8.212810341570782,,22950,7386,75.65,4962.0,9360.0,53.01,4962.0,9360.0,53.01282051282051,8367.0,14976.0,55.86939102564103,4962.0,11232.0,44.177350427350426,8367.0,11232.0,74.49252136752136,7386,5064,3851.0,0.0,0.0,0.6975726907630521,20260707_014348_443357eb,2026-07-07 01:52:25,a0545d71bc75,16,0,6456.0,0.0,10252.0,19174.0,53.46823823928237,10252.0,11232.0,91.27492877492878
CUSTOM_1_16_NO_PPL,Prefetch Only B=8,predict,8,0.0,0,-1.0,-1.0,2.0,2.0,8.0,,,False,True,0.0,main,,,,,7.080097138932746,,15855,14481,52.26,1406.0,1872.0,75.11,1406.0,1872.0,75.1068376068376,8014.0,14976.0,53.51228632478632,1406.0,14976.0,9.3883547008547,8014.0,14976.0,53.51228632478632,14481,8465,4067.0,0.0,0.0,0.5535522531160115,20260707_014348_443357eb,2026-07-07 01:52:54,a0545d71bc75,17,0,6895.0,0.0,11775.0,23420.0,50.27754056362084,11775.0,14976.0,78.62580128205128
CUSTOM_1_16_NO_PPL,Both λ=1.0 B=8,predict,8,1.0,5,-1.0,-1.0,2.0,2.0,8.0,,,False,True,0.0,main,,,,,8.156806447139816,,23602,6734,77.8,5845.0,9360.0,62.45,5845.0,9360.0,62.4465811965812,10519.0,14976.0,70.23904914529915,5845.0,14976.0,39.02911324786325,10519.0,14976.0,70.23904914529915,6734,7647,5598.0,0.0,0.0,0.6665948125999581,20260707_014348_443357eb,2026-07-07 01:53:22,a0545d71bc75,18,0,7713.0,0.0,13164.0,18962.0,69.42305663959498,13164.0,14976.0,87.90064102564102
CUSTOM_1_16_NO_PPL,Neither (RANDOM),cached,16,0.0,0,-1.0,-1.0,1.0,1.0,,,,False,True,0.0,main,,,,,8.264462809917356,,17026,13310,56.12,,,,,,,,,,,,,,,,13310,0,,,,0.4295281743050337,20260707_015326_5ead14fc,2026-07-07 01:53:52,a0545d71bc75,0,0,,,,,,,,
CUSTOM_1_16_NO_PPL,Neither (LRU),cached,16,0.0,0,-1.0,-1.0,1.0,1.0,,,,False,True,0.0,main,,,,,8.474576271186441,,17761,12575,58.55,,,,,,,,,,,,,,,,12575,0,,,,0.435996023856859,20260707_015326_5ead14fc,2026-07-07 01:54:17,a0545d71bc75,1,0,,,,,,,,
CUSTOM_1_16_NO_PPL,Cache-Cond Only λ=1.0,cached,16,1.0,5,-1.0,-1.0,,,,,,False,True,0.0,main,,,,,10.0,,23638,6698,77.92,,,,,,,,,,,,,,,,6698,0,,,,0.5333771275007464,20260707_015326_5ead14fc,2026-07-07 01:54:40,a0545d71bc75,2,0,,,,,,,,
CUSTOM_1_16_NO_PPL,Prefetch Only B=4,predict,16,0.0,0,-1.0,-1.0,1.0,1.0,4.0,,,False,True,0.0,main,,,,,8.578315733488887,,21186,9150,69.84,2786.0,3744.0,74.41,2786.0,3744.0,74.41239316239316,12359.0,29952.0,41.262686965811966,2786.0,14976.0,18.60309829059829,12359.0,14976.0,82.52537393162393,9150,3543,2820.0,0.0,0.0,0.7123902938627591,20260707_015326_5ead14fc,2026-07-07 01:55:07,a0545d71bc75,3,0,11621.0,0.0,12359.0,29952.0,41.262686965811966,12359.0,14976.0,82.52537393162393
CUSTOM_1_16_NO_PPL,Both λ=1.0 B=4,predict,16,1.0,5,-1.0,-1.0,1.0,1.0,4.0,,,False,True,0.0,main,,,,,9.982430921578024,,26124,4212,86.12,10234.0,18720.0,54.67,10234.0,18720.0,54.66880341880342,13137.0,29952.0,43.860176282051285,10234.0,14976.0,68.33600427350427,13137.0,14976.0,87.72035256410257,4212,3524,2994.0,0.0,0.0,0.8543407445708375,20260707_015326_5ead14fc,2026-07-07 01:55:33,a0545d71bc75,4,0,11644.0,0.0,13137.0,29952.0,43.860176282051285,13137.0,14976.0,87.72035256410257
CUSTOM_1_16_NO_PPL,Prefetch Only B=8,predict,16,0.0,0,-1.0,-1.0,1.0,1.0,8.0,,,False,True,0.0,main,,,,,9.043471969758633,,23694,6642,78.11,3309.0,3744.0,88.38,3309.0,3744.0,88.38141025641026,20013.0,29952.0,66.81690705128206,3309.0,29952.0,11.047676282051285,20013.0,29952.0,66.81690705128206,6642,8964,5616.0,0.0,0.0,0.7332660515186468,20260707_015326_5ead14fc,2026-07-07 01:56:00,a0545d71bc75,5,0,21372.0,0.0,20013.0,29952.0,66.81690705128206,20013.0,29952.0,66.81690705128206
CUSTOM_1_16_NO_PPL,Both λ=1.0 B=8,predict,16,1.0,5,-1.0,-1.0,1.0,1.0,8.0,,,False,True,0.0,main,,,,,10.199731135087278,,27591,2745,90.95,14582.0,18720.0,77.9,14582.0,18720.0,77.89529914529915,22397.0,29952.0,74.77630876068376,14582.0,29952.0,48.684561965811966,22397.0,29952.0,74.77630876068376,2745,8869,6306.0,0.0,0.0,0.8240244532460821,20260707_015326_5ead14fc,2026-07-07 01:56:26,a0545d71bc75,6,0,21467.0,0.0,22397.0,29952.0,74.77630876068376,22397.0,29952.0,74.77630876068376
CUSTOM_1_16_NO_PPL,Prefetch Only B=12,predict,16,0.0,0,-1.0,-1.0,1.0,1.0,12.0,,,False,True,0.0,main,,,,,9.003331232556047,,25241,5095,83.2,3483.0,3744.0,93.03,3483.0,3744.0,93.02884615384616,23683.0,29952.0,79.06984508547009,3483.0,44928.0,7.752403846153846,23683.0,44928.0,52.71323005698006,5095,16219,7803.0,0.0,0.0,0.7092108473303932,20260707_015326_5ead14fc,2026-07-07 01:56:53,a0545d71bc75,7,0,29285.0,0.0,23683.0,29952.0,79.06984508547009,23683.0,44928.0,52.71323005698006
CUSTOM_1_16_NO_PPL,Both λ=1.0 B=12,predict,16,1.0,5,-1.0,-1.0,1.0,1.0,12.0,,,False,True,0.0,main,,,,,9.611964973999632,,28277,2059,93.21,16172.0,18720.0,86.39,16172.0,18720.0,86.38888888888889,26246.0,29952.0,87.62686965811966,16172.0,44928.0,35.995370370370374,26246.0,44928.0,58.41791310541311,2059,16050,8724.0,0.0,0.0,0.7906957866254348,20260707_015326_5ead14fc,2026-07-07 01:57:19,a0545d71bc75,8,0,29454.0,0.0,26246.0,29952.0,87.62686965811966,26246.0,44928.0,58.41791310541311
CUSTOM_1_16_NO_PPL,Prefetch Only B=16,predict,16,0.0,0,-1.0,-1.0,1.0,1.0,16.0,,,False,True,0.0,main,,,,,8.227879346377266,,25929,4407,85.47,3558.0,3744.0,95.03,3558.0,3744.0,95.03205128205128,25599.0,29952.0,85.4667467948718,3558.0,59904.0,5.939503205128205,25599.0,59904.0,42.7333733974359,4407,25375,10129.0,0.0,0.0,0.8571976361560675,20260707_015326_5ead14fc,2026-07-07 01:57:47,a0545d71bc75,9,0,35297.0,0.0,25599.0,29952.0,85.4667467948718,25599.0,59904.0,42.7333733974359
CUSTOM_1_16_NO_PPL,Both λ=1.0 B=16,predict,16,1.0,5,-1.0,-1.0,1.0,1.0,16.0,,,False,True,0.0,main,,,,,8.578242146619315,,28524,1812,94.03,16934.0,18720.0,90.46,16934.0,18720.0,90.4594017094017,28166.0,29952.0,94.03712606837608,16934.0,59904.0,28.26856303418804,28166.0,59904.0,47.018563034188034,1812,25341,11534.0,4.0,0.0,1.0546713070378964,20260707_015326_5ead14fc,2026-07-07 01:58:14,a0545d71bc75,10,0,35315.0,0.0,28166.0,29952.0,94.03712606837608,28166.0,59904.0,47.018563034188034
CUSTOM_1_16_NO_PPL,Prefetch Only B=4,predict,16,0.0,0,-1.0,-1.0,2.0,2.0,4.0,,,False,True,0.0,main,,,,,8.4163748990035,,19913,10423,65.64,1092.0,1872.0,58.33,1092.0,1872.0,58.333333333333336,4886.0,14976.0,32.62553418803419,1092.0,7488.0,14.583333333333334,4886.0,7488.0,65.25106837606837,10423,1668,1332.0,0.0,0.0,0.5972318253246216,20260707_015326_5ead14fc,2026-07-07 01:58:42,a0545d71bc75,11,0,6012.0,0.0,6677.0,23420.0,28.50982066609735,6677.0,7488.0,89.1693376068376
CUSTOM_1_16_NO_PPL,Both λ=1.0 B=4,predict,16,1.0,5,-1.0,-1.0,2.0,2.0,4.0,,,False,True,0.0,main,,,,,9.61936185153477,,24979,5357,82.34,3832.0,9360.0,40.94,3832.0,9360.0,40.94017094017094,5427.0,14976.0,36.23798076923077,3832.0,7488.0,51.17521367521368,5427.0,7488.0,72.47596153846153,5357,1608,1366.0,0.0,0.0,0.730113424264178,20260707_015326_5ead14fc,2026-07-07 01:59:08,a0545d71bc75,12,0,6072.0,0.0,6991.0,21574.0,32.40474645406508,6991.0,7488.0,93.36271367521368
CUSTOM_1_16_NO_PPL,Prefetch Only B=8,predict,16,0.0,0,-1.0,-1.0,2.0,2.0,8.0,,,False,True,0.0,main,,,,,8.648274669203493,,21564,8772,71.08,1406.0,1872.0,75.11,1406.0,1872.0,75.1068376068376,8014.0,14976.0,53.51228632478632,1406.0,14976.0,9.3883547008547,8014.0,14976.0,53.51228632478632,8772,4591,3089.0,0.0,0.0,0.6466235126842778,20260707_015326_5ead14fc,2026-07-07 01:59:35,a0545d71bc75,13,0,10769.0,0.0,11775.0,23420.0,50.27754056362084,11775.0,14976.0,78.62580128205128
CUSTOM_1_16_NO_PPL,Both λ=1.0 B=8,predict,16,1.0,5,-1.0,-1.0,2.0,2.0,8.0,,,False,True,0.0,main,,,,,9.864559596736804,,26115,4221,86.09,5876.0,9360.0,62.78,5876.0,9360.0,62.77777777777778,9284.0,14976.0,61.99252136752137,5876.0,14976.0,39.23611111111112,9284.0,14976.0,61.99252136752137,4221,4302,3294.0,0.0,0.0,0.759128241229614,20260707_015326_5ead14fc,2026-07-07 02:00:01,a0545d71bc75,14,0,11058.0,0.0,12814.0,21673.0,59.12425598671157,12814.0,14976.0,85.56356837606837
CUSTOM_1_16_NO_PPL,Prefetch Only B=12,predict,16,0.0,0,-1.0,-1.0,2.0,2.0,12.0,,,False,True,0.0,main,,,,,8.802351988451315,,22885,7451,75.44,1560.0,1872.0,83.33,1560.0,1872.0,83.33333333333333,9945.0,14976.0,66.40625,1560.0,22464.0,6.944444444444445,9945.0,22464.0,44.270833333333336,7451,8522,4598.0,0.0,0.0,0.6200062605647029,20260707_015326_5ead14fc,2026-07-07 02:00:29,a0545d71bc75,15,0,14506.0,0.0,15130.0,23420.0,64.60290350128096,15130.0,22464.0,67.35220797720798
CUSTOM_1_16_NO_PPL,Both λ=1.0 B=12,predict,16,1.0,5,-1.0,-1.0,2.0,2.0,12.0,,,False,True,0.0,main,,,,,9.708455093540966,,26819,3517,88.41,6868.0,9360.0,73.38,6868.0,9360.0,73.37606837606837,11525.0,14976.0,76.95646367521367,6868.0,22464.0,30.57336182336182,11525.0,22464.0,51.30430911680912,3517,7962,5102.0,0.0,0.0,0.7126997125185119,20260707_015326_5ead14fc,2026-07-07 02:00:55,a0545d71bc75,16,0,15078.0,0.0,16662.0,21912.0,76.04052573932093,16662.0,22464.0,74.17200854700855
CUSTOM_1_16_NO_PPL,Prefetch Only B=16,predict,16,0.0,0,-1.0,-1.0,2.0,2.0,16.0,,,False,True,0.0,main,,,,,8.678521527072649,,23729,6607,78.22,1642.0,1872.0,87.71,1642.0,1872.0,87.71367521367522,11193.0,14976.0,74.73958333333333,1642.0,29952.0,5.482104700854701,11193.0,29952.0,37.36979166666666,6607,13058,6091.0,0.0,0.0,0.5991345029239766,20260707_015326_5ead14fc,2026-07-07 02:01:22,a0545d71bc75,17,0,17646.0,0.0,17298.0,23420.0,73.8599487617421,17298.0,29952.0,57.75240384615385
CUSTOM_1_16_NO_PPL,Both λ=1.0 B=16,predict,16,1.0,5,-1.0,-1.0,2.0,2.0,16.0,,,False,True,0.0,main,,,,,9.497307513319974,,27429,2907,90.42,7564.0,9360.0,80.81,7564.0,9360.0,80.8119658119658,13053.0,14976.0,87.15945512820512,7564.0,29952.0,25.253739316239315,13053.0,29952.0,43.57972756410256,2907,12250,7137.0,0.0,0.0,0.7049033449891138,20260707_015326_5ead14fc,2026-07-07 02:01:49,a0545d71bc75,18,0,18470.0,0.0,19301.0,22077.0,87.42582778457218,19301.0,29952.0,64.4397702991453
CUSTOM_1_16_NO_PPL,Prefetch Only B=4,predict,16,0.0,0,-1.0,-1.0,3.0,3.0,4.0,,,False,True,0.0,main,,,,,8.312897460409825,,19287,11049,63.58,597.0,1248.0,47.84,597.0,1248.0,47.83653846153846,2781.0,9984.0,27.854567307692307,597.0,4992.0,11.959134615384617,2781.0,4992.0,55.70913461538461,11049,985,743.0,0.0,0.0,0.550721289679242,20260707_015326_5ead14fc,2026-07-07 02:02:16,a0545d71bc75,19,0,4199.0,0.0,4588.0,20523.0,22.355406129708133,4588.0,4992.0,91.90705128205128
CUSTOM_1_16_NO_PPL,Both λ=1.0 B=4,predict,16,1.0,5,-1.0,-1.0,3.0,3.0,4.0,,,False,True,0.0,main,,,,,9.64282959191545,,24475,5861,80.68,2149.0,6240.0,34.44,2149.0,6240.0,34.43910256410256,3194.0,9984.0,31.99118589743589,2149.0,4992.0,43.04887820512821,3194.0,4992.0,63.9823717948718,5861,881,732.0,0.0,0.0,0.6665588846039752,20260707_015326_5ead14fc,2026-07-07 02:02:42,a0545d71bc75,20,0,4299.0,0.0,4745.0,17893.0,26.518750349298607,4745.0,4992.0,95.05208333333331
CUSTOM_1_16_NO_PPL,Prefetch Only B=8,predict,16,0.0,0,-1.0,-1.0,3.0,3.0,8.0,,,False,True,0.0,main,,,,,8.46338738616744,,20389,9947,67.21,813.0,1248.0,65.14,813.0,1248.0,65.14423076923077,4519.0,9984.0,45.26241987179487,813.0,9984.0,8.143028846153847,4519.0,9984.0,45.26241987179487,9947,2878,1812.0,0.0,0.0,0.5992101364522415,20260707_015326_5ead14fc,2026-07-07 02:03:10,a0545d71bc75,21,0,7482.0,0.0,8347.0,20523.0,40.67144179700824,8347.0,9984.0,83.60376602564102
CUSTOM_1_16_NO_PPL,Both λ=1.0 B=8,predict,16,1.0,5,-1.0,-1.0,3.0,3.0,8.0,,,False,True,0.0,main,,,,,9.625936122287891,,25273,5063,83.31,3220.0,6240.0,51.6,3220.0,6240.0,51.6025641025641,5295.0,9984.0,53.03485576923077,3220.0,9984.0,32.25160256410256,5295.0,9984.0,53.03485576923077,5063,2621,1899.0,0.0,0.0,0.7145549193128579,20260707_015326_5ead14fc,2026-07-07 02:03:36,a0545d71bc75,22,0,7747.0,0.0,8878.0,17906.0,49.58114598458617,8878.0,9984.0,88.92227564102564
CUSTOM_1_16_NO_PPL,Prefetch Only B=12,predict,16,0.0,0,-1.0,-1.0,3.0,3.0,12.0,,,False,True,0.0,main,,,,,8.49228051701004,,21186,9150,69.84,917.0,1248.0,73.48,917.0,1248.0,73.4775641025641,5698.0,9984.0,57.0713141025641,917.0,14976.0,6.1231303418803416,5698.0,14976.0,38.04754273504273,9150,5527,2727.0,0.0,0.0,0.5809204878381142,20260707_015326_5ead14fc,2026-07-07 02:04:03,a0545d71bc75,23,0,10025.0,0.0,11131.0,20523.0,54.2367100326463,11131.0,14976.0,74.3255876068376
CUSTOM_1_16_NO_PPL,Both λ=1.0 B=12,predict,16,1.0,5,-1.0,-1.0,3.0,3.0,12.0,,,False,True,0.0,main,,,,,9.51203272139256,,25883,4453,85.32,3901.0,6240.0,62.52,3901.0,6240.0,62.51602564102564,6719.0,9984.0,67.29767628205128,3901.0,14976.0,26.048344017094017,6719.0,14976.0,44.86511752136752,4453,5044,3092.0,0.0,0.0,0.6975950300094766,20260707_015326_5ead14fc,2026-07-07 02:04:29,a0545d71bc75,24,0,10508.0,0.0,11969.0,18031.0,66.3801231212911,11969.0,14976.0,79.92120726495726
CUSTOM_1_16_NO_PPL,Prefetch Only B=16,predict,16,0.0,0,-1.0,-1.0,3.0,3.0,16.0,,,False,True,0.0,main,,,,,8.470915112959654,,21721,8615,71.6,992.0,1248.0,79.49,992.0,1248.0,79.48717948717949,6560.0,9984.0,65.7051282051282,992.0,19968.0,4.967948717948718,6560.0,19968.0,32.8525641025641,8615,8730,3647.0,0.0,0.0,0.5480270971461517,20260707_015326_5ead14fc,2026-07-07 02:04:57,a0545d71bc75,25,0,11990.0,0.0,13187.0,20523.0,64.25473858597671,13187.0,19968.0,66.04066506410257
CUSTOM_1_16_NO_PPL,Both λ=1.0 B=16,predict,16,1.0,5,-1.0,-1.0,3.0,3.0,16.0,,,False,True,0.0,main,,,,,9.392405301073552,,26369,3967,86.92,4445.0,6240.0,71.23,4445.0,6240.0,71.23397435897436,7930.0,9984.0,79.42708333333333,4445.0,19968.0,22.260616987179485,7930.0,19968.0,39.71354166666666,3967,7863,4548.0,0.0,0.0,0.6691310228233306,20260707_015326_5ead14fc,2026-07-07 02:05:24,a0545d71bc75,26,0,12873.0,0.0,14510.0,18158.0,79.90968168300473,14510.0,19968.0,72.66626602564102
CUSTOM_1_16_NO_PPL,Neither (RANDOM),cached,24,0.0,0,-1.0,-1.0,1.0,1.0,,,,False,True,0.0,main,,,,,9.09090909090909,,19885,10451,65.55,,,,,,,,,,,,,,,,10451,0,,,,0.4651803655152617,20260707_020529_94851315,2026-07-07 02:05:54,a0545d71bc75,0,0,,,,,,,,
CUSTOM_1_16_NO_PPL,Neither (LRU),cached,24,0.0,0,-1.0,-1.0,1.0,1.0,,,,False,True,0.0,main,,,,,9.433962264150944,,20845,9491,68.71,,,,,,,,,,,,,,,,9491,0,,,,0.478244652828996,20260707_020529_94851315,2026-07-07 02:06:19,a0545d71bc75,1,0,,,,,,,,
CUSTOM_1_16_NO_PPL,Cache-Cond Only λ=1.0,cached,24,1.0,5,-1.0,-1.0,,,,,,False,True,0.0,main,,,,,9.708737864077673,,25219,5117,83.13,,,,,,,,,,,,,,,,5117,0,,,,0.6314481141293725,20260707_020529_94851315,2026-07-07 02:06:44,a0545d71bc75,2,0,,,,,,,,
CUSTOM_1_16_NO_PPL,Prefetch Only B=6,predict,24,0.0,0,-1.0,-1.0,1.0,1.0,6.0,,,False,True,0.0,main,,,,,9.886014255632556,,24525,5811,80.84,3131.0,3744.0,83.63,3131.0,3744.0,83.62713675213675,16834.0,29952.0,56.20325854700855,3131.0,22464.0,13.937856125356126,16834.0,22464.0,74.93767806267806,5811,4255,3163.0,0.0,0.0,0.7926475263262469,20260707_020529_94851315,2026-07-07 02:07:11,a0545d71bc75,3,0,18497.0,0.0,16834.0,29952.0,56.20325854700855,16834.0,22464.0,74.93767806267806
CUSTOM_1_16_NO_PPL,Both λ=1.0 B=6,predict,24,1.0,5,-1.0,-1.0,1.0,1.0,6.0,,,False,True,0.0,main,,,,,11.26825316159013,,27879,2457,91.9,13041.0,18720.0,69.66,13041.0,18720.0,69.66346153846153,17990.0,29952.0,60.0627670940171,13041.0,22464.0,58.05288461538461,17990.0,22464.0,80.08368945868946,2457,4134,3334.0,0.0,0.0,0.8960552268244574,20260707_020529_94851315,2026-07-07 02:07:36,a0545d71bc75,4,0,18612.0,0.0,17990.0,29952.0,60.0627670940171,17990.0,22464.0,80.08368945868946
CUSTOM_1_16_NO_PPL,Prefetch Only B=12,predict,24,0.0,0,-1.0,-1.0,1.0,1.0,12.0,,,False,True,0.0,main,,,,,10.214014240378654,,26544,3792,87.5,3483.0,3744.0,93.03,3483.0,3744.0,93.02884615384616,23683.0,29952.0,79.06984508547009,3483.0,44928.0,7.752403846153846,23683.0,44928.0,52.71323005698006,3792,11267,5659.0,0.0,0.0,0.7848854505611262,20260707_020529_94851315,2026-07-07 02:08:02,a0545d71bc75,5,0,34237.0,0.0,23683.0,29952.0,79.06984508547009,23683.0,44928.0,52.71323005698006
CUSTOM_1_16_NO_PPL,Both λ=1.0 B=12,predict,24,1.0,5,-1.0,-1.0,1.0,1.0,12.0,,,False,True,0.0,main,,,,,10.895584346531882,,28811,1525,94.97,16166.0,18700.0,86.45,16166.0,18700.0,86.44919786096257,25318.0,29920.0,84.61898395721926,16166.0,44880.0,36.020499108734406,25318.0,44880.0,56.4126559714795,1525,11204,6119.0,4.0,2.0,0.8354796134810277,20260707_020529_94851315,2026-07-07 02:08:28,a0545d71bc75,6,0,34276.0,0.0,25318.0,29920.0,84.61898395721926,25318.0,44880.0,56.4126559714795
CUSTOM_1_16_NO_PPL,Prefetch Only B=18,predict,24,0.0,0,-1.0,-1.0,1.0,1.0,18.0,,,False,True,0.0,main,,,,,9.401765651589368,,27524,2812,90.73,3577.0,3738.0,95.69,3577.0,3738.0,95.69288389513108,26211.0,29904.0,87.65048154093098,3577.0,67284.0,5.316271327507282,26211.0,67284.0,38.95576957374711,2812,21338,7507.0,4.0,3.0,0.9190877846790892,20260707_020529_94851315,2026-07-07 02:08:54,a0545d71bc75,7,0,46864.0,0.0,26211.0,29904.0,87.65048154093098,26211.0,67284.0,38.95576957374711
CUSTOM_1_16_NO_PPL,Both λ=1.0 B=18,predict,24,1.0,5,-1.0,-1.0,1.0,1.0,18.0,,,False,True,0.0,main,,,,,9.49703692447956,,29156,1180,96.11,17077.0,18580.0,91.91,17077.0,18580.0,91.91065662002153,27520.0,29728.0,92.57265877287406,17077.0,66888.0,25.53073795000598,27520.0,66888.0,41.14340389905514,1180,21283,7951.0,7.0,14.0,0.9091808752170234,20260707_020529_94851315,2026-07-07 02:09:21,a0545d71bc75,8,0,46721.0,0.0,27520.0,29728.0,92.57265877287406,27520.0,66888.0,41.14340389905514
CUSTOM_1_16_NO_PPL,Prefetch Only B=24,predict,24,0.0,0,-1.0,-1.0,1.0,1.0,24.0,,,False,True,0.0,main,,,,,7.823379386959991,,27851,2485,91.81,3628.0,3742.0,96.95,3628.0,3742.0,96.95350080171032,27474.0,29936.0,91.77578834847677,3628.0,89808.0,4.039729200071263,27474.0,89808.0,30.59192944949225,2485,34895,9807.0,433.0,2.0,1.9960264847512044,20260707_020529_94851315,2026-07-07 02:09:50,a0545d71bc75,9,0,56041.0,0.0,27474.0,29936.0,91.77578834847677,27474.0,89808.0,30.59192944949225
CUSTOM_1_16_NO_PPL,Both λ=1.0 B=24,predict,24,1.0,5,-1.0,-1.0,1.0,1.0,24.0,,,False,True,0.0,main,,,,,7.942937933882984,,29328,1008,96.68,17709.0,18695.0,94.73,17709.0,18695.0,94.72586253008826,28926.0,29912.0,96.70366408130516,17709.0,89736.0,19.734554693768388,28926.0,89736.0,32.23455469376839,1008,35040,10426.0,619.0,3.0,2.0614774744784734,20260707_020529_94851315,2026-07-07 02:10:19,a0545d71bc75,10,0,55872.0,0.0,28926.0,29912.0,96.70366408130516,28926.0,89736.0,32.23455469376839
CUSTOM_1_16_NO_PPL,Prefetch Only B=6,predict,24,0.0,0,-1.0,-1.0,2.0,2.0,6.0,,,False,True,0.0,main,,,,,9.484246666287296,,23104,7232,76.16,1290.0,1872.0,68.91,1290.0,1872.0,68.91025641025641,6597.0,14976.0,44.05048076923077,1290.0,11232.0,11.485042735042734,6597.0,11232.0,58.73397435897436,7232,1960,1559.0,0.0,0.0,0.6738141862489122,20260707_020529_94851315,2026-07-07 02:10:45,a0545d71bc75,11,0,9560.0,0.0,9444.0,23420.0,40.324508966695134,9444.0,11232.0,84.08119658119658
CUSTOM_1_16_NO_PPL,Both λ=1.0 B=6,predict,24,1.0,5,-1.0,-1.0,2.0,2.0,6.0,,,False,True,0.0,main,,,,,10.79250438985116,,26828,3508,88.44,4994.0,9360.0,53.35,4994.0,9360.0,53.35470085470085,7224.0,14976.0,48.23717948717949,4994.0,11232.0,44.46225071225072,7224.0,11232.0,64.31623931623932,3508,1904,1633.0,0.0,0.0,0.8001977087952697,20260707_020529_94851315,2026-07-07 02:11:11,a0545d71bc75,12,0,9610.0,0.0,9915.0,22211.0,44.64004322182702,9915.0,11232.0,88.27457264957265
CUSTOM_1_16_NO_PPL,Prefetch Only B=12,predict,24,0.0,0,-1.0,-1.0,2.0,2.0,12.0,,,False,True,0.0,main,,,,,10.016737969146444,,24878,5458,82.01,1560.0,1872.0,83.33,1560.0,1872.0,83.33333333333333,9945.0,14976.0,66.40625,1560.0,22464.0,6.944444444444445,9945.0,22464.0,44.270833333333336,5458,5531,3490.0,0.0,0.0,0.6889625989625989,20260707_020529_94851315,2026-07-07 02:11:37,a0545d71bc75,13,0,17509.0,0.0,15130.0,23420.0,64.60290350128096,15130.0,22464.0,67.35220797720798
CUSTOM_1_16_NO_PPL,Both λ=1.0 B=12,predict,24,1.0,5,-1.0,-1.0,2.0,2.0,12.0,,,False,True,0.0,main,,,,,10.93217568880906,,27838,2498,91.77,6920.0,9360.0,73.93,6920.0,9360.0,73.93162393162393,10976.0,14976.0,73.2905982905983,6920.0,22464.0,30.804843304843303,10976.0,22464.0,48.86039886039886,2498,5330,3663.0,0.0,0.0,0.7882077158916707,20260707_020529_94851315,2026-07-07 02:12:03,a0545d71bc75,14,0,17710.0,0.0,16205.0,22463.0,72.14085384855095,16205.0,22464.0,72.13764245014245
CUSTOM_1_16_NO_PPL,Prefetch Only B=18,predict,24,0.0,0,-1.0,-1.0,2.0,2.0,18.0,,,False,True,0.0,main,,,,,10.04241917861045,,25982,4354,85.65,1684.0,1872.0,89.96,1684.0,1872.0,89.95726495726495,11708.0,14976.0,78.17841880341881,1684.0,33696.0,4.997625830959164,11708.0,33696.0,34.74596391263058,4354,10173,4936.0,4.0,0.0,0.6855062986163697,20260707_020529_94851315,2026-07-07 02:12:30,a0545d71bc75,15,0,24387.0,0.0,18143.0,23417.0,77.4779006704531,18143.0,33696.0,53.8431861348528
CUSTOM_1_16_NO_PPL,Both λ=1.0 B=18,predict,24,1.0,5,-1.0,-1.0,2.0,2.0,18.0,,,False,True,0.0,main,,,,,10.697166427584996,,28390,1946,93.59,7793.0,9360.0,83.26,7793.0,9360.0,83.25854700854701,12823.0,14976.0,85.62366452991454,7793.0,33696.0,23.127374169040834,12823.0,33696.0,38.05496201329535,1946,9945,5332.0,6.0,0.0,0.7742418635943149,20260707_020529_94851315,2026-07-07 02:12:56,a0545d71bc75,16,0,24615.0,0.0,19390.0,22667.0,85.54285966382848,19390.0,33696.0,57.54392212725546
CUSTOM_1_16_NO_PPL,Prefetch Only B=24,predict,24,0.0,0,-1.0,-1.0,2.0,2.0,24.0,,,False,True,0.0,main,,,,,9.47534987729422,,26596,3740,87.67,1752.0,1872.0,93.59,1752.0,1872.0,93.5897435897436,12746.0,14976.0,85.10950854700855,1752.0,44928.0,3.8995726495726495,12746.0,44928.0,28.369836182336183,3740,16183,6622.0,4.0,0.0,0.8335391256336898,20260707_020529_94851315,2026-07-07 02:13:22,a0545d71bc75,17,0,29893.0,4.0,19851.0,23420.0,84.76088812980359,19851.0,44928.0,44.18402777777778
CUSTOM_1_16_NO_PPL,Both λ=1.0 B=24,predict,24,1.0,5,-1.0,-1.0,2.0,2.0,24.0,,,False,True,0.0,main,,,,,10.05052398406791,,28705,1631,94.62,8347.0,9360.0,89.18,8347.0,9360.0,89.17735042735043,13918.0,14976.0,92.93536324786324,8347.0,44928.0,18.578614672364672,13918.0,44928.0,30.978454415954417,1631,15926,7348.0,8.0,0.0,0.9538645554479696,20260707_020529_94851315,2026-07-07 02:13:49,a0545d71bc75,18,0,30154.0,0.0,21205.0,22779.0,93.09012687124104,21205.0,44928.0,47.19773860398861
CUSTOM_1_16_NO_PPL,Prefetch Only B=6,predict,24,0.0,0,-1.0,-1.0,3.0,3.0,6.0,,,False,True,0.0,main,,,,,9.449205794252991,,22516,7820,74.22,733.0,1248.0,58.73,733.0,1248.0,58.73397435897436,3762.0,9984.0,37.68028846153846,733.0,7488.0,9.788995726495726,3762.0,7488.0,50.24038461538461,7820,1140,899.0,0.0,0.0,0.6131674107142858,20260707_020529_94851315,2026-07-07 02:14:16,a0545d71bc75,19,0,6630.0,0.0,6585.0,20523.0,32.085952346148225,6585.0,7488.0,87.94070512820512
CUSTOM_1_16_NO_PPL,Both λ=1.0 B=6,predict,24,1.0,5,-1.0,-1.0,3.0,3.0,6.0,,,False,True,0.0,main,,,,,10.65141951467872,,26322,4014,86.77,2799.0,6240.0,44.86,2799.0,6240.0,44.85576923076923,4147.0,9984.0,41.536458333333336,2799.0,7488.0,37.37980769230769,4147.0,7488.0,55.38194444444444,4014,1074,921.0,0.0,0.0,0.7359040880503145,20260707_020529_94851315,2026-07-07 02:14:41,a0545d71bc75,20,0,6702.0,0.0,6851.0,18700.0,36.63636363636363,6851.0,7488.0,91.49305555555556
CUSTOM_1_16_NO_PPL,Prefetch Only B=12,predict,24,0.0,0,-1.0,-1.0,3.0,3.0,12.0,,,False,True,0.0,main,,,,,9.699038825252416,,23851,6485,78.62,917.0,1248.0,73.48,917.0,1248.0,73.4775641025641,5698.0,9984.0,57.0713141025641,917.0,14976.0,6.1231303418803416,5698.0,14976.0,38.04754273504273,6485,3440,2208.0,0.0,0.0,0.6517632241813602,20260707_020529_94851315,2026-07-07 02:15:08,a0545d71bc75,21,0,12112.0,0.0,11131.0,20523.0,54.2367100326463,11131.0,14976.0,74.3255876068376
CUSTOM_1_16_NO_PPL,Both λ=1.0 B=12,predict,24,1.0,5,-1.0,-1.0,3.0,3.0,12.0,,,False,True,0.0,main,,,,,10.83912142417384,,27249,3087,89.82,3962.0,6240.0,63.49,3962.0,6240.0,63.49358974358975,6412.0,9984.0,64.22275641025641,3962.0,14976.0,26.45566239316239,6412.0,14976.0,42.81517094017094,3087,3222,2343.0,1.0,0.0,0.7643477571722936,20260707_020529_94851315,2026-07-07 02:15:34,a0545d71bc75,22,0,12330.0,0.0,11812.0,18960.0,62.29957805907173,11812.0,14976.0,78.87286324786325
CUSTOM_1_16_NO_PPL,Prefetch Only B=18,predict,24,0.0,0,-1.0,-1.0,3.0,3.0,18.0,,,False,True,0.0,main,,,,,9.77354691791198,,24807,5529,81.77,1022.0,1248.0,81.89,1022.0,1248.0,81.89102564102564,6926.0,9984.0,69.37099358974359,1022.0,22464.0,4.5495014245014245,6926.0,22464.0,30.831552706552703,5529,6581,3284.0,0.0,0.0,0.6477869529314616,20260707_020529_94851315,2026-07-07 02:16:00,a0545d71bc75,23,0,16747.0,0.0,14046.0,20523.0,68.44028650782049,14046.0,22464.0,62.52670940170941
CUSTOM_1_16_NO_PPL,Both λ=1.0 B=18,predict,24,1.0,5,-1.0,-1.0,3.0,3.0,18.0,,,False,True,0.0,main,,,,,10.719595742605357,,27778,2558,91.57,4658.0,6240.0,74.65,4658.0,6240.0,74.6474358974359,7819.0,9984.0,78.31530448717949,4658.0,22464.0,20.73539886039886,7819.0,22464.0,34.80680199430199,2558,6109,3607.0,5.0,0.0,0.7326468212761047,20260707_020529_94851315,2026-07-07 02:16:26,a0545d71bc75,24,0,17201.0,0.0,15058.0,19145.0,78.65238965787412,15058.0,22464.0,67.03169515669515
CUSTOM_1_16_NO_PPL,Prefetch Only B=24,predict,24,0.0,0,-1.0,-1.0,3.0,3.0,24.0,,,False,True,0.0,main,,,,,9.54663051675911,,25335,5001,83.51,1096.0,1248.0,87.82,1096.0,1248.0,87.82051282051282,7773.0,9984.0,77.8545673076923,1096.0,29952.0,3.659188034188034,7773.0,29952.0,25.951522435897434,5001,10417,4427.0,0.0,0.0,0.677718251394474,20260707_020529_94851315,2026-07-07 02:16:53,a0545d71bc75,25,0,20687.0,0.0,15934.0,20523.0,77.63972128831068,15934.0,29952.0,53.19845085470085
CUSTOM_1_16_NO_PPL,Both λ=1.0 B=24,predict,24,1.0,5,-1.0,-1.0,3.0,3.0,24.0,,,False,True,0.0,main,,,,,10.347639289572475,,28049,2287,92.46,5125.0,6240.0,82.13,5125.0,6240.0,82.13141025641026,8778.0,9984.0,87.92067307692308,5125.0,29952.0,17.11071047008547,8778.0,29952.0,29.306891025641026,2287,9850,5154.0,3.0,0.0,0.7949559199143116,20260707_020529_94851315,2026-07-07 02:17:19,a0545d71bc75,26,0,21254.0,0.0,17147.0,19324.0,88.73421651831919,17147.0,29952.0,57.248263888888886
CUSTOM_1_16_NO_PPL,Neither (RANDOM),cached,32,0.0,0,-1.0,-1.0,1.0,1.0,,,,False,True,0.0,main,,,,,9.9009900990099,,21921,8415,72.26,,,,,,,,,,,,,,,,8415,0,,,,0.4974688057040999,20260707_021725_29b24519,2026-07-07 02:17:50,a0545d71bc75,0,0,,,,,,,,
CUSTOM_1_16_NO_PPL,Neither (LRU),cached,32,0.0,0,-1.0,-1.0,1.0,1.0,,,,False,True,0.0,main,,,,,10.416666666666666,,22920,7416,75.55,,,,,,,,,,,,,,,,7416,0,,,,0.5104746494066882,20260707_021725_29b24519,2026-07-07 02:18:14,a0545d71bc75,1,0,,,,,,,,
CUSTOM_1_16_NO_PPL,Cache-Cond Only λ=1.0,cached,32,1.0,5,-1.0,-1.0,,,,,,False,True,0.0,main,,,,,11.904761904761903,,26475,3861,87.27,,,,,,,,,,,,,,,,3861,0,,,,0.6075809375809377,20260707_021725_29b24519,2026-07-07 02:18:36,a0545d71bc75,2,0,,,,,,,,
CUSTOM_1_16_NO_PPL,Prefetch Only B=8,predict,32,0.0,0,-1.0,-1.0,1.0,1.0,8.0,,,False,True,0.0,main,,,,,11.158435274938263,,26505,3831,87.37,3309.0,3744.0,88.38,3309.0,3744.0,88.38141025641026,20013.0,29952.0,66.81690705128206,3309.0,29952.0,11.047676282051285,20013.0,29952.0,66.81690705128206,3831,4373,3044.0,0.0,0.0,0.8479558751828375,20260707_021725_29b24519,2026-07-07 02:19:02,a0545d71bc75,3,0,25963.0,0.0,20013.0,29952.0,66.81690705128206,20013.0,29952.0,66.81690705128206
CUSTOM_1_16_NO_PPL,Both λ=1.0 B=8,predict,32,1.0,5,-1.0,-1.0,1.0,1.0,8.0,,,False,True,0.0,main,,,,,12.34031630698758,,28786,1550,94.89,14603.0,18720.0,78.01,14603.0,18720.0,78.00747863247864,21174.0,29952.0,70.69310897435898,14603.0,29952.0,48.75467414529915,21174.0,29952.0,70.69310897435898,1550,4283,3197.0,0.0,0.0,0.9246716955254586,20260707_021725_29b24519,2026-07-07 02:19:27,a0545d71bc75,4,0,26053.0,0.0,21174.0,29952.0,70.69310897435898,21174.0,29952.0,70.69310897435898
CUSTOM_1_16_NO_PPL,Prefetch Only B=16,predict,32,0.0,0,-1.0,-1.0,1.0,1.0,16.0,,,False,True,0.0,main,,,,,10.99241743045647,,28010,2326,92.33,3554.0,3740.0,95.03,3554.0,3740.0,95.02673796791444,25572.0,29920.0,85.46791443850267,3554.0,59840.0,5.939171122994653,25572.0,59840.0,42.73395721925134,2326,12798,5302.0,4.0,2.0,0.8722963501719124,20260707_021725_29b24519,2026-07-07 02:19:53,a0545d71bc75,5,0,47826.0,0.0,25572.0,29920.0,85.46791443850267,25572.0,59840.0,42.73395721925134
CUSTOM_1_16_NO_PPL,Both λ=1.0 B=16,predict,32,1.0,5,-1.0,-1.0,1.0,1.0,16.0,,,False,True,0.0,main,,,,,11.162159386706314,,29394,942,96.89,16890.0,18655.0,90.54,16890.0,18655.0,90.5387295631198,26564.0,29848.0,88.99758777807558,16890.0,59696.0,28.29335298847494,26564.0,59696.0,44.49879388903779,942,12705,5572.0,4.0,7.0,0.8511614274199457,20260707_021725_29b24519,2026-07-07 02:20:19,a0545d71bc75,6,0,47855.0,0.0,26564.0,29848.0,88.99758777807558,26564.0,59696.0,44.49879388903779
CUSTOM_1_16_NO_PPL,Prefetch Only B=24,predict,32,0.0,0,-1.0,-1.0,1.0,1.0,24.0,,,False,True,0.0,main,,,,,9.33184023889511,,28567,1769,94.17,3607.0,3721.0,96.94,3607.0,3721.0,96.93630744423542,27324.0,29768.0,91.789841440473,3607.0,89304.0,4.039012810176476,27324.0,89304.0,30.596613813491,1769,25448,6847.0,31.0,13.0,1.5564257633096965,20260707_021725_29b24519,2026-07-07 02:20:46,a0545d71bc75,7,0,65248.0,0.0,27324.0,29768.0,91.789841440473,27324.0,89304.0,30.596613813491
CUSTOM_1_16_NO_PPL,Both λ=1.0 B=24,predict,32,1.0,5,-1.0,-1.0,1.0,1.0,24.0,,,False,True,0.0,main,,,,,9.211920224770854,,29639,697,97.7,17735.0,18720.0,94.74,17735.0,18720.0,94.73824786324786,28446.0,29952.0,94.97195512820512,17735.0,89856.0,19.73713497150997,28446.0,89856.0,31.65731837606837,697,25633,7276.0,23.0,0.0,1.31818799848082,20260707_021725_29b24519,2026-07-07 02:21:14,a0545d71bc75,8,0,65375.0,0.0,28446.0,29952.0,94.97195512820512,28446.0,89856.0,31.65731837606837
CUSTOM_1_16_NO_PPL,Prefetch Only B=32,predict,32,0.0,0,-1.0,-1.0,1.0,1.0,32.0,,,False,True,0.0,main,,,,,6.898597515125174,,28686,1650,94.56,3602.0,3677.0,97.96,3602.0,3677.0,97.96029371770464,27857.0,29416.0,94.70016317650258,3602.0,117664.0,3.06125917867827,27857.0,117664.0,23.67504079412565,1650,42682,8533.0,1449.0,62.0,2.0185829649012,20260707_021725_29b24519,2026-07-07 02:21:44,a0545d71bc75,9,0,75398.0,0.0,27857.0,29416.0,94.70016317650258,27857.0,117664.0,23.67504079412565
CUSTOM_1_16_NO_PPL,Both λ=1.0 B=32,predict,32,1.0,5,-1.0,-1.0,1.0,1.0,32.0,,,False,True,0.0,main,,,,,6.964273278083433,,29611,725,97.61,17710.0,18365.0,96.43,17710.0,18365.0,96.43343316090387,28729.0,29384.0,97.77089572556493,17710.0,117536.0,15.067723931391232,28729.0,117536.0,24.44272393139123,725,42676,8811.0,1648.0,54.0,2.007447985069468,20260707_021725_29b24519,2026-07-07 02:22:14,a0545d71bc75,10,0,75660.0,0.0,28729.0,29384.0,97.77089572556493,28729.0,117536.0,24.44272393139123
CUSTOM_1_16_NO_PPL,Prefetch Only B=8,predict,32,0.0,0,-1.0,-1.0,2.0,2.0,8.0,,,False,True,0.0,main,,,,,10.737078999132445,,25297,5039,83.39,1406.0,1872.0,75.11,1406.0,1872.0,75.1068376068376,8014.0,14976.0,53.51228632478632,1406.0,14976.0,9.3883547008547,8014.0,14976.0,53.51228632478632,5039,2090,1651.0,0.0,0.0,0.7317604152054987,20260707_021725_29b24519,2026-07-07 02:22:40,a0545d71bc75,11,0,13270.0,0.0,11775.0,23420.0,50.27754056362084,11775.0,14976.0,78.62580128205128
CUSTOM_1_16_NO_PPL,Both λ=1.0 B=8,predict,32,1.0,5,-1.0,-1.0,2.0,2.0,8.0,,,False,True,0.0,main,,,,,11.854760219692418,,27969,2367,92.2,5868.0,9360.0,62.69,5868.0,9360.0,62.69230769230769,8614.0,14976.0,57.51869658119658,5868.0,14976.0,39.18269230769231,8614.0,14976.0,57.51869658119658,2367,1995,1647.0,0.0,0.0,0.8488124713434203,20260707_021725_29b24519,2026-07-07 02:23:06,a0545d71bc75,12,0,13365.0,0.0,12327.0,22641.0,54.44547502318802,12327.0,14976.0,82.31169871794872
CUSTOM_1_16_NO_PPL,Prefetch Only B=16,predict,32,0.0,0,-1.0,-1.0,2.0,2.0,16.0,,,False,True,0.0,main,,,,,11.2248941211862,,26840,3496,88.48,1642.0,1872.0,87.71,1642.0,1872.0,87.71367521367522,11193.0,14976.0,74.73958333333333,1642.0,29952.0,5.482104700854701,11193.0,29952.0,37.36979166666666,3496,5847,3347.0,1.0,0.0,0.7521684683720433,20260707_021725_29b24519,2026-07-07 02:23:31,a0545d71bc75,13,0,24873.0,0.0,17298.0,23420.0,73.8599487617421,17298.0,29952.0,57.75240384615385
CUSTOM_1_16_NO_PPL,Both λ=1.0 B=16,predict,32,1.0,5,-1.0,-1.0,2.0,2.0,16.0,,,False,True,0.0,main,,,,,11.99216192296715,,28811,1525,94.97,7586.0,9360.0,81.05,7586.0,9360.0,81.04700854700855,12040.0,14976.0,80.39529914529915,7586.0,29952.0,25.32719017094017,12040.0,29952.0,40.19764957264957,1525,5692,3456.0,3.0,0.0,0.816185395593737,20260707_021725_29b24519,2026-07-07 02:23:57,a0545d71bc75,14,0,25028.0,0.0,18248.0,22838.0,79.90191785620458,18248.0,29952.0,60.9241452991453
CUSTOM_1_16_NO_PPL,Prefetch Only B=24,predict,32,0.0,0,-1.0,-1.0,2.0,2.0,24.0,,,False,True,0.0,main,,,,,10.885372671618784,,27575,2761,90.9,1752.0,1872.0,93.59,1752.0,1872.0,93.5897435897436,12746.0,14976.0,85.10950854700855,1752.0,44928.0,3.8995726495726495,12746.0,44928.0,28.369836182336183,2761,11307,4693.0,7.0,0.0,0.804543645152118,20260707_021725_29b24519,2026-07-07 02:24:23,a0545d71bc75,15,0,34749.0,0.0,19829.0,23389.0,84.77916969515584,19829.0,44928.0,44.135060541310544
CUSTOM_1_16_NO_PPL,Both λ=1.0 B=24,predict,32,1.0,5,-1.0,-1.0,2.0,2.0,24.0,,,False,True,0.0,main,,,,,11.300086219657857,,29125,1211,96.01,8342.0,9360.0,89.12,8342.0,9360.0,89.12393162393163,13531.0,14976.0,90.35122863247864,8342.0,44928.0,18.567485754985757,13531.0,44928.0,30.11707621082621,1211,11142,4932.0,0.0,0.0,0.8407455678782483,20260707_021725_29b24519,2026-07-07 02:24:49,a0545d71bc75,16,0,34938.0,0.0,20716.0,22909.0,90.42734296564667,20716.0,44928.0,46.109330484330485
CUSTOM_1_16_NO_PPL,Prefetch Only B=32,predict,32,0.0,0,-1.0,-1.0,2.0,2.0,32.0,,,False,True,0.0,main,,,,,9.979342760485794,,27990,2346,92.27,1798.0,1872.0,96.05,1798.0,1872.0,96.04700854700856,13551.0,14976.0,90.48477564102564,1798.0,59904.0,3.001469017094017,13551.0,59904.0,22.62119391025641,2346,18852,6623.0,10.0,0.0,1.364425417492216,20260707_021725_29b24519,2026-07-07 02:25:16,a0545d71bc75,17,0,42588.0,0.0,21136.0,23396.0,90.34022909899129,21136.0,59904.0,35.28311965811966
CUSTOM_1_16_NO_PPL,Both λ=1.0 B=32,predict,32,1.0,5,-1.0,-1.0,2.0,2.0,32.0,,,False,True,0.0,main,,,,,10.189410960341794,,29328,1008,96.68,8718.0,9360.0,93.14,8718.0,9360.0,93.14102564102564,14315.0,14976.0,95.58627136752136,8718.0,59904.0,14.553285256410255,14315.0,59904.0,23.89656784188034,1008,18834,7148.0,6.0,0.0,1.56295937909485,20260707_021725_29b24519,2026-07-07 02:25:43,a0545d71bc75,18,0,42606.0,0.0,22082.0,23064.0,95.74228234477974,22082.0,59904.0,36.862313034188034
CUSTOM_1_16_NO_PPL,Prefetch Only B=8,predict,32,0.0,0,-1.0,-1.0,3.0,3.0,8.0,,,False,True,0.0,main,,,,,10.446318978350003,,24710,5626,81.45,813.0,1248.0,65.14,813.0,1248.0,65.14423076923077,4519.0,9984.0,45.26241987179487,813.0,9984.0,8.143028846153847,4519.0,9984.0,45.26241987179487,5626,1244,997.0,0.0,0.0,0.6804250363901019,20260707_021725_29b24519,2026-07-07 02:26:09,a0545d71bc75,19,0,9124.0,0.0,8347.0,20523.0,40.67144179700824,8347.0,9984.0,83.60376602564102
CUSTOM_1_16_NO_PPL,Both λ=1.0 B=8,predict,32,1.0,5,-1.0,-1.0,3.0,3.0,8.0,,,False,True,0.0,main,,,,,11.673923956059353,,27597,2739,90.97,3268.0,6240.0,52.37,3268.0,6240.0,52.37179487179487,4890.0,9984.0,48.97836538461539,3268.0,9984.0,32.7323717948718,4890.0,9984.0,48.97836538461539,2739,1141,978.0,0.0,0.0,0.8022448453608246,20260707_021725_29b24519,2026-07-07 02:26:35,a0545d71bc75,20,0,9219.0,0.0,8659.0,19284.0,44.90250985272765,8659.0,9984.0,86.72876602564102
CUSTOM_1_16_NO_PPL,Prefetch Only B=16,predict,32,0.0,0,-1.0,-1.0,3.0,3.0,16.0,,,False,True,0.0,main,,,,,11.020218795423965,,25953,4383,85.55,992.0,1248.0,79.49,992.0,1248.0,79.48717948717949,6560.0,9984.0,65.7051282051282,992.0,19968.0,4.967948717948718,6560.0,19968.0,32.8525641025641,4383,3502,2220.0,0.0,0.0,0.7137869372225742,20260707_021725_29b24519,2026-07-07 02:27:00,a0545d71bc75,21,0,17218.0,0.0,13187.0,20523.0,64.25473858597671,13187.0,19968.0,66.04066506410257
CUSTOM_1_16_NO_PPL,Both λ=1.0 B=16,predict,32,1.0,5,-1.0,-1.0,3.0,3.0,16.0,,,False,True,0.0,main,,,,,11.913541049892718,,28333,2003,93.4,4443.0,6240.0,71.2,4443.0,6240.0,71.20192307692308,7113.0,9984.0,71.24399038461539,4443.0,19968.0,22.25060096153846,7113.0,19968.0,35.62199519230769,2003,3321,2293.0,3.0,0.0,0.7944308790383171,20260707_021725_29b24519,2026-07-07 02:27:26,a0545d71bc75,22,0,17415.0,0.0,13847.0,19497.0,71.0211827460635,13847.0,19968.0,69.34595352564102
CUSTOM_1_16_NO_PPL,Prefetch Only B=24,predict,32,0.0,0,-1.0,-1.0,3.0,3.0,24.0,,,False,True,0.0,main,,,,,10.918532461888862,,26746,3590,88.17,1096.0,1248.0,87.82,1096.0,1248.0,87.82051282051282,7773.0,9984.0,77.8545673076923,1096.0,29952.0,3.659188034188034,7773.0,29952.0,25.951522435897434,3590,6951,3269.0,6.0,0.0,0.7189099705910257,20260707_021725_29b24519,2026-07-07 02:27:52,a0545d71bc75,23,0,24153.0,0.0,15934.0,20523.0,77.63972128831068,15934.0,29952.0,53.19845085470085
CUSTOM_1_16_NO_PPL,Both λ=1.0 B=24,predict,32,1.0,5,-1.0,-1.0,3.0,3.0,24.0,,,False,True,0.0,main,,,,,11.646283729093463,,28726,1610,94.69,5117.0,6240.0,82.0,5117.0,6240.0,82.00320512820512,8426.0,9984.0,84.39503205128206,5117.0,29952.0,17.084001068376068,8426.0,29952.0,28.13167735042735,1610,6631,3501.0,6.0,0.0,0.7927678679771872,20260707_021725_29b24519,2026-07-07 02:28:18,a0545d71bc75,24,0,24449.0,0.0,16780.0,19696.0,85.19496344435419,16780.0,29952.0,56.022970085470085
CUSTOM_1_16_NO_PPL,Prefetch Only B=32,predict,32,0.0,0,-1.0,-1.0,3.0,3.0,32.0,,,False,True,0.0,main,,,,,10.4753504528494,,27172,3164,89.57,1146.0,1248.0,91.83,1146.0,1248.0,91.82692307692308,8470.0,9984.0,84.83573717948718,1146.0,39936.0,2.8695913461538463,8470.0,39936.0,21.2089342948718,3164,11609,4641.0,6.0,0.0,0.9572294049956,20260707_021725_29b24519,2026-07-07 02:28:45,a0545d71bc75,25,0,29828.0,3.0,17504.0,20519.0,85.30630147668015,17504.0,39936.0,43.83012820512821
CUSTOM_1_16_NO_PPL,Both λ=1.0 B=32,predict,32,1.0,5,-1.0,-1.0,3.0,3.0,32.0,,,False,True,0.0,main,,,,,11.060441997383098,,28886,1450,95.22,5467.0,6240.0,87.61,5467.0,6240.0,87.61217948717949,9169.0,9984.0,91.8369391025641,5467.0,39936.0,13.689403044871796,9169.0,39936.0,22.959234775641026,1450,11410,5229.0,3.0,0.0,1.048959564541213,20260707_021725_29b24519,2026-07-07 02:29:11,a0545d71bc75,26,0,30062.0,0.0,18407.0,19805.0,92.94117647058825,18407.0,39936.0,46.09124599358975
CUSTOM_1_16_NO_PPL,Neither (RANDOM),cached,40,0.0,0,-1.0,-1.0,1.0,1.0,,,,False,True,0.0,main,,,,,10.75268817204301,,23558,6778,77.66,,,,,,,,,,,,,,,,6778,0,,,,0.5240100324579523,20260707_022919_a94a2615,2026-07-07 02:29:43,a0545d71bc75,0,0,,,,,,,,
CUSTOM_1_16_NO_PPL,Neither (LRU),cached,40,0.0,0,-1.0,-1.0,1.0,1.0,,,,False,True,0.0,main,,,,,11.49425287356322,,24710,5626,81.45,,,,,,,,,,,,,,,,5626,0,,,,0.5489050835407039,20260707_022919_a94a2615,2026-07-07 02:30:07,a0545d71bc75,1,0,,,,,,,,
CUSTOM_1_16_NO_PPL,Cache-Cond Only λ=1.0,cached,40,1.0,5,-1.0,-1.0,,,,,,False,True,0.0,main,,,,,12.987012987012987,,27512,2824,90.69,,,,,,,,,,,,,,,,2824,0,,,,0.6518661473087818,20260707_022919_a94a2615,2026-07-07 02:30:30,a0545d71bc75,2,0,,,,,,,,
CUSTOM_1_16_NO_PPL,Prefetch Only B=10,predict,40,0.0,0,-1.0,-1.0,1.0,1.0,10.0,,,False,True,0.0,main,,,,,12.371582968784022,,27761,2575,91.51,3424.0,3744.0,91.45,3424.0,3744.0,91.45299145299145,22170.0,29952.0,74.01842948717949,3424.0,37440.0,9.145299145299145,22170.0,37440.0,59.21474358974359,2575,4321,2787.0,0.0,0.0,0.9008903712296983,20260707_022919_a94a2615,2026-07-07 02:30:55,a0545d71bc75,3,0,33599.0,0.0,22170.0,29952.0,74.01842948717949,22170.0,37440.0,59.21474358974359
CUSTOM_1_16_NO_PPL,Both λ=1.0 B=10,predict,40,1.0,5,-1.0,-1.0,1.0,1.0,10.0,,,False,True,0.0,main,,,,,13.180005931002668,,29336,1000,96.7,15560.0,18720.0,83.12,15560.0,18720.0,83.11965811965813,23093.0,29952.0,77.1000267094017,15560.0,37440.0,41.55982905982906,23093.0,37440.0,61.68002136752137,1000,4254,2885.0,2.0,0.0,0.9464027407689377,20260707_022919_a94a2615,2026-07-07 02:31:20,a0545d71bc75,4,0,33656.0,0.0,23093.0,29952.0,77.1000267094017,23093.0,37440.0,61.68002136752137
CUSTOM_1_16_NO_PPL,Prefetch Only B=20,predict,40,0.0,0,-1.0,-1.0,1.0,1.0,20.0,,,False,True,0.0,main,,,,,11.538603552043718,,28756,1580,94.79,3539.0,3678.0,96.22,3539.0,3678.0,96.22077215878194,26260.0,29424.0,89.24687330070691,3539.0,73560.0,4.811038607939097,26260.0,73560.0,35.698749320282765,1580,13407,4671.0,5.0,34.0,0.899145926469607,20260707_022919_a94a2615,2026-07-07 02:31:45,a0545d71bc75,5,0,61753.0,0.0,26260.0,29424.0,89.24687330070691,26260.0,73560.0,35.698749320282765
CUSTOM_1_16_NO_PPL,Both λ=1.0 B=20,predict,40,1.0,5,-1.0,-1.0,1.0,1.0,20.0,,,False,True,0.0,main,,,,,11.445026106104548,,29716,620,97.96,17255.0,18545.0,93.04,17255.0,18545.0,93.04394715556754,27183.0,29672.0,91.61162038285252,17255.0,74180.0,23.260986788891884,27183.0,74180.0,36.644648153141006,620,13466,4903.0,1.0,18.0,0.8666590941360214,20260707_022919_a94a2615,2026-07-07 02:32:12,a0545d71bc75,6,0,61994.0,0.0,27183.0,29672.0,91.61162038285252,27183.0,74180.0,36.644648153141006
CUSTOM_1_16_NO_PPL,Prefetch Only B=30,predict,40,0.0,0,-1.0,-1.0,1.0,1.0,30.0,,,False,True,0.0,main,,,,,9.134505594884676,,29106,1230,95.95,3603.0,3685.0,97.77,3603.0,3685.0,97.77476255088196,27741.0,29480.0,94.1010854816825,3603.0,110550.0,3.259158751696065,27741.0,110550.0,25.093622795115333,1230,28574,5965.0,275.0,31.0,2.028222721782311,20260707_022919_a94a2615,2026-07-07 02:32:39,a0545d71bc75,7,0,84256.0,0.0,27741.0,29480.0,94.1010854816825,27741.0,110550.0,25.093622795115333
CUSTOM_1_16_NO_PPL,Both λ=1.0 B=30,predict,40,1.0,5,-1.0,-1.0,1.0,1.0,30.0,,,False,True,0.0,main,,,,,9.021199819576005,,29831,505,98.34,17542.0,18260.0,96.07,17542.0,18260.0,96.06790799561884,28096.0,29216.0,96.16648411829135,17542.0,109560.0,16.011317999269806,28096.0,109560.0,25.644395764877693,505,28310,6357.0,78.0,48.0,1.7875127537740765,20260707_022919_a94a2615,2026-07-07 02:33:08,a0545d71bc75,8,0,84010.0,0.0,28096.0,29216.0,96.16648411829135,28096.0,109560.0,25.644395764877693
CUSTOM_1_16_NO_PPL,Prefetch Only B=40,predict,40,0.0,0,-1.0,-1.0,1.0,1.0,40.0,,,False,True,0.0,main,,,,,6.3486420254707525,,28940,1396,95.4,3390.0,3435.0,98.69,3390.0,3435.0,98.68995633187772,26471.0,27480.0,96.32823871906841,3390.0,137400.0,2.467248908296943,26471.0,137400.0,19.265647743813684,1396,47653,7764.0,1575.0,263.0,1.9696320006524088,20260707_022919_a94a2615,2026-07-07 02:33:40,a0545d71bc75,9,0,91987.0,0.0,26471.0,27480.0,96.32823871906841,26471.0,137400.0,19.265647743813684
CUSTOM_1_16_NO_PPL,Both λ=1.0 B=40,predict,40,1.0,5,-1.0,-1.0,1.0,1.0,40.0,,,False,True,0.0,main,,,,,6.315962331600655,,29742,594,98.04,17111.0,17540.0,97.55,17111.0,17540.0,97.55416191562144,27635.0,28064.0,98.4713511972634,17111.0,140320.0,12.19427023945268,27635.0,140320.0,19.69427023945268,594,48261,8099.0,1717.0,219.0,1.975800839218095,20260707_022919_a94a2615,2026-07-07 02:34:12,a0545d71bc75,10,0,93099.0,0.0,27635.0,28064.0,98.4713511972634,27635.0,140320.0,19.69427023945268
CUSTOM_1_16_NO_PPL,Prefetch Only B=10,predict,40,0.0,0,-1.0,-1.0,2.0,2.0,10.0,,,False,True,0.0,main,,,,,11.851402376443206,,26744,3592,88.16,1495.0,1872.0,79.86,1495.0,1872.0,79.86111111111111,9071.0,14976.0,60.57024572649573,1495.0,18720.0,7.986111111111111,9071.0,18720.0,48.45619658119658,3592,1990,1509.0,0.0,0.0,0.8077552848441419,20260707_022919_a94a2615,2026-07-07 02:34:39,a0545d71bc75,11,0,17210.0,0.0,13607.0,23420.0,58.0999146029035,13607.0,18720.0,72.6869658119658
CUSTOM_1_16_NO_PPL,Both λ=1.0 B=10,predict,40,1.0,5,-1.0,-1.0,2.0,2.0,10.0,,,False,True,0.0,main,,,,,12.78107174399002,,28730,1606,94.71,6498.0,9360.0,69.42,6498.0,9360.0,69.42307692307692,9613.0,14976.0,64.18936965811966,6498.0,18720.0,34.71153846153846,9613.0,18720.0,51.35149572649573,1606,1861,1445.0,2.0,0.0,0.9023420824920683,20260707_022919_a94a2615,2026-07-07 02:35:05,a0545d71bc75,12,0,17329.0,0.0,14131.0,22847.0,61.850571190965994,14131.0,18720.0,75.48611111111111
CUSTOM_1_16_NO_PPL,Prefetch Only B=20,predict,40,0.0,0,-1.0,-1.0,2.0,2.0,20.0,,,False,True,0.0,main,,,,,12.341915489967873,,27962,2374,92.17,1708.0,1872.0,91.24,1708.0,1872.0,91.23931623931624,12106.0,14976.0,80.83600427350427,1708.0,37440.0,4.561965811965812,12106.0,37440.0,32.33440170940171,2374,5814,2968.0,1.0,0.0,0.81111993160723,20260707_022919_a94a2615,2026-07-07 02:35:30,a0545d71bc75,13,0,32586.0,0.0,18782.0,23358.0,80.40928161657676,18782.0,37440.0,50.16559829059829
CUSTOM_1_16_NO_PPL,Both λ=1.0 B=20,predict,40,1.0,5,-1.0,-1.0,2.0,2.0,20.0,,,False,True,0.0,main,,,,,12.775585345381561,,29325,1011,96.67,8010.0,9360.0,85.58,8010.0,9360.0,85.57692307692308,12655.0,14976.0,84.50186965811966,8010.0,37440.0,21.39423076923077,12655.0,37440.0,33.800747863247864,1011,5685,3051.0,1.0,0.0,0.8691203703703704,20260707_022919_a94a2615,2026-07-07 02:35:56,a0545d71bc75,14,0,32715.0,0.0,19391.0,22986.0,84.3600452449317,19391.0,37440.0,51.79220085470085
CUSTOM_1_16_NO_PPL,Prefetch Only B=30,predict,40,0.0,0,-1.0,-1.0,2.0,2.0,30.0,,,False,True,0.0,main,,,,,11.64296159685547,,28531,1805,94.05,1792.0,1872.0,95.73,1792.0,1872.0,95.72649572649573,13392.0,14976.0,89.42307692307692,1792.0,56160.0,3.190883190883191,13392.0,56160.0,23.846153846153847,1805,11764,4204.0,0.0,0.0,1.0008932124695997,20260707_022919_a94a2615,2026-07-07 02:36:22,a0545d71bc75,15,0,45836.0,0.0,20828.0,23355.0,89.18004709912225,20828.0,56160.0,37.08689458689459
CUSTOM_1_16_NO_PPL,Both λ=1.0 B=30,predict,40,1.0,5,-1.0,-1.0,2.0,2.0,30.0,,,False,True,0.0,main,,,,,11.607809269764326,,29566,770,97.46,8642.0,9360.0,92.33,8642.0,9360.0,92.32905982905983,13919.0,14976.0,92.9420405982906,8642.0,56160.0,15.388176638176638,13919.0,56160.0,24.784544159544158,770,11684,4380.0,3.0,0.0,0.9662638509715753,20260707_022919_a94a2615,2026-07-07 02:36:48,a0545d71bc75,16,0,45916.0,0.0,21477.0,23096.0,92.99012816072047,21477.0,56160.0,38.24252136752137
CUSTOM_1_16_NO_PPL,Prefetch Only B=40,predict,40,0.0,0,-1.0,-1.0,2.0,2.0,40.0,,,False,True,0.0,main,,,,,10.22227310642613,,28792,1544,94.91,1825.0,1872.0,97.49,1825.0,1872.0,97.48931623931624,14047.0,14976.0,93.79674145299145,1825.0,74880.0,2.437232905982906,14047.0,74880.0,18.75934829059829,1544,21185,6321.0,84.0,0.0,1.8040582515728805,20260707_022919_a94a2615,2026-07-07 02:37:15,a0545d71bc75,17,0,55615.0,0.0,21832.0,23309.0,93.66339182290102,21832.0,74880.0,29.155982905982906
CUSTOM_1_16_NO_PPL,Both λ=1.0 B=40,predict,40,1.0,5,-1.0,-1.0,2.0,2.0,40.0,,,False,True,0.0,main,,,,,10.133827323635936,,29674,662,97.82,8951.0,9360.0,95.63,8951.0,9360.0,95.63034188034187,14560.0,14976.0,97.22222222222223,8951.0,74880.0,11.953792735042734,14560.0,74880.0,19.444444444444443,662,21104,6676.0,38.0,0.0,1.8906919048056596,20260707_022919_a94a2615,2026-07-07 02:37:42,a0545d71bc75,18,0,55656.0,0.0,22510.0,23147.0,97.2480235019657,22510.0,74880.0,30.061431623931625
CUSTOM_1_16_NO_PPL,Prefetch Only B=10,predict,40,0.0,0,-1.0,-1.0,3.0,3.0,10.0,,,False,True,0.0,main,,,,,11.641335121442408,,26348,3988,86.85,872.0,1248.0,69.87,872.0,1248.0,69.87179487179488,5145.0,9984.0,51.53245192307692,872.0,12480.0,6.987179487179487,5145.0,12480.0,41.22596153846154,3988,1217,982.0,0.0,0.0,0.7409913544668589,20260707_022919_a94a2615,2026-07-07 02:38:08,a0545d71bc75,19,0,11743.0,0.0,9873.0,20523.0,48.107001900306976,9873.0,12480.0,79.11057692307692
CUSTOM_1_16_NO_PPL,Both λ=1.0 B=10,predict,40,1.0,5,-1.0,-1.0,3.0,3.0,10.0,,,False,True,0.0,main,,,,,12.658404104360947,,28461,1875,93.82,3650.0,6240.0,58.49,3650.0,6240.0,58.493589743589745,5485.0,9984.0,54.93790064102564,3650.0,12480.0,29.246794871794872,5485.0,12480.0,43.95032051282051,1875,1094,922.0,1.0,0.0,0.8677265072414957,20260707_022919_a94a2615,2026-07-07 02:38:33,a0545d71bc75,20,0,11866.0,0.0,10189.0,19655.0,51.83922665988298,10189.0,12480.0,81.6426282051282
CUSTOM_1_16_NO_PPL,Prefetch Only B=20,predict,40,0.0,0,-1.0,-1.0,3.0,3.0,20.0,,,False,True,0.0,main,,,,,12.13281550476759,,27370,2966,90.22,1058.0,1248.0,84.78,1058.0,1248.0,84.77564102564102,7247.0,9984.0,72.58613782051282,1058.0,24960.0,4.238782051282051,7247.0,24960.0,29.034455128205128,2966,3445,2101.0,1.0,0.0,0.7660099828419903,20260707_022919_a94a2615,2026-07-07 02:38:59,a0545d71bc75,21,0,22455.0,0.0,14761.0,20491.0,72.03650383095017,14761.0,24960.0,59.138621794871796
CUSTOM_1_16_NO_PPL,Both λ=1.0 B=20,predict,40,1.0,5,-1.0,-1.0,3.0,3.0,20.0,,,False,True,0.0,main,,,,,12.91038899002027,,29013,1323,95.64,4824.0,6240.0,77.31,4824.0,6240.0,77.3076923076923,7690.0,9984.0,77.02323717948718,4824.0,24960.0,19.326923076923077,7690.0,24960.0,30.809294871794872,1323,3253,2108.0,0.0,0.0,0.8300677447552447,20260707_022919_a94a2615,2026-07-07 02:39:24,a0545d71bc75,22,0,22667.0,0.0,15331.0,19826.0,77.32775143750631,15331.0,24960.0,61.42227564102564
CUSTOM_1_16_NO_PPL,Prefetch Only B=30,predict,40,0.0,0,-1.0,-1.0,3.0,3.0,30.0,,,False,True,0.0,main,,,,,12.03520055458204,,28000,2336,92.3,1139.0,1248.0,91.27,1139.0,1248.0,91.26602564102564,8351.0,9984.0,83.64383012820512,1139.0,37440.0,3.0422008547008548,8351.0,37440.0,22.305021367521366,2336,7015,3070.0,0.0,0.0,0.8168206608918831,20260707_022919_a94a2615,2026-07-07 02:39:50,a0545d71bc75,23,0,31835.0,0.0,17208.0,20505.0,83.92099487929774,17208.0,37440.0,45.96153846153846
CUSTOM_1_16_NO_PPL,Both λ=1.0 B=30,predict,40,1.0,5,-1.0,-1.0,3.0,3.0,30.0,,,False,True,0.0,main,,,,,12.383394858166787,,29324,1012,96.66,5411.0,6240.0,86.71,5411.0,6240.0,86.71474358974359,8825.0,9984.0,88.39142628205128,5411.0,37440.0,14.452457264957266,8825.0,37440.0,23.57104700854701,1012,6923,3279.0,2.0,0.0,0.8822192816635158,20260707_022919_a94a2615,2026-07-07 02:40:15,a0545d71bc75,24,0,31957.0,0.0,17823.0,19988.0,89.1685011006604,17823.0,37440.0,47.604166666666664
CUSTOM_1_16_NO_PPL,Prefetch Only B=40,predict,40,0.0,0,-1.0,-1.0,3.0,3.0,40.0,,,False,True,0.0,main,,,,,11.255418076876758,,28257,2079,93.15,1182.0,1248.0,94.71,1182.0,1248.0,94.71153846153847,8959.0,9984.0,89.73357371794872,1182.0,49920.0,2.3677884615384617,8959.0,49920.0,17.946714743589745,2079,12375,4542.0,7.0,0.0,1.217198699321987,20260707_022919_a94a2615,2026-07-07 02:40:42,a0545d71bc75,25,0,39425.0,0.0,18468.0,20448.0,90.3169014084507,18468.0,49920.0,36.99519230769231
CUSTOM_1_16_NO_PPL,Both λ=1.0 B=40,predict,40,1.0,5,-1.0,-1.0,3.0,3.0,40.0,,,False,True,0.0,main,,,,,11.448524571395861,,29415,921,96.96,5746.0,6240.0,92.08,5746.0,6240.0,92.08333333333333,9465.0,9984.0,94.8016826923077,5746.0,49920.0,11.510416666666666,9465.0,49920.0,18.96033653846154,921,12345,4937.0,6.0,0.0,1.4433431328207447,20260707_022919_a94a2615,2026-07-07 02:41:08,a0545d71bc75,26,0,39455.0,0.0,19177.0,20076.0,95.52201633791591,19177.0,49920.0,38.415464743589745
