question,label,backend,cache_size,lambda_val,forced_top_n,prob_mass_threshold,forced_top_p,lookahead,predictor_stride,prefetch_budget,predictor_tag,mode_perplexity,mode_generate,bookend_pass,gen_perplexity,gen_perplexity_std,tokens_per_second,tokens_per_second_std,cache_hits,cache_misses,hit_rate_pct,pred_hits,pred_total,pred_hit_rate_pct,pred_hits_routed_forced_n,pred_total_routed_forced_n,pred_hit_rate_routed_forced_n_pct,pred_hits_routed_topk,pred_total_routed_topk,pred_hit_rate_routed_topk_pct,pred_requested_hits_forced_n,pred_requested_total_forced_n,pred_requested_rate_forced_n_pct,pred_requested_hits_topk,pred_requested_total_topk,pred_requested_rate_topk_pct,stall_loads,prefetch_loads,prefetch_hits_ready,prefetch_hits_wait,prefetch_ticks_skipped,avg_ms_per_expert_load,run_id,row_timestamp,prompt_hash,config_id,run_iter,pred_hits_window_recall,pred_total_window_recall,pred_window_recall_pct,pred_hits_window_precision,pred_total_window_precision,pred_window_precision_pct
CUSTOM_1_16_NO_PPL,Neither (RANDOM),cached,8,0.0,0,-1.0,-1.0,1.0,1.0,,,False,True,main,,,1.3009722835993502,0.0397,18763.0,19253.0,49.36,,,,,,,,,,,,,,,,19253.0,0.0,,,,3.2450012984989356,20260629_084116_a10592cd,2026-06-29 08:46:36,8257bbea24b0,0,0,,,,,,
CUSTOM_1_16_NO_PPL,Neither (RANDOM),cached,16,0.0,0,-1.0,-1.0,1.0,1.0,,,False,True,main,,,1.6519748993270054,0.0335,23234.0,14782.0,61.12,,,,,,,,,,,,,,,,14782.0,0.0,,,,3.244380327425247,20260629_084116_a10592cd,2026-06-29 08:50:50,8257bbea24b0,1,0,,,,,,
CUSTOM_1_16_NO_PPL,Neither (RANDOM),cached,24,0.0,0,-1.0,-1.0,1.0,1.0,,,False,True,main,,,2.0408113866644353,0.0219,26272.0,11744.0,69.11,,,,,,,,,,,,,,,,11744.0,0.0,,,,3.24247530653951,20260629_084116_a10592cd,2026-06-29 08:54:28,8257bbea24b0,2,0,,,,,,
CUSTOM_1_16_NO_PPL,Neither (RANDOM),cached,32,0.0,0,-1.0,-1.0,1.0,1.0,,,False,True,main,,,2.45101238765687,0.0315,28608.0,9408.0,75.25,,,,,,,,,,,,,,,,9408.0,0.0,,,,3.24608949829932,20260629_084116_a10592cd,2026-06-29 08:57:42,8257bbea24b0,3,0,,,,,,
CUSTOM_1_16_NO_PPL,Neither (RANDOM),cached,40,0.0,0,-1.0,-1.0,1.0,1.0,,,False,True,main,,,2.2537039353723407,0.3491,30421.0,7595.0,80.02,,,,,,,,,,,,,,,,7595.0,0.0,,,,3.249208689927584,20260629_084116_a10592cd,2026-06-29 09:01:25,8257bbea24b0,4,0,,,,,,
CUSTOM_1_16_NO_PPL,Neither (LRU),cached,8,0.0,0,-1.0,-1.0,1.0,1.0,,,False,True,main,,,1.3032121885181778,0.0415,18756.0,19260.0,49.34,,,,,,,,,,,,,,,,19260.0,0.0,,,,3.240345275181724,20260629_084116_a10592cd,2026-06-29 09:26:50,8257bbea24b0,6,0,,,,,,
CUSTOM_1_16_NO_PPL,Neither (LRU),cached,16,0.0,0,-1.0,-1.0,1.0,1.0,,,False,True,main,,,1.741155543021425,0.0239,23832.0,14184.0,62.69,,,,,,,,,,,,,,,,14184.0,0.0,,,,3.2426036379018615,20260629_084116_a10592cd,2026-06-29 09:30:55,8257bbea24b0,7,0,,,,,,
CUSTOM_1_16_NO_PPL,Neither (LRU),cached,24,0.0,0,-1.0,-1.0,1.0,1.0,,,False,True,main,,,2.213959057650297,0.0281,27398.0,10618.0,72.07,,,,,,,,,,,,,,,,10618.0,0.0,,,,3.2333980033904686,20260629_084116_a10592cd,2026-06-29 09:34:23,8257bbea24b0,8,0,,,,,,
CUSTOM_1_16_NO_PPL,Neither (LRU),cached,32,0.0,0,-1.0,-1.0,1.0,1.0,,,False,True,main,,,2.78297152153756,0.0455,29870.0,8146.0,78.57,,,,,,,,,,,,,,,,8146.0,0.0,,,,3.236068008838693,20260629_084116_a10592cd,2026-06-29 09:37:25,8257bbea24b0,9,0,,,,,,
CUSTOM_1_16_NO_PPL,Neither (LRU),cached,40,0.0,0,-1.0,-1.0,1.0,1.0,,,False,True,main,,,3.420763382972706,0.0709,31661.0,6355.0,83.28,,,,,,,,,,,,,,,,6355.0,0.0,,,,3.2488890637293464,20260629_084116_a10592cd,2026-06-29 09:40:10,8257bbea24b0,10,0,,,,,,
CUSTOM_1_16_NO_PPL,Cache-Cond Only λ=1.0,cached,8,1.0,6,-1.0,-1.0,,,,,False,True,main,,,1.7761887785295705,0.0123,24024.0,13992.0,63.19,,,,,,,,,,,,,,,,13992.0,0.0,,,,3.245560320182961,20260629_084116_a10592cd,2026-06-29 10:04:22,8257bbea24b0,12,0,,,,,,
CUSTOM_1_16_NO_PPL,Cache-Cond Only λ=1.0,cached,16,1.0,6,-1.0,-1.0,,,,,False,True,main,,,2.316641279170046,0.0206,27590.0,10426.0,72.57,,,,,,,,,,,,,,,,10426.0,0.0,,,,3.2443592940725114,20260629_084116_a10592cd,2026-06-29 10:07:41,8257bbea24b0,13,0,,,,,,
CUSTOM_1_16_NO_PPL,Cache-Cond Only λ=1.0,cached,24,1.0,6,-1.0,-1.0,,,,,False,True,main,,,2.907028168784586,0.0661,30622.0,7394.0,80.55,,,,,,,,,,,,,,,,7394.0,0.0,,,,3.2409561806870446,20260629_084116_a10592cd,2026-06-29 10:10:33,8257bbea24b0,14,0,,,,,,
CUSTOM_1_16_NO_PPL,Cache-Cond Only λ=1.0,cached,32,1.0,6,-1.0,-1.0,,,,,False,True,main,,,3.831666718593955,0.0932,33251.0,4765.0,87.47,,,,,,,,,,,,,,,,4765.0,0.0,,,,3.2347534102833153,20260629_084116_a10592cd,2026-06-29 10:13:00,8257bbea24b0,15,0,,,,,,
CUSTOM_1_16_NO_PPL,Cache-Cond Only λ=1.0,cached,40,1.0,6,-1.0,-1.0,,,,,False,True,main,,,4.545379728945063,0.0478,33877.0,4139.0,89.11,,,,,,,,,,,,,,,,4139.0,0.0,,,,3.236704517999517,20260629_084116_a10592cd,2026-06-29 10:15:19,8257bbea24b0,16,0,,,,,,
CUSTOM_1_16_NO_PPL,Prefetch Only B=2,predict,8,0.0,0,-1.0,-1.0,1.0,1.0,2.0,,False,True,main,,,1.273012373881194,0.0281,19415.0,18601.0,51.07,2148.0,4704.0,45.66,2148.0,4704.0,45.66326530612245,7816.0,37632.0,20.76955782312925,2148.0,9408.0,22.831632653061224,7816.0,9408.0,83.078231292517,18601.0,2674.0,,,,4.843417156286721,20260629_084116_a10592cd,2026-06-29 10:40:52,8257bbea24b0,18,0,7816.0,37632.0,20.76955782312925,7816.0,9408.0,83.078231292517
CUSTOM_1_16_NO_PPL,Both λ=1.0 B=2,predict,8,1.0,6,-1.0,-1.0,1.0,1.0,2.0,,False,True,main,,,1.73469767695793,0.0215,25331.0,12685.0,66.63,7412.0,28224.0,26.26,7412.0,28224.0,26.261337868480727,8557.0,37632.0,22.73862670068027,7412.0,9408.0,78.78401360544218,8557.0,9408.0,90.95450680272108,12685.0,2836.0,,,,4.9395837897042725,20260629_084116_a10592cd,2026-06-29 10:44:59,8257bbea24b0,19,0,8557.0,37632.0,22.73862670068027,8557.0,9408.0,90.95450680272108
CUSTOM_1_16_NO_PPL,Prefetch Only B=4,predict,8,0.0,0,-1.0,-1.0,1.0,1.0,4.0,,False,True,main,,,1.1974685238083558,0.0061,20556.0,17460.0,54.07,2951.0,4704.0,62.73,2951.0,4704.0,62.73384353741496,14363.0,37632.0,38.16698554421769,2951.0,18816.0,15.68346088435374,14363.0,18816.0,76.33397108843538,17460.0,6703.0,,,,6.066389935024626,20260629_084116_a10592cd,2026-06-29 10:50:26,8257bbea24b0,20,0,14363.0,37632.0,38.16698554421769,14363.0,18816.0,76.33397108843538
CUSTOM_1_16_NO_PPL,Both λ=1.0 B=4,predict,8,1.0,6,-1.0,-1.0,1.0,1.0,4.0,,False,True,main,,,1.6711248508227214,0.0443,28309.0,9707.0,74.47,12538.0,28224.0,44.42,12538.0,28224.0,44.42318594104309,15601.0,37632.0,41.45673894557823,12538.0,18816.0,66.63477891156462,15601.0,18816.0,82.91347789115646,9707.0,5931.0,,,,6.108609796649189,20260629_084116_a10592cd,2026-06-29 10:54:41,8257bbea24b0,21,0,15601.0,37632.0,41.45673894557823,15601.0,18816.0,82.91347789115646
CUSTOM_1_16_NO_PPL,Prefetch Only B=6,predict,8,0.0,0,-1.0,-1.0,1.0,1.0,6.0,,False,True,main,,,1.090078244213368,0.0164,21993.0,16023.0,57.85,3427.0,4704.0,72.85,3427.0,4704.0,72.85289115646259,19532.0,37632.0,51.90263605442177,3427.0,28224.0,12.142148526077097,19532.0,28224.0,69.20351473922902,16023.0,11955.0,,,,6.947502323253985,20260629_084116_a10592cd,2026-06-29 11:00:34,8257bbea24b0,22,0,19532.0,37632.0,51.90263605442177,19532.0,28224.0,69.20351473922902
CUSTOM_1_16_NO_PPL,Both λ=1.0 B=6,predict,8,1.0,6,-1.0,-1.0,1.0,1.0,6.0,,False,True,main,,,1.4097623454602781,0.0371,28069.0,9947.0,73.83,17123.0,28224.0,60.67,17123.0,28224.0,60.668225623582764,23245.0,37632.0,61.76923894557823,17123.0,28224.0,60.668225623582764,23245.0,28224.0,82.35898526077098,9947.0,11969.0,,,,7.234590709983574,20260629_084116_a10592cd,2026-06-29 11:05:21,8257bbea24b0,23,0,23245.0,37632.0,61.76923894557823,23245.0,28224.0,82.35898526077098
CUSTOM_1_16_NO_PPL,Prefetch Only B=8,predict,8,0.0,0,-1.0,-1.0,1.0,1.0,8.0,,False,True,main,,,0.9575762136893996,0.0177,23557.0,14459.0,61.97,3702.0,4704.0,78.7,3702.0,4704.0,78.69897959183673,23389.0,37632.0,62.15189200680272,3702.0,37632.0,9.837372448979592,23389.0,37632.0,62.15189200680272,14459.0,18062.0,,,,7.680437255926939,20260629_084116_a10592cd,2026-06-29 11:11:57,8257bbea24b0,24,0,23389.0,37632.0,62.15189200680272,23389.0,37632.0,62.15189200680272
CUSTOM_1_16_NO_PPL,Both λ=1.0 B=8,predict,8,1.0,6,-1.0,-1.0,1.0,1.0,8.0,,False,True,main,,,1.20397457431472,0.0242,29586.0,8430.0,77.83,20000.0,28224.0,70.86,20000.0,28224.0,70.86167800453515,29354.0,37632.0,78.00276360544218,20000.0,37632.0,53.14625850340136,29354.0,37632.0,78.00276360544218,8430.0,17222.0,,,,8.306914470606582,20260629_084116_a10592cd,2026-06-29 11:17:22,8257bbea24b0,25,0,29354.0,37632.0,78.00276360544218,29354.0,37632.0,78.00276360544218
CUSTOM_1_16_NO_PPL,Prefetch Only B=2,predict,8,0.0,0,-1.0,-1.0,2.0,2.0,2.0,,False,True,main,,,1.2734826324672892,0.0332,18981.0,19035.0,49.93,837.0,2352.0,35.59,837.0,2352.0,35.58673469387755,3318.0,18816.0,17.633928571428573,837.0,4704.0,17.793367346938776,3318.0,4704.0,70.53571428571429,19035.0,1456.0,,,,4.161062417646772,20260629_084116_a10592cd,2026-06-29 11:22:33,8257bbea24b0,26,0,4140.0,28052.0,14.758306003137031,4140.0,4704.0,88.01020408163265
CUSTOM_1_16_NO_PPL,Both λ=1.0 B=2,predict,8,1.0,6,-1.0,-1.0,2.0,2.0,2.0,,False,True,main,,,1.7426570636459102,0.0192,24831.0,13185.0,65.32,2952.0,14112.0,20.92,2952.0,14112.0,20.918367346938776,3649.0,18816.0,19.393069727891156,2952.0,4704.0,62.755102040816325,3649.0,4704.0,77.57227891156462,13185.0,1475.0,,,,4.242611186903138,20260629_084116_a10592cd,2026-06-29 11:26:38,8257bbea24b0,27,0,4360.0,25445.0,17.134997052466105,4360.0,4704.0,92.68707482993197
CUSTOM_1_16_NO_PPL,Prefetch Only B=4,predict,8,0.0,0,-1.0,-1.0,2.0,2.0,4.0,,False,True,main,,,1.2205313925996217,0.023,19393.0,18623.0,51.01,1243.0,2352.0,52.85,1243.0,2352.0,52.84863945578231,5936.0,18816.0,31.547619047619047,1243.0,9408.0,13.212159863945578,5936.0,9408.0,63.095238095238095,18623.0,3686.0,,,,4.9918893720023325,20260629_084116_a10592cd,2026-06-29 11:32:01,8257bbea24b0,28,0,7783.0,28052.0,27.744902324254955,7783.0,9408.0,82.72746598639456
CUSTOM_1_16_NO_PPL,Both λ=1.0 B=4,predict,8,1.0,6,-1.0,-1.0,2.0,2.0,4.0,,False,True,main,,,1.8517339663842802,0.1856,29830.0,8186.0,78.47,5452.0,14112.0,38.63,5452.0,14112.0,38.63378684807256,6865.0,18816.0,36.48490646258504,5452.0,9408.0,57.95068027210884,6865.0,9408.0,72.96981292517007,8186.0,2822.0,,,,5.577945130813952,20260629_084116_a10592cd,2026-06-29 11:35:57,8257bbea24b0,29,0,7724.0,22327.0,34.59488511667488,7724.0,9408.0,82.10034013605443
CUSTOM_1_16_NO_PPL,Prefetch Only B=6,predict,8,0.0,0,-1.0,-1.0,2.0,2.0,6.0,,False,True,main,,,1.1408943026142173,0.0137,19915.0,18101.0,52.39,1437.0,2352.0,61.1,1437.0,2352.0,61.0969387755102,8054.0,18816.0,42.80399659863946,1437.0,14112.0,10.1828231292517,8054.0,14112.0,57.071995464852606,18101.0,6525.0,,,,5.6852769430683034,20260629_084116_a10592cd,2026-06-29 11:41:37,8257bbea24b0,30,0,10893.0,28052.0,38.83145586767432,10893.0,14112.0,77.18962585034014
CUSTOM_1_16_NO_PPL,Both λ=1.0 B=6,predict,8,1.0,6,-1.0,-1.0,2.0,2.0,6.0,,False,True,main,,,1.5233183969244741,0.024,25465.0,12551.0,66.98,6431.0,14112.0,45.57,6431.0,14112.0,45.57114512471655,8991.0,18816.0,47.78380102040816,6431.0,14112.0,45.57114512471655,8991.0,14112.0,63.71173469387755,12551.0,6324.0,,,,5.928962119205299,20260629_084116_a10592cd,2026-06-29 11:46:09,8257bbea24b0,31,0,11695.0,25324.0,46.18148791660085,11695.0,14112.0,82.87273242630386
CUSTOM_1_16_NO_PPL,Prefetch Only B=8,predict,8,0.0,0,-1.0,-1.0,2.0,2.0,8.0,,False,True,main,,,0.8957599955920035,0.1372,20605.0,17411.0,54.2,1604.0,2352.0,68.2,1604.0,2352.0,68.19727891156462,9717.0,18816.0,51.642219387755105,1604.0,18816.0,8.524659863945578,9717.0,18816.0,51.642219387755105,17411.0,9784.0,,,,10.007350615922045,20260629_084116_a10592cd,2026-06-29 11:53:01,8257bbea24b0,32,0,13460.0,28052.0,47.98231855126194,13460.0,18816.0,71.53486394557824
CUSTOM_1_16_NO_PPL,Both λ=1.0 B=8,predict,8,1.0,6,-1.0,-1.0,2.0,2.0,8.0,,False,True,main,,,1.3938991806177023,0.0049,26870.0,11146.0,70.68,7945.0,14112.0,56.3,7945.0,14112.0,56.29960317460318,11358.0,18816.0,60.36352040816327,7945.0,18816.0,42.22470238095238,11358.0,18816.0,60.36352040816327,11146.0,9149.0,,,,6.641361419068736,20260629_084116_a10592cd,2026-06-29 11:57:52,8257bbea24b0,33,0,15115.0,24959.0,60.559317280339755,15115.0,18816.0,80.33056972789116
CUSTOM_1_16_NO_PPL,Prefetch Only B=2,predict,8,0.0,0,-1.0,-1.0,3.0,3.0,2.0,,False,True,main,,,1.2714742509837589,0.041,18922.0,19094.0,49.77,438.0,1536.0,28.52,438.0,1536.0,28.515625,1796.0,12288.0,14.615885416666666,438.0,3072.0,14.2578125,1796.0,3072.0,58.463541666666664,19094.0,1095.0,,,,3.9279191639011355,20260629_084116_a10592cd,2026-06-29 12:03:04,8257bbea24b0,34,0,2756.0,23506.0,11.7246660427125,2756.0,3072.0,89.71354166666667
CUSTOM_1_16_NO_PPL,Both λ=1.0 B=2,predict,8,1.0,6,-1.0,-1.0,3.0,3.0,2.0,,False,True,main,,,1.7193928835222625,0.037,24724.0,13292.0,65.04,1587.0,9216.0,17.22,1587.0,9216.0,17.220052083333332,2025.0,12288.0,16.4794921875,1587.0,3072.0,51.66015625,2025.0,3072.0,65.91796875,13292.0,1053.0,,,,3.9234820494945977,20260629_084116_a10592cd,2026-06-29 12:07:11,8257bbea24b0,35,0,2866.0,20336.0,14.093233674272227,2866.0,3072.0,93.29427083333333
CUSTOM_1_16_NO_PPL,Prefetch Only B=4,predict,8,0.0,0,-1.0,-1.0,3.0,3.0,4.0,,False,True,main,,,1.228105489250051,0.0319,19141.0,18875.0,50.35,650.0,1536.0,42.32,650.0,1536.0,42.317708333333336,3234.0,12288.0,26.318359375,650.0,6144.0,10.579427083333334,3234.0,6144.0,52.63671875,18875.0,2611.0,,,,4.527006888206274,20260629_084116_a10592cd,2026-06-29 12:12:32,8257bbea24b0,36,0,5267.0,23506.0,22.407045009784735,5267.0,6144.0,85.72591145833333
CUSTOM_1_16_NO_PPL,Both λ=1.0 B=4,predict,8,1.0,6,-1.0,-1.0,3.0,3.0,4.0,,False,True,main,,,1.7606044317332241,0.1092,27767.0,10249.0,73.04,2765.0,9216.0,30.0,2765.0,9216.0,30.00217013888889,3682.0,12288.0,29.964192708333332,2765.0,6144.0,45.003255208333336,3682.0,6144.0,59.928385416666664,10249.0,2533.0,,,,4.920361445783132,20260629_084116_a10592cd,2026-06-29 12:16:37,8257bbea24b0,37,0,5189.0,18345.0,28.285636413191604,5189.0,6144.0,84.45638020833333
CUSTOM_1_16_NO_PPL,Prefetch Only B=6,predict,8,0.0,0,-1.0,-1.0,3.0,3.0,6.0,,False,True,main,,,1.1653558418003789,0.0229,19392.0,18624.0,51.01,778.0,1536.0,50.65,778.0,1536.0,50.651041666666664,4328.0,12288.0,35.221354166666664,778.0,9216.0,8.441840277777779,4328.0,9216.0,46.96180555555556,18624.0,4551.0,,,,5.049474433656958,20260629_084116_a10592cd,2026-06-29 12:22:12,8257bbea24b0,38,0,7427.0,23506.0,31.59618820726623,7427.0,9216.0,80.58810763888889
CUSTOM_1_16_NO_PPL,Both λ=1.0 B=6,predict,8,1.0,6,-1.0,-1.0,3.0,3.0,6.0,,False,True,main,,,1.694237090038249,0.146,29122.0,8894.0,76.6,4146.0,9216.0,44.99,4146.0,9216.0,44.986979166666664,5552.0,12288.0,45.182291666666664,4146.0,9216.0,44.986979166666664,5552.0,9216.0,60.24305555555556,8894.0,3775.0,,,,5.762742126450393,20260629_084116_a10592cd,2026-06-29 12:26:24,8257bbea24b0,39,0,7417.0,17196.0,43.13212374970924,7417.0,9216.0,80.47960069444444
CUSTOM_1_16_NO_PPL,Prefetch Only B=8,predict,8,0.0,0,-1.0,-1.0,3.0,3.0,8.0,,False,True,main,,,0.9297180186268004,0.1601,19790.0,18226.0,52.06,882.0,1536.0,57.42,882.0,1536.0,57.421875,5282.0,12288.0,42.985026041666664,882.0,12288.0,7.177734375,5282.0,12288.0,42.985026041666664,18226.0,6728.0,,,,5.506538430712513,20260629_084116_a10592cd,2026-06-29 12:33:05,8257bbea24b0,40,0,9362.0,23506.0,39.8281289883434,9362.0,12288.0,76.18815104166667
CUSTOM_1_16_NO_PPL,Both λ=1.0 B=8,predict,8,1.0,6,-1.0,-1.0,3.0,3.0,8.0,,False,True,main,,,1.523387317631736,0.0606,27677.0,10339.0,72.8,4602.0,9216.0,49.93,4602.0,9216.0,49.934895833333336,6561.0,12288.0,53.3935546875,4602.0,12288.0,37.451171875,6561.0,12288.0,53.3935546875,10339.0,5976.0,,,,6.16941403616304,20260629_084116_a10592cd,2026-06-29 12:37:37,8257bbea24b0,41,0,9860.0,18450.0,53.44173441734417,9860.0,12288.0,80.24088541666667
CUSTOM_1_16_NO_PPL,Prefetch Only B=2,predict,8,0.0,0,-1.0,-1.0,4.0,4.0,2.0,,False,True,main,,,1.264829463508816,0.0335,18577.0,19439.0,48.87,292.0,1152.0,25.35,292.0,1152.0,25.34722222222222,1192.0,9216.0,12.934027777777779,292.0,2304.0,12.67361111111111,1192.0,2304.0,51.736111111111114,19439.0,947.0,,,,3.852279505543019,20260629_084116_a10592cd,2026-06-29 12:42:52,8257bbea24b0,42,0,2110.0,21677.0,9.733819255432024,2110.0,2304.0,91.57986111111111
CUSTOM_1_16_NO_PPL,Both λ=1.0 B=2,predict,8,1.0,6,-1.0,-1.0,4.0,4.0,2.0,,False,True,main,,,1.8139522020947165,0.1138,26970.0,11046.0,70.94,1015.0,6912.0,14.68,1015.0,6912.0,14.684606481481481,1328.0,9216.0,14.409722222222221,1015.0,2304.0,44.05381944444444,1328.0,2304.0,57.638888888888886,11046.0,905.0,,,,3.9151778093883363,20260629_084116_a10592cd,2026-06-29 12:46:51,8257bbea24b0,43,0,2021.0,16674.0,12.120666906561112,2021.0,2304.0,87.71701388888889
CUSTOM_1_16_NO_PPL,Prefetch Only B=4,predict,8,0.0,0,-1.0,-1.0,4.0,4.0,4.0,,False,True,main,,,1.2237584943078494,0.0226,18480.0,19536.0,48.61,458.0,1152.0,39.76,458.0,1152.0,39.75694444444444,2160.0,9216.0,23.4375,458.0,4608.0,9.93923611111111,2160.0,4608.0,46.875,19536.0,2129.0,,,,4.291422109393029,20260629_084116_a10592cd,2026-06-29 12:52:12,8257bbea24b0,44,0,4083.0,21677.0,18.835632236933154,4083.0,4608.0,88.60677083333333
CUSTOM_1_16_NO_PPL,Both λ=1.0 B=4,predict,8,1.0,6,-1.0,-1.0,4.0,4.0,4.0,,False,True,main,,,1.6520524071096654,0.0028,24291.0,13725.0,63.9,1801.0,6912.0,26.06,1801.0,6912.0,26.05613425925926,2383.0,9216.0,25.85720486111111,1801.0,4608.0,39.084201388888886,2383.0,4608.0,51.71440972222222,13725.0,2155.0,,,,4.4267953400503774,20260629_084116_a10592cd,2026-06-29 12:56:28,8257bbea24b0,45,0,4136.0,18400.0,22.47826086956522,4136.0,4608.0,89.75694444444444
CUSTOM_1_16_NO_PPL,Prefetch Only B=6,predict,8,0.0,0,-1.0,-1.0,4.0,4.0,6.0,,False,True,main,,,1.171185576335637,0.0125,18399.0,19617.0,48.4,563.0,1152.0,48.87,563.0,1152.0,48.87152777777778,2965.0,9216.0,32.17230902777778,563.0,6912.0,8.14525462962963,2965.0,6912.0,42.89641203703704,19617.0,3651.0,,,,4.6976508509541,20260629_084116_a10592cd,2026-06-29 13:02:01,8257bbea24b0,46,0,5786.0,21677.0,26.691885408497487,5786.0,6912.0,83.70949074074075
CUSTOM_1_16_NO_PPL,Both λ=1.0 B=6,predict,8,1.0,6,-1.0,-1.0,4.0,4.0,6.0,,False,True,main,,,1.2686460148514151,0.2427,24882.0,13134.0,65.45,2638.0,6912.0,38.17,2638.0,6912.0,38.16550925925926,3514.0,9216.0,38.12934027777778,2638.0,6912.0,38.16550925925926,3514.0,6912.0,50.839120370370374,13134.0,3453.0,,,,4.884398625429554,20260629_084116_a10592cd,2026-06-29 13:07:12,8257bbea24b0,47,0,5986.0,17860.0,33.516237402015676,5986.0,6912.0,86.60300925925925
CUSTOM_1_16_NO_PPL,Prefetch Only B=8,predict,8,0.0,0,-1.0,-1.0,4.0,4.0,8.0,,False,True,main,,,0.9661842928305953,0.1396,18494.0,19522.0,48.65,620.0,1152.0,53.82,620.0,1152.0,53.81944444444444,3594.0,9216.0,38.997395833333336,620.0,9216.0,6.727430555555555,3594.0,9216.0,38.997395833333336,19522.0,5362.0,,,,7.708941890371323,20260629_084116_a10592cd,2026-06-29 13:13:45,8257bbea24b0,48,0,7321.0,21677.0,33.773123587212254,7321.0,9216.0,79.43793402777777
CUSTOM_1_16_NO_PPL,Both λ=1.0 B=8,predict,8,1.0,6,-1.0,-1.0,4.0,4.0,8.0,,False,True,main,,,1.6412856955602966,0.1573,29624.0,8392.0,77.93,3617.0,6912.0,52.33,3617.0,6912.0,52.329282407407405,4908.0,9216.0,53.255208333333336,3617.0,9216.0,39.24696180555556,4908.0,9216.0,53.255208333333336,8392.0,4378.0,,,,6.29543852779953,20260629_084116_a10592cd,2026-06-29 13:18:03,8257bbea24b0,49,0,6967.0,13696.0,50.86886682242991,6967.0,9216.0,75.59678819444444
CUSTOM_1_16_NO_PPL,Prefetch Only B=2,predict,8,0.0,0,-1.0,-1.0,6.0,6.0,2.0,,False,True,main,,,1.2681556160252088,0.0439,18749.0,19267.0,49.32,174.0,768.0,22.66,174.0,768.0,22.65625,745.0,6144.0,12.125651041666666,174.0,1536.0,11.328125,745.0,1536.0,48.502604166666664,19267.0,740.0,,,,3.7314404958264604,20260629_084116_a10592cd,2026-06-29 13:23:17,8257bbea24b0,50,0,1394.0,17683.0,7.883277724368037,1394.0,1536.0,90.75520833333333
CUSTOM_1_16_NO_PPL,Both λ=1.0 B=2,predict,8,1.0,6,-1.0,-1.0,6.0,6.0,2.0,,False,True,main,,,1.1316756657135676,0.3804,24015.0,14001.0,63.17,586.0,4608.0,12.72,586.0,4608.0,12.71701388888889,757.0,6144.0,12.320963541666666,586.0,1536.0,38.151041666666664,757.0,1536.0,49.283854166666664,14001.0,760.0,,,,3.7944454982724745,20260629_084116_a10592cd,2026-06-29 13:28:54,8257bbea24b0,51,0,1388.0,15468.0,8.973364365140936,1388.0,1536.0,90.36458333333333
CUSTOM_1_16_NO_PPL,Prefetch Only B=4,predict,8,0.0,0,-1.0,-1.0,6.0,6.0,4.0,,False,True,main,,,1.0436779860615397,0.1457,18817.0,19199.0,49.5,284.0,768.0,36.98,284.0,768.0,36.979166666666664,1387.0,6144.0,22.574869791666668,284.0,3072.0,9.244791666666666,1387.0,3072.0,45.149739583333336,19199.0,1615.0,,,,6.831442298452968,20260629_084116_a10592cd,2026-06-29 13:34:58,8257bbea24b0,52,0,2701.0,17683.0,15.27455748458972,2701.0,3072.0,87.92317708333333
CUSTOM_1_16_NO_PPL,Both λ=1.0 B=4,predict,8,1.0,6,-1.0,-1.0,6.0,6.0,4.0,,False,True,main,,,1.6782239168415538,0.0121,24375.0,13641.0,64.12,1134.0,4608.0,24.61,1134.0,4608.0,24.609375,1466.0,6144.0,23.860677083333332,1134.0,3072.0,36.9140625,1466.0,3072.0,47.721354166666664,13641.0,1636.0,,,,4.1548465012764275,20260629_084116_a10592cd,2026-06-29 13:39:11,8257bbea24b0,53,0,2706.0,14922.0,18.13429835142742,2706.0,3072.0,88.0859375
CUSTOM_1_16_NO_PPL,Prefetch Only B=6,predict,8,0.0,0,-1.0,-1.0,6.0,6.0,6.0,,False,True,main,,,1.200335626092255,0.0306,18951.0,19065.0,49.85,345.0,768.0,44.92,345.0,768.0,44.921875,1903.0,6144.0,30.973307291666668,345.0,4608.0,7.486979166666667,1903.0,4608.0,41.29774305555556,19065.0,2659.0,,,,4.355232461793409,20260629_084116_a10592cd,2026-06-29 13:44:38,8257bbea24b0,54,0,3925.0,17683.0,22.19645987671775,3925.0,4608.0,85.17795138888889
CUSTOM_1_16_NO_PPL,Both λ=1.0 B=6,predict,8,1.0,6,-1.0,-1.0,6.0,6.0,6.0,,False,True,main,,,1.298396276108546,0.2341,24239.0,13777.0,63.76,1635.0,4608.0,35.48,1635.0,4608.0,35.481770833333336,2115.0,6144.0,34.423828125,1635.0,4608.0,35.481770833333336,2115.0,4608.0,45.8984375,13777.0,2574.0,,,,8.379693596721912,20260629_084116_a10592cd,2026-06-29 13:49:44,8257bbea24b0,55,0,3868.0,14995.0,25.795265088362786,3868.0,4608.0,83.94097222222223
CUSTOM_1_16_NO_PPL,Prefetch Only B=8,predict,8,0.0,0,-1.0,-1.0,6.0,6.0,8.0,,False,True,main,,,0.9823885620653896,0.1652,19068.0,18948.0,50.16,394.0,768.0,51.3,394.0,768.0,51.302083333333336,2351.0,6144.0,38.264973958333336,394.0,6144.0,6.412760416666667,2351.0,6144.0,38.264973958333336,18948.0,3835.0,,,,4.637895360575868,20260629_084116_a10592cd,2026-06-29 13:56:07,8257bbea24b0,56,0,5043.0,17683.0,28.518916473449075,5043.0,6144.0,82.080078125
CUSTOM_1_16_NO_PPL,Both λ=1.0 B=8,predict,8,1.0,6,-1.0,-1.0,6.0,6.0,8.0,,False,True,main,,,1.6029905932220503,0.0701,26923.0,11093.0,70.82,1730.0,4608.0,37.54,1730.0,4608.0,37.54340277777778,2364.0,6144.0,38.4765625,1730.0,6144.0,28.157552083333332,2364.0,6144.0,38.4765625,11093.0,3623.0,,,,5.248295053003534,20260629_084116_a10592cd,2026-06-29 14:00:30,8257bbea24b0,57,0,4599.0,12919.0,35.5987305519003,4599.0,6144.0,74.853515625
CUSTOM_1_16_NO_PPL,Prefetch Only B=4,predict,16,0.0,0,-1.0,-1.0,1.0,1.0,4.0,,False,True,main,,,1.740294797623498,0.0074,26407.0,11609.0,69.46,2951.0,4704.0,62.73,2951.0,4704.0,62.73384353741496,14363.0,37632.0,38.16698554421769,2951.0,18816.0,15.68346088435374,14363.0,18816.0,76.33397108843538,11609.0,4245.0,,,,5.558089441150497,20260629_084116_a10592cd,2026-06-29 14:04:40,8257bbea24b0,58,0,14363.0,37632.0,38.16698554421769,14363.0,18816.0,76.33397108843538
CUSTOM_1_16_NO_PPL,Both λ=1.0 B=4,predict,16,1.0,6,-1.0,-1.0,1.0,1.0,4.0,,False,True,main,,,2.3127336653605046,0.034,30385.0,7631.0,79.93,13077.0,28224.0,46.33,13077.0,28224.0,46.33290816326531,15594.0,37632.0,41.43813775510204,13077.0,18816.0,69.49936224489795,15594.0,18816.0,82.87627551020408,7631.0,4577.0,,,,5.865451343381388,20260629_084116_a10592cd,2026-06-29 14:08:04,8257bbea24b0,59,0,15594.0,37632.0,41.43813775510204,15594.0,18816.0,82.87627551020408
CUSTOM_1_16_NO_PPL,Prefetch Only B=8,predict,16,0.0,0,-1.0,-1.0,1.0,1.0,8.0,,False,True,main,,,1.2115690627283917,0.2212,29019.0,8997.0,76.33,3702.0,4704.0,78.7,3702.0,4704.0,78.69897959183673,23389.0,37632.0,62.15189200680272,3702.0,37632.0,9.837372448979592,23389.0,37632.0,62.15189200680272,8997.0,10472.0,,,,7.391952848117518,20260629_084116_a10592cd,2026-06-29 14:13:30,8257bbea24b0,60,0,23389.0,37632.0,62.15189200680272,23389.0,37632.0,62.15189200680272
CUSTOM_1_16_NO_PPL,Both λ=1.0 B=8,predict,16,1.0,6,-1.0,-1.0,1.0,1.0,8.0,,False,True,main,,,1.838360110411628,0.0181,32609.0,5407.0,85.78,19586.0,28224.0,69.39,19586.0,28224.0,69.39484126984127,25843.0,37632.0,68.67293792517007,19586.0,37632.0,52.04613095238095,25843.0,37632.0,68.67293792517007,5407.0,10699.0,,,,8.609380355147147,20260629_084116_a10592cd,2026-06-29 14:17:31,8257bbea24b0,61,0,25843.0,37632.0,68.67293792517007,25843.0,37632.0,68.67293792517007
CUSTOM_1_16_NO_PPL,Prefetch Only B=12,predict,16,0.0,0,-1.0,-1.0,1.0,1.0,12.0,,False,True,main,,,0.8454600137496124,0.1379,30531.0,7485.0,80.31,4028.0,4704.0,85.63,4028.0,4704.0,85.62925170068027,28138.0,37632.0,74.77147108843538,4028.0,56448.0,7.13577097505669,28138.0,56448.0,49.84764739229025,7485.0,18486.0,,,,9.117476030957608,20260629_084116_a10592cd,2026-06-29 14:24:49,8257bbea24b0,62,0,28138.0,37632.0,74.77147108843538,28138.0,56448.0,49.84764739229025
CUSTOM_1_16_NO_PPL,Both λ=1.0 B=12,predict,16,1.0,6,-1.0,-1.0,1.0,1.0,12.0,,False,True,main,,,,,,,,,,,,,,,,,,,,,,,,,,,,,20260629_084116_a10592cd,2026-06-29 14:30:53,8257bbea24b0,63,0,,,,,,
CUSTOM_1_16_NO_PPL,Prefetch Only B=16,predict,16,0.0,0,-1.0,-1.0,1.0,1.0,16.0,,False,True,main,,,0.8048656872890468,0.0762,31075.0,6941.0,81.74,4200.0,4704.0,89.29,4200.0,4704.0,89.28571428571429,30818.0,37632.0,81.89306972789116,4200.0,75264.0,5.580357142857143,30818.0,75264.0,40.94653486394558,6941.0,28329.0,,,,11.444333711369438,20260629_084116_a10592cd,2026-06-29 14:38:55,8257bbea24b0,64,0,30818.0,37632.0,81.89306972789116,30818.0,75264.0,40.94653486394558
CUSTOM_1_16_NO_PPL,Both λ=1.0 B=16,predict,16,1.0,6,-1.0,-1.0,1.0,1.0,16.0,,False,True,main,,,0.8845226400786251,0.0215,33964.0,4052.0,89.34,24284.0,28224.0,86.04,24284.0,28224.0,86.04024943310658,33650.0,37632.0,89.41857993197279,24284.0,75264.0,32.26509353741496,33650.0,75264.0,44.70928996598639,4052.0,28736.0,,,,14.099228376235208,20260629_084116_a10592cd,2026-06-29 14:45:51,8257bbea24b0,65,0,33650.0,37632.0,89.41857993197279,33650.0,75264.0,44.70928996598639
CUSTOM_1_16_NO_PPL,Prefetch Only B=4,predict,16,0.0,0,-1.0,-1.0,2.0,2.0,4.0,,False,True,main,,,1.3857863273793667,0.2623,25295.0,12721.0,66.54,1243.0,2352.0,52.85,1243.0,2352.0,52.84863945578231,5936.0,18816.0,31.547619047619047,1243.0,9408.0,13.212159863945578,5936.0,9408.0,63.095238095238095,12721.0,2318.0,,,,4.666654032847928,20260629_084116_a10592cd,2026-06-29 14:50:45,8257bbea24b0,66,0,7783.0,28052.0,27.744902324254955,7783.0,9408.0,82.72746598639456
CUSTOM_1_16_NO_PPL,Both λ=1.0 B=4,predict,16,1.0,6,-1.0,-1.0,2.0,2.0,4.0,,False,True,main,,,1.7279123880864398,0.3453,29094.0,8922.0,76.53,4865.0,14112.0,34.47,4865.0,14112.0,34.47420634920635,6214.0,18816.0,33.02508503401361,4865.0,9408.0,51.711309523809526,6214.0,9408.0,66.05017006802721,8922.0,2269.0,,,,4.78787775891341,20260629_084116_a10592cd,2026-06-29 14:54:52,8257bbea24b0,67,0,8298.0,27078.0,30.64480389984489,8298.0,9408.0,88.2015306122449
