question,label,backend,cache_size,lambda_val,forced_top_n,prob_mass_threshold,forced_top_p,lookahead,predictor_stride,prefetch_budget,predictor_tag,mode_perplexity,mode_generate,bookend_pass,gen_perplexity,gen_perplexity_std,tokens_per_second,tokens_per_second_std,cache_hits,cache_misses,hit_rate_pct,pred_hits,pred_total,pred_hit_rate_pct,pred_hits_routed_forced_n,pred_total_routed_forced_n,pred_hit_rate_routed_forced_n_pct,pred_hits_routed_topk,pred_total_routed_topk,pred_hit_rate_routed_topk_pct,pred_requested_hits_forced_n,pred_requested_total_forced_n,pred_requested_rate_forced_n_pct,pred_requested_hits_topk,pred_requested_total_topk,pred_requested_rate_topk_pct,stall_loads,prefetch_loads,prefetch_hits_ready,prefetch_hits_wait,prefetch_ticks_skipped,avg_ms_per_expert_load,oracle_union_avg_size,oracle_union_size_sum,oracle_union_size_ticks,run_id,row_timestamp,prompt_hash,config_id,run_iter,pred_hits_window_recall,pred_total_window_recall,pred_window_recall_pct,pred_hits_window_precision,pred_total_window_precision,pred_window_precision_pct
ORACLE_RECALL_PRECISION_ABLATION,Neither (LRU),cached,32,0.0,0,-1.0,-1.0,1,1,,,False,True,main,,,3.748970174918736,,88256,25792,77.38666666666667,,,,,,,,,,,,,,,,25792,0,,,,2.30001805582337,,,,20260701_115742_31e43d98,2026-07-01 12:00:34,8257bbea24b0,0,0,,,,,,
ORACLE_RECALL_PRECISION_ABLATION,Oracle Top-B B=8,predict,32,0.0,0,-1.0,-1.0,1,1,8.0,,False,True,main,,,7.410071360340814,,114048,0,100.0,14112.0,14112.0,100.0,14112.0,14112.0,100.0,112896.0,112896.0,100.0,14112.0,112896.0,12.5,112896.0,112896.0,100.0,0,25194,21768.0,3324.0,0.0,12.701620568066842,8.0,226672.0,28334.0,20260701_115742_31e43d98,2026-07-01 12:02:50,8257bbea24b0,1,0,112896.0,112896.0,100.0,112896.0,112896.0,100.0
ORACLE_RECALL_PRECISION_ABLATION,Oracle Pad B=8,predict,32,0.0,0,-1.0,-1.0,1,1,8.0,,False,True,main,,,7.411225334903531,,114048,0,100.0,14112.0,14112.0,100.0,14112.0,14112.0,100.0,112896.0,112896.0,100.0,14112.0,112896.0,12.5,112896.0,112896.0,100.0,0,25193,21578.0,3514.0,0.0,12.702866633213432,8.0,226544.0,28318.0,20260701_115742_31e43d98,2026-07-01 12:05:07,8257bbea24b0,2,0,112896.0,112896.0,100.0,112896.0,112896.0,100.0
ORACLE_RECALL_PRECISION_ABLATION,Oracle Top-B B=16,predict,32,0.0,0,-1.0,-1.0,1,1,16.0,,False,True,main,,,7.51962249776846,,114048,0,100.0,14112.0,14112.0,100.0,14112.0,14112.0,100.0,112896.0,112896.0,100.0,14112.0,112896.0,12.5,112896.0,112896.0,100.0,0,24702,21229.0,3366.0,0.0,12.711339395318985,8.0,226736.0,28342.0,20260701_115742_31e43d98,2026-07-01 12:07:23,8257bbea24b0,3,0,112896.0,112896.0,100.0,112896.0,112896.0,100.0
ORACLE_RECALL_PRECISION_ABLATION,Oracle Pad B=16,predict,32,0.0,0,-1.0,-1.0,1,1,16.0,,False,True,main,,,5.9649981160054075,,113626,422,99.63,13863.0,13863.0,100.0,13863.0,13863.0,100.0,110904.0,110904.0,100.0,13863.0,221808.0,6.25,110904.0,221808.0,50.0,422,30670,25524.0,4124.0,147.0,12.539687785152465,8.0,224048.0,28006.0,20260701_115742_31e43d98,2026-07-01 12:09:51,8257bbea24b0,4,0,110904.0,110904.0,100.0,110904.0,221808.0,50.0
ORACLE_RECALL_PRECISION_ABLATION,Oracle Top-B B=24,predict,32,0.0,0,-1.0,-1.0,1,1,24.0,,False,True,main,,,7.538035443462239,,114048,0,100.0,14112.0,14112.0,100.0,14112.0,14112.0,100.0,112896.0,112896.0,100.0,14112.0,112896.0,12.5,112896.0,112896.0,100.0,0,24692,21155.0,3440.0,0.0,12.6857009890088,8.0,226496.0,28312.0,20260701_115742_31e43d98,2026-07-01 12:12:07,8257bbea24b0,5,0,112896.0,112896.0,100.0,112896.0,112896.0,100.0
ORACLE_RECALL_PRECISION_ABLATION,Oracle Pad B=24,predict,32,0.0,0,-1.0,-1.0,1,1,24.0,,False,True,main,,,4.740960627335924,,113580,468,99.58999999999999,13845.0,13845.0,100.0,13845.0,13845.0,100.0,110760.0,110760.0,100.0,13845.0,332280.0,4.166666666666667,110760.0,332280.0,33.333333333333336,468,38464,31117.0,5136.0,171.0,12.69156990660425,8.0,223680.0,27960.0,20260701_115742_31e43d98,2026-07-01 12:14:49,8257bbea24b0,6,0,110760.0,110760.0,100.0,110760.0,332280.0,33.333333333333336
ORACLE_RECALL_PRECISION_ABLATION,Oracle Top-B B=32,predict,32,0.0,0,-1.0,-1.0,1,1,32.0,,False,True,main,,,7.543240756274575,,114048,0,100.0,14112.0,14112.0,100.0,14112.0,14112.0,100.0,112896.0,112896.0,100.0,14112.0,112896.0,12.5,112896.0,112896.0,100.0,0,24687,21225.0,3370.0,0.0,12.6795117865435,8.0,226448.0,28306.0,20260701_115742_31e43d98,2026-07-01 12:17:05,8257bbea24b0,7,0,112896.0,112896.0,100.0,112896.0,112896.0,100.0
ORACLE_RECALL_PRECISION_ABLATION,Oracle Pad B=32,predict,32,0.0,0,-1.0,-1.0,1,1,32.0,,False,True,main,,,2.519144574399339,,112278,1770,98.44666666666667,13852.0,13852.0,100.0,13852.0,13852.0,100.0,110816.0,110816.0,100.0,13852.0,443264.0,3.125,110816.0,443264.0,25.0,1770,70824,43599.0,4613.0,168.0,13.501857908377557,8.0,223568.0,27946.0,20260701_115742_31e43d98,2026-07-01 12:20:46,8257bbea24b0,8,0,110816.0,110816.0,100.0,110816.0,443264.0,25.0
ORACLE_RECALL_PRECISION_ABLATION,Oracle Full Union LA=1,predict,32,0.0,0,-1.0,-1.0,1,1,32.0,,False,True,main,,,7.545214355562055,,114048,0,100.0,14112.0,14112.0,100.0,14112.0,14112.0,100.0,112896.0,112896.0,100.0,14112.0,112896.0,12.5,112896.0,112896.0,100.0,0,24703,21278.0,3317.0,0.0,12.671066562971168,8.0,226752.0,28344.0,20260701_115742_31e43d98,2026-07-01 12:23:02,8257bbea24b0,9,0,112896.0,112896.0,100.0,112896.0,112896.0,100.0
ORACLE_RECALL_PRECISION_ABLATION,Oracle Top-B B=8,predict,32,0.0,0,-1.0,-1.0,2,2,8.0,,False,True,main,,,4.803099351436253,,101394,12654,88.90666666666668,4403.0,7056.0,62.4,4403.0,7056.0,62.40079365079365,25985.0,56448.0,46.033517573696145,4403.0,56448.0,7.8000992063492065,25985.0,56448.0,46.033517573696145,12654,12595,12368.0,0.0,0.0,3.233293852465844,12.3325,177588.0,14400.0,20260701_115742_31e43d98,2026-07-01 12:25:40,8257bbea24b0,10,0,56448.0,86911.0,64.98410514842404,56448.0,56448.0,100.0
ORACLE_RECALL_PRECISION_ABLATION,Oracle Pad B=8,predict,32,0.0,0,-1.0,-1.0,2,2,8.0,,False,True,main,,,4.796400961109643,,101394,12654,88.90666666666668,4403.0,7056.0,62.4,4403.0,7056.0,62.40079365079365,25985.0,56448.0,46.033517573696145,4403.0,56448.0,7.8000992063492065,25985.0,56448.0,46.033517573696145,12654,12595,12368.0,0.0,0.0,3.2367259284063654,12.3325,177588.0,14400.0,20260701_115742_31e43d98,2026-07-01 12:28:18,8257bbea24b0,11,0,56448.0,86911.0,64.98410514842404,56448.0,56448.0,100.0
ORACLE_RECALL_PRECISION_ABLATION,Oracle Top-B B=16,predict,32,0.0,0,-1.0,-1.0,2,2,16.0,,False,True,main,,,7.444301772479764,,114048,0,100.0,7056.0,7056.0,100.0,7056.0,7056.0,100.0,56448.0,56448.0,100.0,7056.0,86911.0,8.123013143553004,56448.0,86911.0,64.98410514842404,0,23695,21086.0,2454.0,0.0,12.083004866429475,12.322803553800592,174762.0,14182.0,20260701_115742_31e43d98,2026-07-01 12:30:35,8257bbea24b0,12,0,86911.0,86911.0,100.0,86911.0,86911.0,100.0
ORACLE_RECALL_PRECISION_ABLATION,Oracle Pad B=16,predict,32,0.0,0,-1.0,-1.0,2,2,16.0,,False,True,main,,,6.259752902963257,,113848,200,99.82666666666667,7005.0,7005.0,100.0,7005.0,7005.0,100.0,56040.0,56040.0,100.0,7005.0,112080.0,6.25,56040.0,112080.0,50.0,200,28109,23423.0,2848.0,47.0,12.081522847820763,12.326988636363636,173564.0,14080.0,20260701_115742_31e43d98,2026-07-01 12:33:01,8257bbea24b0,13,0,86077.0,86077.0,100.0,86077.0,112080.0,76.79531034941182
ORACLE_RECALL_PRECISION_ABLATION,Oracle Top-B B=24,predict,32,0.0,0,-1.0,-1.0,2,2,24.0,,False,True,main,,,7.450862272470176,,114048,0,100.0,7056.0,7056.0,100.0,7056.0,7056.0,100.0,56448.0,56448.0,100.0,7056.0,86911.0,8.123013143553004,56448.0,86911.0,64.98410514842404,0,23609,20940.0,2509.0,0.0,12.110732236736991,12.323367649132704,174770.0,14182.0,20260701_115742_31e43d98,2026-07-01 12:35:19,8257bbea24b0,14,0,86911.0,86911.0,100.0,86911.0,86911.0,100.0
ORACLE_RECALL_PRECISION_ABLATION,Oracle Pad B=24,predict,32,0.0,0,-1.0,-1.0,2,2,24.0,,False,True,main,,,5.098507422146397,,113632,416,99.63333333333333,6924.0,6924.0,100.0,6924.0,6924.0,100.0,55392.0,55392.0,100.0,6924.0,166176.0,4.166666666666667,55392.0,166176.0,33.333333333333336,416,34393,27686.0,3524.0,80.0,12.03387667119562,12.329097658480869,172706.0,14008.0,20260701_115742_31e43d98,2026-07-01 12:37:57,8257bbea24b0,15,0,85267.0,85267.0,100.0,85267.0,166176.0,51.31524675601631
ORACLE_RECALL_PRECISION_ABLATION,Oracle Top-B B=32,predict,32,0.0,0,-1.0,-1.0,2,2,32.0,,False,True,main,,,7.431622075664635,,114048,0,100.0,7056.0,7056.0,100.0,7056.0,7056.0,100.0,56448.0,56448.0,100.0,7056.0,86911.0,8.123013143553004,56448.0,86911.0,64.98410514842404,0,23616,20936.0,2513.0,0.0,12.142011473389195,12.323653791936849,174848.0,14188.0,20260701_115742_31e43d98,2026-07-01 12:40:15,8257bbea24b0,16,0,86911.0,86911.0,100.0,86911.0,86911.0,100.0
ORACLE_RECALL_PRECISION_ABLATION,Oracle Pad B=32,predict,32,0.0,0,-1.0,-1.0,2,2,32.0,,False,True,main,,,3.995003561133378,,113640,408,99.63999999999999,6936.0,6936.0,100.0,6936.0,6936.0,100.0,55488.0,55488.0,100.0,6936.0,221952.0,3.125,55488.0,221952.0,25.0,408,44198,33835.0,4494.0,75.0,12.102314009481587,12.328958630527817,172852.0,14020.0,20260701_115742_31e43d98,2026-07-01 12:43:11,8257bbea24b0,17,0,85402.0,85402.0,100.0,85402.0,221952.0,38.480825037306346
ORACLE_RECALL_PRECISION_ABLATION,Oracle Full Union LA=2,predict,32,0.0,0,-1.0,-1.0,2,2,32.0,,False,True,main,,,7.432909767117267,,114048,0,100.0,7056.0,7056.0,100.0,7056.0,7056.0,100.0,56448.0,56448.0,100.0,7056.0,86911.0,8.123013143553004,56448.0,86911.0,64.98410514842404,0,23609,20961.0,2488.0,0.0,12.127055466759657,12.323367649132704,174770.0,14182.0,20260701_115742_31e43d98,2026-07-01 12:45:29,8257bbea24b0,18,0,86911.0,86911.0,100.0,86911.0,86911.0,100.0
ORACLE_RECALL_PRECISION_ABLATION,Oracle Top-B B=8,predict,32,0.0,0,-1.0,-1.0,3,3,8.0,,False,True,main,,,4.177699127510923,,97136,16912,85.17,3319.0,4608.0,72.02666666666666,3319.0,4608.0,72.02690972222221,20856.0,36864.0,56.575520833333336,3319.0,36864.0,9.003363715277777,20856.0,36864.0,56.575520833333336,16912,8195,8195.0,0.0,0.0,3.0052181585291624,15.830387205387206,150452.0,9504.0,20260701_115742_31e43d98,2026-07-01 12:48:16,8257bbea24b0,19,0,36864.0,72914.0,50.59277054878549,36864.0,36864.0,100.0
ORACLE_RECALL_PRECISION_ABLATION,Oracle Pad B=8,predict,32,0.0,0,-1.0,-1.0,3,3,8.0,,False,True,main,,,4.178151884479008,,97136,16912,85.17,3319.0,4608.0,72.02666666666666,3319.0,4608.0,72.02690972222221,20856.0,36864.0,56.575520833333336,3319.0,36864.0,9.003363715277777,20856.0,36864.0,56.575520833333336,16912,8195,8195.0,0.0,0.0,3.005248061395465,15.830387205387206,150452.0,9504.0,20260701_115742_31e43d98,2026-07-01 12:51:03,8257bbea24b0,20,0,36864.0,72914.0,50.59277054878549,36864.0,36864.0,100.0
ORACLE_RECALL_PRECISION_ABLATION,Oracle Top-B B=16,predict,32,0.0,0,-1.0,-1.0,3,3,16.0,,False,True,main,,,6.255847419488398,,111566,2482,97.82333333333334,4206.0,4608.0,91.27333333333333,4206.0,4608.0,91.27604166666667,32452.0,36864.0,88.03168402777777,4206.0,68502.0,6.143383590734177,32452.0,68502.0,47.4054402111253,2482,20932,20400.0,404.0,0.0,8.632792430748337,15.830387205387206,150452.0,9504.0,20260701_115742_31e43d98,2026-07-01 12:53:28,8257bbea24b0,21,0,68502.0,72914.0,93.97216486034169,68502.0,68502.0,100.0
ORACLE_RECALL_PRECISION_ABLATION,Oracle Pad B=16,predict,32,0.0,0,-1.0,-1.0,3,3,16.0,,False,True,main,,,5.829359267367235,,111500,2548,97.76333333333332,4206.0,4608.0,91.27333333333333,4206.0,4608.0,91.27604166666667,32452.0,36864.0,88.03168402777777,4206.0,73728.0,5.704752604166667,32452.0,73728.0,44.015842013888886,2548,23186,21345.0,456.0,0.0,8.922484521674564,15.830387205387206,150452.0,9504.0,20260701_115742_31e43d98,2026-07-01 12:55:57,8257bbea24b0,22,0,68456.0,72868.0,93.96888659847112,68456.0,73728.0,92.8493923611111
ORACLE_RECALL_PRECISION_ABLATION,Oracle Top-B B=24,predict,32,0.0,0,-1.0,-1.0,3,3,24.0,,False,True,main,,,6.932804711538805,,114048,0,100.0,4608.0,4608.0,100.0,4608.0,4608.0,100.0,36864.0,36864.0,100.0,4608.0,72914.0,6.324096318598186,36864.0,72914.0,50.59277054878549,0,22713,20301.0,2214.0,0.0,12.273286014553387,15.830387205387206,150452.0,9504.0,20260701_115742_31e43d98,2026-07-01 12:58:18,8257bbea24b0,23,0,72908.0,72908.0,100.0,72908.0,72914.0,99.99149153407642
ORACLE_RECALL_PRECISION_ABLATION,Oracle Pad B=24,predict,32,0.0,0,-1.0,-1.0,3,3,24.0,,False,True,main,,,5.248950990164405,,113652,396,99.64999999999999,4539.0,4539.0,100.0,4539.0,4539.0,100.0,36312.0,36312.0,100.0,4539.0,108936.0,4.166666666666667,36312.0,108936.0,33.333333333333336,396,30795,24357.0,2781.0,47.0,12.203430792621274,15.814240170031882,148812.0,9410.0,20260701_115742_31e43d98,2026-07-01 13:00:54,8257bbea24b0,24,0,71576.0,71576.0,100.0,71576.0,108936.0,65.71621639968924
ORACLE_RECALL_PRECISION_ABLATION,Oracle Top-B B=32,predict,32,0.0,0,-1.0,-1.0,3,3,32.0,,False,True,main,,,6.919316017765051,,114048,0,100.0,4608.0,4608.0,100.0,4608.0,4608.0,100.0,36864.0,36864.0,100.0,4608.0,72914.0,6.324096318598186,36864.0,72914.0,50.59277054878549,0,22694,20208.0,2288.0,0.0,12.271989987260204,15.830387205387206,150452.0,9504.0,20260701_115742_31e43d98,2026-07-01 13:03:14,8257bbea24b0,25,0,72914.0,72914.0,100.0,72914.0,72914.0,100.0
ORACLE_RECALL_PRECISION_ABLATION,Oracle Pad B=32,predict,32,0.0,0,-1.0,-1.0,3,3,32.0,,False,True,main,,,4.3555239968196,,113616,432,99.62333333333333,4542.0,4542.0,100.0,4542.0,4542.0,100.0,36336.0,36336.0,100.0,4542.0,145344.0,3.125,36336.0,145344.0,25.0,432,37956,29385.0,3398.0,45.0,12.193961195717014,15.814743998300404,148880.0,9414.0,20260701_115742_31e43d98,2026-07-01 13:06:04,8257bbea24b0,26,0,71628.0,71628.0,100.0,71628.0,145344.0,49.290586876712496
ORACLE_RECALL_PRECISION_ABLATION,Oracle Full Union LA=3,predict,32,0.0,0,-1.0,-1.0,3,3,32.0,,False,True,main,,,6.91228125954319,,114048,0,100.0,4608.0,4608.0,100.0,4608.0,4608.0,100.0,36864.0,36864.0,100.0,4608.0,72914.0,6.324096318598186,36864.0,72914.0,50.59277054878549,0,22694,20298.0,2198.0,0.0,12.283220695405872,15.830387205387206,150452.0,9504.0,20260701_115742_31e43d98,2026-07-01 13:08:24,8257bbea24b0,27,0,72914.0,72914.0,100.0,72914.0,72914.0,100.0
